{
"type": "FeatureCollection",
"name": "2022_Wuppertal_70m_gistar_urbanOnly_hotcold_dissolved_4326",
"crs": { "type": "name", "properties": { "name": "urn:ogc:def:crs:OGC:1.3:CRS84" } },
"features": [
{ "type": "Feature", "properties": { "spot": "coldspot" }, "geometry": { "type": "MultiPolygon", "coordinates": [ [ [ [ 7.043068091713993, 51.221890754252449 ], [ 7.044069878576138, 51.221907506725948 ], [ 7.045071666400613, 51.221924250628568 ], [ 7.04509832300511, 51.221295166333896 ], [ 7.045124978647812, 51.220666081961241 ], [ 7.045151633328767, 51.220036997510604 ], [ 7.045178287048018, 51.219407912981978 ], [ 7.045204939805611, 51.218778828375378 ], [ 7.045231591601594, 51.218149743690773 ], [ 7.044229885602214, 51.218133002032644 ], [ 7.043228180564891, 51.218116251804801 ], [ 7.043201501496378, 51.21874533574109 ], [ 7.043174821465271, 51.219374419599362 ], [ 7.043148140471525, 51.220003503379644 ], [ 7.042146395486688, 51.21998674345874 ], [ 7.042119699892586, 51.220615826786542 ], [ 7.042093003335262, 51.221244910036319 ], [ 7.043094775595932, 51.221261670706177 ], [ 7.043068091713993, 51.221890754252449 ] ] ], [ [ [ 7.055587589137803, 51.234060532625989 ], [ 7.055561063425145, 51.23468961946574 ], [ 7.056563135648292, 51.23470626795482 ], [ 7.057565208828293, 51.234722907868942 ], [ 7.058567282964654, 51.2347395392081 ], [ 7.058593767729813, 51.234110451252867 ], [ 7.058620251539149, 51.233481363219802 ], [ 7.058646734392704, 51.23285227510889 ], [ 7.058673216290526, 51.232223186920123 ], [ 7.058699697232659, 51.231594098653517 ], [ 7.05872617721915, 51.230965010309063 ], [ 7.057724184970684, 51.230948381199553 ], [ 7.057697691337439, 51.231577469172429 ], [ 7.056695686398354, 51.231560831117328 ], [ 7.056669178161775, 51.23218991864055 ], [ 7.055667160532162, 51.232173271639496 ], [ 7.055640637691266, 51.232802358712874 ], [ 7.054638607371215, 51.232785702765469 ], [ 7.054612069925019, 51.233414789388782 ], [ 7.054585531521077, 51.234043875934205 ], [ 7.055587589137803, 51.234060532625989 ] ] ], [ [ [ 7.049362370071896, 51.238993138501641 ], [ 7.049335754781825, 51.239622222481771 ], [ 7.050337930462009, 51.239638925405806 ], [ 7.050311327864551, 51.240268009681259 ], [ 7.050284724306877, 51.240897093878772 ], [ 7.051286928254362, 51.240913788972584 ], [ 7.051260337390733, 51.241542873465242 ], [ 7.05123374556729, 51.242171957879997 ], [ 7.052235977783733, 51.242188645142839 ], [ 7.053238210959544, 51.242205323828507 ], [ 7.053211645486953, 51.242834408910973 ], [ 7.054213893277065, 51.24285107939199 ], [ 7.055216142025603, 51.242867741295605 ], [ 7.05518960290597, 51.243496827045078 ], [ 7.056191866268454, 51.243513480743438 ], [ 7.057194130588429, 51.243530125864162 ], [ 7.058196395865402, 51.243546762407263 ], [ 7.058222894016877, 51.242917675541889 ], [ 7.059225146594212, 51.242934303135733 ], [ 7.059251630133573, 51.242305215820949 ], [ 7.06025387001118, 51.242321834465912 ], [ 7.060280338939412, 51.241692746701922 ], [ 7.0612825661172, 51.241709356398381 ], [ 7.06228479424988, 51.241725957517694 ], [ 7.062311234913164, 51.241096868933731 ], [ 7.062337674622092, 51.240467780271949 ], [ 7.062364113376709, 51.23983869153237 ], [ 7.062390551177058, 51.239209602714979 ], [ 7.062416988023189, 51.238580513819784 ], [ 7.062443423915145, 51.237951424846777 ], [ 7.061441277703909, 51.237934825953189 ], [ 7.060439132447295, 51.237918218483607 ], [ 7.060465594688782, 51.237289130174823 ], [ 7.059463464039043, 51.237272514500553 ], [ 7.059436988145794, 51.237901602438036 ], [ 7.058434844799899, 51.237884977816513 ], [ 7.057432702410102, 51.237868344619024 ], [ 7.057459205606737, 51.237239257424726 ], [ 7.056457077825153, 51.237222616023203 ], [ 7.056430560976893, 51.237851702845632 ], [ 7.055428420500764, 51.237835052496322 ], [ 7.055454951000604, 51.237205966045963 ], [ 7.055481480542917, 51.236576879517727 ], [ 7.054479368326938, 51.236560221337044 ], [ 7.054452825133582, 51.237189307493033 ], [ 7.053450700224582, 51.237172640364427 ], [ 7.05244857627409, 51.237155964660161 ], [ 7.051446453282602, 51.237139280380262 ], [ 7.050444331250609, 51.237122587524738 ], [ 7.050417732493552, 51.237751672111905 ], [ 7.049415597770239, 51.237734970307578 ], [ 7.049388984401352, 51.238364054443579 ], [ 7.049362370071896, 51.238993138501641 ] ], [ [ 7.054346642779517, 51.23970565133812 ], [ 7.05437318980522, 51.239076565493669 ], [ 7.054399735872771, 51.238447479571356 ], [ 7.055401889043352, 51.238464138868814 ], [ 7.055375356628321, 51.239093225163415 ], [ 7.055348823255627, 51.239722311380142 ], [ 7.055322288925223, 51.240351397518992 ], [ 7.054320094795611, 51.240334737104668 ], [ 7.054346642779517, 51.23970565133812 ] ] ], [ [ [ 7.032191516389062, 51.241853270249869 ], [ 7.032218367645795, 51.241224192956643 ], [ 7.032245217933365, 51.240595115585307 ], [ 7.03124303231495, 51.240578257536626 ], [ 7.030240847666141, 51.240561390911559 ], [ 7.030213970071752, 51.241190467529272 ], [ 7.031216168373946, 51.241207334531239 ], [ 7.03118930346329, 51.241836411447736 ], [ 7.031162437582934, 51.242465488286101 ], [ 7.032164664163124, 51.242482347464971 ], [ 7.032191516389062, 51.241853270249869 ] ] ], [ [ [ 7.026070510949357, 51.244268288124175 ], [ 7.02506824922965, 51.244251376350142 ], [ 7.025041297532699, 51.244880450611305 ], [ 7.025014344862866, 51.245509524794301 ], [ 7.02601663389528, 51.245526437324187 ], [ 7.02701892390013, 51.245543341276289 ], [ 7.026991997571596, 51.246172416136794 ], [ 7.027994302205574, 51.246189311888621 ], [ 7.027967388562726, 51.246818387048542 ], [ 7.028969707825926, 51.246835274599718 ], [ 7.029972028060177, 51.246852153572632 ], [ 7.030974349264989, 51.246869023967278 ], [ 7.031001221934531, 51.246239947675761 ], [ 7.032003530451551, 51.246256809115295 ], [ 7.0330058399381, 51.246273661976716 ], [ 7.033032684322836, 51.245644584853665 ], [ 7.033059527738581, 51.245015507652525 ], [ 7.03205724556637, 51.244998655544315 ], [ 7.032084101669599, 51.244369578641653 ], [ 7.032110956803438, 51.243740501660881 ], [ 7.03110870291294, 51.243723641728486 ], [ 7.031135570732832, 51.24309456504637 ], [ 7.030133331467528, 51.243077696913588 ], [ 7.03010644999228, 51.243706773218761 ], [ 7.029104198041949, 51.243689896131727 ], [ 7.028101947062441, 51.243673010467383 ], [ 7.027099697054246, 51.243656116225786 ], [ 7.026097448017858, 51.243639213406901 ], [ 7.026070510949357, 51.244268288124175 ] ] ], [ [ [ 7.043028988019469, 51.246441718789995 ], [ 7.043002279247292, 51.247070799590631 ], [ 7.041999946434144, 51.247054032136781 ], [ 7.041973223038947, 51.247683112484687 ], [ 7.042975569510952, 51.247699880313256 ], [ 7.042948858810406, 51.248328960957885 ], [ 7.043951219906017, 51.248345720582272 ], [ 7.044953581965389, 51.248362471627729 ], [ 7.044926897620411, 51.248991552943252 ], [ 7.044900212312118, 51.2496206341808 ], [ 7.044873526040465, 51.250249715340367 ], [ 7.045875930044526, 51.250266458929396 ], [ 7.045849256470923, 51.250895540385173 ], [ 7.0468516750994, 51.250912275768677 ], [ 7.0468783350115, 51.250283193938891 ], [ 7.046904993961178, 51.249654112031145 ], [ 7.046931651948479, 51.249025030045452 ], [ 7.045929274303033, 51.249008295783938 ], [ 7.045955944988031, 51.248379214094236 ], [ 7.04695830897345, 51.248395947981791 ], [ 7.046984965036135, 51.24776686584017 ], [ 7.047987316324259, 51.247783590774958 ], [ 7.048013957765618, 51.24715450818163 ], [ 7.048040598245275, 51.24652542551032 ], [ 7.048067237763278, 51.245896342761078 ], [ 7.048093876319669, 51.245267259933883 ], [ 7.047091579664943, 51.245250536494069 ], [ 7.04706492745094, 51.245879618947541 ], [ 7.046062618100703, 51.24586288655577 ], [ 7.045060309713062, 51.245846145585809 ], [ 7.044058002288507, 51.245829396037664 ], [ 7.044031308138365, 51.246458477290808 ], [ 7.043028988019469, 51.246441718789995 ] ] ], [ [ [ 7.057008521136921, 51.247933729139191 ], [ 7.058010882020364, 51.24795036828499 ], [ 7.058037386868335, 51.247321281964581 ], [ 7.058063890759529, 51.246692195566311 ], [ 7.058090393693989, 51.246063109090194 ], [ 7.057088073787701, 51.246046471059906 ], [ 7.057061557194682, 51.246675557164195 ], [ 7.057035039644436, 51.247304643190631 ], [ 7.057008521136921, 51.247933729139191 ] ] ], [ [ [ 7.034930004800005, 51.248194575123698 ], [ 7.034903183857747, 51.248823652687058 ], [ 7.035905550885065, 51.248840481318247 ], [ 7.03690791888013, 51.248857301370478 ], [ 7.036934712503301, 51.24822822305515 ], [ 7.036961505159264, 51.247599144661763 ], [ 7.035959164482843, 51.2475823253613 ], [ 7.034956824774074, 51.247565497482256 ], [ 7.034930004800005, 51.248194575123698 ] ] ], [ [ [ 7.054791401128065, 51.252933103941402 ], [ 7.054817954622218, 51.252304019360146 ], [ 7.053815500982568, 51.25228735187023 ], [ 7.052813048302032, 51.252270675800041 ], [ 7.052786467481232, 51.252899759636101 ], [ 7.05378893382507, 51.252916436078976 ], [ 7.054791401128065, 51.252933103941402 ] ] ], [ [ [ 7.075996380490744, 51.22558453817355 ], [ 7.075970141029524, 51.226213633504713 ], [ 7.076972041240685, 51.226230105337457 ], [ 7.077973942398235, 51.226246568597539 ], [ 7.078000154573123, 51.225617472530459 ], [ 7.078026365802161, 51.224988376385731 ], [ 7.078052576085391, 51.224359280163348 ], [ 7.078078785422861, 51.223730183863324 ], [ 7.078104993814613, 51.223101087485631 ], [ 7.079106827706808, 51.223117540334805 ], [ 7.079133021512113, 51.222488443511857 ], [ 7.078131201260693, 51.222471991030289 ], [ 7.077129381954898, 51.222455529977211 ], [ 7.076127563595223, 51.222439060352613 ], [ 7.076101328867727, 51.223068156072152 ], [ 7.075099497814019, 51.22305167750789 ], [ 7.075073248498736, 51.223680772781549 ], [ 7.074071404751087, 51.223664285277238 ], [ 7.074045140847034, 51.224293380104804 ], [ 7.074018875995254, 51.224922474854687 ], [ 7.07502074702655, 51.224938963095816 ], [ 7.07499449486956, 51.225568058136417 ], [ 7.075996380490744, 51.22558453817355 ] ], [ [ 7.076048856572724, 51.224326347278186 ], [ 7.07705071585593, 51.224342818006818 ], [ 7.077024491930495, 51.22497191386136 ], [ 7.076022619005128, 51.22495544276471 ], [ 7.076048856572724, 51.224326347278186 ] ] ], [ [ [ 7.078320573836821, 51.241990408918817 ], [ 7.079322818127414, 51.242006864223683 ], [ 7.080325063364043, 51.242023310951041 ], [ 7.080351258233117, 51.241394215722181 ], [ 7.080377452156692, 51.240765120415695 ], [ 7.080403645134812, 51.240136025031575 ], [ 7.079401440863559, 51.24011957940678 ], [ 7.078399237538207, 51.240103125205074 ], [ 7.078373017250866, 51.240732219853967 ], [ 7.078346796017085, 51.24136131442522 ], [ 7.078320573836821, 51.241990408918817 ] ] ], [ [ [ 7.066240941375127, 51.243050456121701 ], [ 7.065238682116345, 51.243033888570714 ], [ 7.064236423810578, 51.243017312442134 ], [ 7.064210007596649, 51.243646401534122 ], [ 7.064183590429168, 51.244275490548318 ], [ 7.064157172308086, 51.244904579484739 ], [ 7.063154873985239, 51.244887993666644 ], [ 7.063128441252665, 51.245517082154606 ], [ 7.06310200756591, 51.246146170564764 ], [ 7.063075572924929, 51.246775258897152 ], [ 7.063049137329675, 51.247404347151715 ], [ 7.063022700780103, 51.24803343532848 ], [ 7.062996263276167, 51.248662523427456 ], [ 7.062969824817823, 51.249291611448633 ], [ 7.063972218755939, 51.24930819986151 ], [ 7.063998643553482, 51.248679111469627 ], [ 7.065001024784714, 51.2486956909325 ], [ 7.065027434967988, 51.248066602092308 ], [ 7.065053844197881, 51.24743751317434 ], [ 7.065080252474442, 51.246808424178582 ], [ 7.065106659797715, 51.246179335105055 ], [ 7.066108987343727, 51.246195904507339 ], [ 7.066082593679377, 51.246824993951172 ], [ 7.067084935837109, 51.246841555144997 ], [ 7.068087278947142, 51.246858107760019 ], [ 7.069089623008987, 51.246874651796219 ], [ 7.070091968022153, 51.246891187253603 ], [ 7.070118307050361, 51.246262096330504 ], [ 7.071120639355204, 51.246278622839682 ], [ 7.071146963773973, 51.24564953146956 ], [ 7.071173287242498, 51.245020440021705 ], [ 7.070170982254476, 51.245003914251164 ], [ 7.070197318430475, 51.244374823094887 ], [ 7.070223653655827, 51.243745731860891 ], [ 7.070249987930579, 51.243116640549161 ], [ 7.069247724864653, 51.243100107308798 ], [ 7.069274071844997, 51.242471016288825 ], [ 7.068271823386223, 51.242454474840443 ], [ 7.068298183071181, 51.241825384112367 ], [ 7.06729594921947, 51.241808834456357 ], [ 7.0662937163197, 51.241792276223066 ], [ 7.066267329323654, 51.242421366211275 ], [ 7.066240941375127, 51.243050456121701 ] ] ], [ [ [ 7.065924211682976, 51.25059952898097 ], [ 7.065950611064781, 51.249970440003764 ], [ 7.06494820155785, 51.249953868379556 ], [ 7.064921788514169, 51.250582956986406 ], [ 7.064895374516927, 51.251212045515487 ], [ 7.065897811348102, 51.251228617880415 ], [ 7.065924211682976, 51.25059952898097 ] ] ], [ [ [ 7.074893507339481, 51.252006475203693 ], [ 7.073891048284747, 51.251989979691842 ], [ 7.072888590179231, 51.251973475599534 ], [ 7.072914895825922, 51.25134438419061 ], [ 7.071912452333296, 51.2513278718869 ], [ 7.071938770693007, 51.250698780769277 ], [ 7.070936341813179, 51.25068226025455 ], [ 7.070910009790828, 51.251311351002947 ], [ 7.069907568199011, 51.251294821538785 ], [ 7.069881221562921, 51.251923911840045 ], [ 7.069854873975644, 51.252553002063564 ], [ 7.070857342894128, 51.252569532266563 ], [ 7.070831008019688, 51.253198622781795 ], [ 7.071833491553031, 51.253215144773449 ], [ 7.071807169392414, 51.25384423558021 ], [ 7.072809667540707, 51.253860749360129 ], [ 7.072835976036667, 51.253231658184298 ], [ 7.073838461470106, 51.25324816301432 ], [ 7.073812166638845, 51.253877254559015 ], [ 7.074814666686338, 51.253893751176882 ], [ 7.074840947852855, 51.253264659263493 ], [ 7.075843435184417, 51.253281146931812 ], [ 7.076845923464306, 51.253297626019254 ], [ 7.076819669627417, 51.253926718669419 ], [ 7.077822172520017, 51.25394318954406 ], [ 7.078824676360002, 51.253959651837597 ], [ 7.07982718114688, 51.253976105549988 ], [ 7.079853393988992, 51.25334701179608 ], [ 7.07987960588475, 51.252717917964539 ], [ 7.0799058168342, 51.252088824055363 ], [ 7.078903353040758, 51.252072371446104 ], [ 7.078929576707436, 51.251443277826993 ], [ 7.077927127524198, 51.251426817005061 ], [ 7.077953363907121, 51.250797723676179 ], [ 7.076950929333999, 51.250781254641979 ], [ 7.075948495708528, 51.250764777027626 ], [ 7.075922231999829, 51.251393869620181 ], [ 7.075895967342941, 51.252022962135065 ], [ 7.074893507339481, 51.252006475203693 ] ] ], [ [ [ 7.068509623124265, 51.260714624306353 ], [ 7.069512268762284, 51.260731167895877 ], [ 7.070514915352126, 51.260747702902357 ], [ 7.070541261638989, 51.260118613319776 ], [ 7.069538628719132, 51.260102078682863 ], [ 7.068535996751049, 51.260085535463084 ], [ 7.068509623124265, 51.260714624306353 ] ] ], [ [ [ 7.070330464704326, 51.265151327804205 ], [ 7.07030411080556, 51.265780416765026 ], [ 7.071306867724702, 51.265796946143688 ], [ 7.07128052654871, 51.266426035396222 ], [ 7.071254184421476, 51.267055124571044 ], [ 7.072256969641328, 51.267071646103624 ], [ 7.072230640238297, 51.26770073557001 ], [ 7.073233440084487, 51.267717248886633 ], [ 7.073207123406649, 51.268346338644434 ], [ 7.073180805778421, 51.268975428324524 ], [ 7.07418363392761, 51.268991933793743 ], [ 7.075186463026742, 51.269008430677289 ], [ 7.075160171802249, 51.26963752101738 ], [ 7.075133879628259, 51.270266611279794 ], [ 7.076136737031649, 51.270283100314778 ], [ 7.077139595384088, 51.270299580763691 ], [ 7.077113329616883, 51.270928671685375 ], [ 7.077087062901078, 51.271557762529397 ], [ 7.077060795236624, 51.272186853295764 ], [ 7.077034526623479, 51.27281594398449 ], [ 7.076031613555332, 51.272799462061997 ], [ 7.076005330313291, 51.273428552304658 ], [ 7.075979046121975, 51.274057642469621 ], [ 7.075952760981338, 51.274686732556944 ], [ 7.076955715091442, 51.274703215584708 ], [ 7.076929442683078, 51.275332305962799 ], [ 7.077932411423739, 51.275348780771388 ], [ 7.077906151748636, 51.275977871440105 ], [ 7.077879891125064, 51.276606962031174 ], [ 7.077853629552976, 51.277236052544588 ], [ 7.077827367032329, 51.27786514298036 ], [ 7.078830391453267, 51.277881610673653 ], [ 7.078804141668211, 51.278510701399895 ], [ 7.078777890934999, 51.279139792048511 ], [ 7.079780943673026, 51.279156251889219 ], [ 7.079754705676842, 51.279785342828127 ], [ 7.079728466732903, 51.280414433689415 ], [ 7.080731547789679, 51.280430885676807 ], [ 7.080705321584203, 51.281059976828239 ], [ 7.081708417274587, 51.281076420593962 ], [ 7.082711513911829, 51.281092855770261 ], [ 7.082737712744648, 51.280463763883866 ], [ 7.08276391063115, 51.279834671919872 ], [ 7.082790107571379, 51.27920557987828 ], [ 7.083793164097276, 51.279222005363543 ], [ 7.083766980842456, 51.279851097772308 ], [ 7.083740796641857, 51.280480190103489 ], [ 7.083714611495433, 51.281109282357079 ], [ 7.084717710024908, 51.281125700354416 ], [ 7.08469153761955, 51.281754792897431 ], [ 7.085694650781377, 51.28177120267209 ], [ 7.085720809499757, 51.28114210976225 ], [ 7.086723909919488, 51.281158510580561 ], [ 7.087727011283609, 51.281174902809333 ], [ 7.088730113591623, 51.281191286448539 ], [ 7.089733216843041, 51.281207661498172 ], [ 7.090736321037364, 51.281224027958203 ], [ 7.090762410377758, 51.280594933139632 ], [ 7.090788498775784, 51.279965838243513 ], [ 7.089785421954386, 51.279949472515185 ], [ 7.088782346075807, 51.279933098197631 ], [ 7.088808460902908, 51.279304003955865 ], [ 7.087805399653274, 51.279287621415342 ], [ 7.087831527222249, 51.278658527462241 ], [ 7.087857653847508, 51.278029433431634 ], [ 7.087883779529096, 51.277400339323442 ], [ 7.08790990426706, 51.276771245137724 ], [ 7.086906898698606, 51.276754855473726 ], [ 7.08693303617611, 51.276125761576814 ], [ 7.086959172709586, 51.275496667602347 ], [ 7.086985308299075, 51.274867573550331 ], [ 7.087011442944627, 51.27423847942076 ], [ 7.088014393783554, 51.274254867619369 ], [ 7.088040513804063, 51.273625773045914 ], [ 7.089043451905201, 51.273642152290961 ], [ 7.090046390949199, 51.273658522948715 ], [ 7.090072482664906, 51.273029427565682 ], [ 7.090098573438292, 51.272400332105114 ], [ 7.089095661755287, 51.272383962179198 ], [ 7.089121765266149, 51.271754867007026 ], [ 7.088118868205632, 51.271738488860294 ], [ 7.088144984452985, 51.27110939397668 ], [ 7.087142102014864, 51.271093007609551 ], [ 7.087168230997722, 51.270463913014652 ], [ 7.087194359036956, 51.269834818342197 ], [ 7.086191504899287, 51.269818424121503 ], [ 7.08621764567259, 51.269189329737934 ], [ 7.0852148061566, 51.269172927297809 ], [ 7.085240959662988, 51.268543833203296 ], [ 7.084238134768587, 51.268527422544118 ], [ 7.084264301007073, 51.267898328738838 ], [ 7.084290466300635, 51.267269234855974 ], [ 7.084316630649317, 51.266640140895525 ], [ 7.084342794053163, 51.266011046857507 ], [ 7.085345564244224, 51.266027456049528 ], [ 7.085371713028679, 51.265398361567151 ], [ 7.085397860868881, 51.26476926700721 ], [ 7.085424007764876, 51.264140172369686 ], [ 7.084421278596145, 51.264123764277919 ], [ 7.08341855037207, 51.264107347601843 ], [ 7.083392376128885, 51.26473644150569 ], [ 7.083366200940509, 51.265365535331938 ], [ 7.083340024806894, 51.265994629080595 ], [ 7.083313847727996, 51.266623722751667 ], [ 7.082311065752003, 51.266607296022734 ], [ 7.081308284721831, 51.26659086070876 ], [ 7.081282079346653, 51.267219953567718 ], [ 7.081255873025116, 51.267849046349042 ], [ 7.081229665757176, 51.268478139052768 ], [ 7.080226844645612, 51.268461694051098 ], [ 7.080253065589947, 51.267832601714957 ], [ 7.080279285587386, 51.267203509301176 ], [ 7.080305504637971, 51.266574416809775 ], [ 7.080331722741753, 51.265945324240754 ], [ 7.079328957279571, 51.265928872124512 ], [ 7.079355188110966, 51.265299779845584 ], [ 7.078352437270373, 51.265283319512456 ], [ 7.078326192764645, 51.265912411423464 ], [ 7.078299947311169, 51.266541503256832 ], [ 7.077297170069209, 51.26652503360291 ], [ 7.076294393775536, 51.266508555364041 ], [ 7.076320666578528, 51.265879464267087 ], [ 7.076346938432788, 51.265250373092478 ], [ 7.07534419043678, 51.265233887005678 ], [ 7.074341443389955, 51.26521739233435 ], [ 7.073338697292804, 51.265200889078521 ], [ 7.073365009219351, 51.264571798932266 ], [ 7.073391320195777, 51.263942708708299 ], [ 7.073417630222126, 51.26331361840667 ], [ 7.074420335299914, 51.263330120555949 ], [ 7.074446630704095, 51.262701029807772 ], [ 7.073443939298443, 51.262684528027329 ], [ 7.073470247424774, 51.262055437570304 ], [ 7.073496554601163, 51.261426347035581 ], [ 7.072493891488199, 51.261409837409431 ], [ 7.071491229325625, 51.261393319199968 ], [ 7.071464894807073, 51.262022408996501 ], [ 7.070462219924365, 51.262005881834355 ], [ 7.070435870783379, 51.262634971183772 ], [ 7.070409520690927, 51.263264060455462 ], [ 7.070383169646964, 51.263893149649427 ], [ 7.070356817651446, 51.264522238765686 ], [ 7.070330464704326, 51.265151327804205 ] ], [ [ 7.076981986550932, 51.274074125128955 ], [ 7.077008257061597, 51.273445034595547 ], [ 7.078011184758685, 51.273461508299398 ], [ 7.079014113404061, 51.273477973416178 ], [ 7.078987870254839, 51.274107064685857 ], [ 7.078961626157775, 51.274736155877903 ], [ 7.077958670150418, 51.27471969002503 ], [ 7.076955715091442, 51.274703215584708 ], [ 7.076981986550932, 51.274074125128955 ] ], [ [ 7.079964583113018, 51.274752613143313 ], [ 7.080967541015652, 51.274769061821225 ], [ 7.081970499865185, 51.274785501911623 ], [ 7.082973459661124, 51.274801933414508 ], [ 7.083976420402977, 51.274818356329824 ], [ 7.084979382090248, 51.274834770657584 ], [ 7.084953219136623, 51.275463863976356 ], [ 7.084927055238026, 51.27609295721755 ], [ 7.084900890394414, 51.276722050381174 ], [ 7.084874724605742, 51.277351143467222 ], [ 7.08387170818751, 51.277334727671757 ], [ 7.083845527769758, 51.277963820313268 ], [ 7.082842498613198, 51.277947395562322 ], [ 7.081839470402776, 51.277930962222854 ], [ 7.080836443138983, 51.277914520294921 ], [ 7.079833416822316, 51.277898069778516 ], [ 7.079859651975512, 51.277268978606728 ], [ 7.079885886181134, 51.276639887357319 ], [ 7.07991211943923, 51.276010796030263 ], [ 7.078909135119945, 51.275994338029115 ], [ 7.078935381112826, 51.275365246992322 ], [ 7.078961626157775, 51.274736155877903 ], [ 7.079964583113018, 51.274752613143313 ] ] ], [ [ [ 7.081005822789352, 51.225666809772179 ], [ 7.080979651544296, 51.226295906941687 ], [ 7.080953479354819, 51.226925004033568 ], [ 7.081955397936865, 51.226941433369959 ], [ 7.081981556482483, 51.226312335910983 ], [ 7.082007714084171, 51.225683238374387 ], [ 7.082033870741974, 51.225054140760172 ], [ 7.08103199309003, 51.225037712525058 ], [ 7.081005822789352, 51.225666809772179 ] ] ], [ [ [ 7.080089266987467, 51.24768516451752 ], [ 7.081091636092746, 51.247701605973909 ], [ 7.081117825813249, 51.247072511076261 ], [ 7.080115470368062, 51.247056069987309 ], [ 7.080089266987467, 51.24768516451752 ] ] ], [ [ [ 7.085894490484574, 51.252816455629571 ], [ 7.086896974555824, 51.252832848540777 ], [ 7.086923089856115, 51.252203752063039 ], [ 7.085920619449166, 51.252187359518196 ], [ 7.084918149985524, 51.252170958392661 ], [ 7.084892007356678, 51.252800054137488 ], [ 7.085894490484574, 51.252816455629571 ] ] ], [ [ [ 7.088614915665579, 51.259785672811539 ], [ 7.088641014000243, 51.2591565764546 ], [ 7.088667111392582, 51.258527480020128 ], [ 7.088693207842643, 51.257898383508092 ], [ 7.087690612553311, 51.257882004830513 ], [ 7.087716721729465, 51.257252908607008 ], [ 7.087742829962937, 51.256623812305953 ], [ 7.086740262952412, 51.256607425778419 ], [ 7.086766383910546, 51.255978329766045 ], [ 7.085763831510406, 51.255961935022881 ], [ 7.084761280053846, 51.255945531697876 ], [ 7.084735131761246, 51.256574626977212 ], [ 7.08470898252453, 51.257203722178964 ], [ 7.084682832343653, 51.257832817303139 ], [ 7.084656681218569, 51.258461912349752 ], [ 7.084630529149235, 51.259091007318752 ], [ 7.085633148946775, 51.259107412476929 ], [ 7.08560700960282, 51.259736507735013 ], [ 7.086609644013882, 51.259752904676873 ], [ 7.087612279368298, 51.259769293035717 ], [ 7.088614915665579, 51.259785672811539 ] ] ], [ [ [ 7.087403349385705, 51.264802058170631 ], [ 7.088406095059194, 51.264818440875523 ], [ 7.088379988241591, 51.265447536534587 ], [ 7.088353880481214, 51.266076632116103 ], [ 7.089356654446503, 51.266093006968397 ], [ 7.090359429354118, 51.266109373235722 ], [ 7.090385509764885, 51.265480276922403 ], [ 7.090411589233867, 51.264851180531558 ], [ 7.090437667761106, 51.264222084063192 ], [ 7.090463745346646, 51.263592987517306 ], [ 7.089461025135382, 51.263576622713153 ], [ 7.088458305866263, 51.263560249324783 ], [ 7.087455587539783, 51.263543867352226 ], [ 7.087429468934332, 51.264172962800195 ], [ 7.08642673787777, 51.264156571877109 ], [ 7.086400604655436, 51.264785666881195 ], [ 7.087403349385705, 51.264802058170631 ] ] ], [ [ [ 7.105128999163067, 51.224171411916394 ], [ 7.106130872045124, 51.224187633684615 ], [ 7.106105044693791, 51.22481674020618 ], [ 7.107106932150812, 51.224832953764256 ], [ 7.108108820539342, 51.224849158749691 ], [ 7.108083019543051, 51.225478265918262 ], [ 7.108057217615698, 51.226107373009491 ], [ 7.109059134222911, 51.226123570146086 ], [ 7.109084922506185, 51.225494462692943 ], [ 7.110086826399891, 51.225510650894755 ], [ 7.110112600108963, 51.224881543002546 ], [ 7.109110709858889, 51.224865355162457 ], [ 7.109136496281067, 51.224236247554629 ], [ 7.109162281772763, 51.223607139869436 ], [ 7.108160419738915, 51.223590944180451 ], [ 7.108186217942285, 51.222961836779803 ], [ 7.107184370481436, 51.222945632880609 ], [ 7.107210181395499, 51.222316525764661 ], [ 7.106208348507558, 51.222300313655651 ], [ 7.105206516551441, 51.222284092974789 ], [ 7.105232353816208, 51.221654986506152 ], [ 7.105258190148707, 51.221025879960131 ], [ 7.105284025548978, 51.220396773336709 ], [ 7.10428223544656, 51.220380545171857 ], [ 7.104256386406319, 51.221009651432659 ], [ 7.103254583596648, 51.220993414333741 ], [ 7.103228719983272, 51.221622520154355 ], [ 7.103202855436642, 51.222251625897549 ], [ 7.103176989956714, 51.222880731563343 ], [ 7.10417883368911, 51.2228969697507 ], [ 7.104152980917731, 51.223526075701919 ], [ 7.104127127213458, 51.224155181575746 ], [ 7.105128999163067, 51.224171411916394 ] ] ], [ [ [ 7.098832578650188, 51.230994040810174 ], [ 7.099834596026884, 51.231010318012963 ], [ 7.099860514586824, 51.230381214443469 ], [ 7.098858510857741, 51.230364937604385 ], [ 7.098832578650188, 51.230994040810174 ] ] ], [ [ [ 7.100707075753136, 51.234172105145085 ], [ 7.101709163246013, 51.234188367015847 ], [ 7.101735059183092, 51.233559263106557 ], [ 7.100732985340375, 51.233543001599195 ], [ 7.100707075753136, 51.234172105145085 ] ] ], [ [ [ 7.106642126069996, 51.236156864443764 ], [ 7.106616294655425, 51.236785969857621 ], [ 7.107618442355345, 51.236802181724634 ], [ 7.108620590987122, 51.236818385015333 ], [ 7.109622740550266, 51.236834579729724 ], [ 7.109648531007521, 51.23620547322961 ], [ 7.109674320533948, 51.235576366652147 ], [ 7.109700109129587, 51.234947259997348 ], [ 7.108698000522415, 51.234931066368596 ], [ 7.108723801838318, 51.234301959998326 ], [ 7.107721707813343, 51.234285758155906 ], [ 7.107695892846476, 51.234914864164125 ], [ 7.106693786102264, 51.234898653383929 ], [ 7.105691680290268, 51.234882434028009 ], [ 7.1056658370889, 51.235511539234167 ], [ 7.105639992954777, 51.236140644362948 ], [ 7.106642126069996, 51.236156864443764 ] ] ], [ [ [ 7.099721818104415, 51.258077982514408 ], [ 7.098719212477596, 51.258061698245022 ], [ 7.097716607788085, 51.258045405392977 ], [ 7.097690634359447, 51.258674505191003 ], [ 7.098693252718228, 51.258690798407201 ], [ 7.099695872014363, 51.258707083040541 ], [ 7.099721818104415, 51.258077982514408 ] ] ], [ [ [ 7.094422588880174, 51.264916556828112 ], [ 7.094396564108977, 51.26554565468021 ], [ 7.09539933004577, 51.265561977657512 ], [ 7.096402096921885, 51.265578292049909 ], [ 7.09740486473683, 51.265594597857387 ], [ 7.09840763349011, 51.265610895079931 ], [ 7.099410403181234, 51.26562718371752 ], [ 7.099384445845922, 51.266256283314469 ], [ 7.10038723014967, 51.266272563730965 ], [ 7.10139001539032, 51.266288835562271 ], [ 7.101415945375039, 51.26565973523774 ], [ 7.101441874423394, 51.265030634835803 ], [ 7.10146780253543, 51.264401534356438 ], [ 7.100465058319258, 51.264385263616184 ], [ 7.100490999168858, 51.263756163423089 ], [ 7.099488269563246, 51.263739884462076 ], [ 7.098485540894853, 51.263723596916684 ], [ 7.09851150815429, 51.263094497374055 ], [ 7.098537474476061, 51.262465397753978 ], [ 7.09753477409131, 51.26244910235264 ], [ 7.097560753147689, 51.261820003019324 ], [ 7.097586731265999, 51.261190903608565 ], [ 7.096584059163233, 51.261174600352049 ], [ 7.096558067373232, 51.261803699398435 ], [ 7.096532074644671, 51.262432798367342 ], [ 7.095529376136639, 51.262416485798063 ], [ 7.095503368796841, 51.263045584324907 ], [ 7.094500657555321, 51.263029262806896 ], [ 7.093497947253438, 51.263012932704775 ], [ 7.093471911628384, 51.263642030424322 ], [ 7.093445875063155, 51.26427112806639 ], [ 7.0944486127116, 51.264287458898515 ], [ 7.094422588880174, 51.264916556828112 ] ], [ [ 7.098459572697708, 51.264352696381884 ], [ 7.097456831293318, 51.264336399887853 ], [ 7.097482813164169, 51.263707300786898 ], [ 7.098485540894853, 51.263723596916684 ], [ 7.098459572697708, 51.264352696381884 ] ] ], [ [ [ 7.101545581254065, 51.262514232453903 ], [ 7.101519655950721, 51.263143333165488 ], [ 7.102522373755894, 51.263159594594164 ], [ 7.10254828538634, 51.262530493519108 ], [ 7.101545581254065, 51.262514232453903 ] ] ], [ [ [ 7.1043207042435, 51.268224903324018 ], [ 7.10434659600692, 51.267595802141699 ], [ 7.105349412342719, 51.267612040357974 ], [ 7.105375289494637, 51.26698293873531 ], [ 7.105401165712074, 51.26635383703529 ], [ 7.105427040995075, 51.265724735257884 ], [ 7.104424265687244, 51.265708498130429 ], [ 7.1034214913143, 51.265692252417914 ], [ 7.103395588680351, 51.266321353469266 ], [ 7.103369685110979, 51.266950454443212 ], [ 7.102366884322106, 51.266934199419012 ], [ 7.102340966140872, 51.267563299952236 ], [ 7.102315047023636, 51.268192400408061 ], [ 7.103317875165791, 51.268208656158947 ], [ 7.103291968789883, 51.268837756900723 ], [ 7.104294811545019, 51.268854004428952 ], [ 7.1043207042435, 51.268224903324018 ] ] ], [ [ [ 7.09817386062753, 51.271272785387715 ], [ 7.097170968779836, 51.271256484886358 ], [ 7.096168077870881, 51.271240175798361 ], [ 7.096142071058542, 51.271869273605304 ], [ 7.096116063306928, 51.272498371334791 ], [ 7.096090054615993, 51.273127468986814 ], [ 7.097092986565163, 51.273143779168521 ], [ 7.097118981575534, 51.272514681151911 ], [ 7.098121900782965, 51.272530982381994 ], [ 7.099124820928733, 51.272547275025012 ], [ 7.099150787639999, 51.271918176202419 ], [ 7.100153695043402, 51.271934459894361 ], [ 7.101156603384106, 51.271950734999393 ], [ 7.101182541798107, 51.271321635371599 ], [ 7.102185437395821, 51.27133790152611 ], [ 7.10221136119375, 51.27070880145731 ], [ 7.102237284055451, 51.270079701311104 ], [ 7.10123441581586, 51.270063435883749 ], [ 7.101208479275344, 51.270692535666392 ], [ 7.100205598293659, 51.270676261288912 ], [ 7.099202718249187, 51.270659978324922 ], [ 7.098199839142422, 51.270643686774406 ], [ 7.09817386062753, 51.271272785387715 ] ] ], [ [ [ 7.100897167712205, 51.278241727019534 ], [ 7.100871218990846, 51.278870825795764 ], [ 7.100845269332186, 51.27949992449458 ], [ 7.101848342805794, 51.279516195376587 ], [ 7.102851417216255, 51.279532457669355 ], [ 7.102825493992726, 51.280161557017998 ], [ 7.103828583025849, 51.280177811084826 ], [ 7.104831672994879, 51.280194056562181 ], [ 7.104857568845755, 51.279564956487064 ], [ 7.104883463761261, 51.278935856334542 ], [ 7.10490935774144, 51.278306756104648 ], [ 7.103906308829975, 51.278290511716705 ], [ 7.102903260854285, 51.278274258739863 ], [ 7.102877339503427, 51.278903358243298 ], [ 7.101874278778733, 51.278887096314058 ], [ 7.101900213814864, 51.27825799717413 ], [ 7.100897167712205, 51.278241727019534 ] ] ], [ [ [ 7.097706086876341, 51.282596547184141 ], [ 7.096702948719953, 51.282580240122762 ], [ 7.09667693868227, 51.283209336900072 ], [ 7.096650927704999, 51.283838433599904 ], [ 7.096624915788097, 51.284467530222301 ], [ 7.09762809501148, 51.284483838377319 ], [ 7.097602095844887, 51.285112935286811 ], [ 7.097576095739067, 51.285742032118854 ], [ 7.097550094693974, 51.286371128873469 ], [ 7.097524092709564, 51.287000225550614 ], [ 7.097498089785794, 51.28762932215033 ], [ 7.096494842107544, 51.287613012172365 ], [ 7.096468824551913, 51.28824210833001 ], [ 7.097472085922616, 51.288258418672591 ], [ 7.097446081119987, 51.288887515117402 ], [ 7.098449357123136, 51.288903817232558 ], [ 7.098423365074498, 51.289532913964372 ], [ 7.098397372086815, 51.290162010618744 ], [ 7.09837137816004, 51.290791107195673 ], [ 7.098345383294128, 51.291420203695182 ], [ 7.098319387489038, 51.29204930011722 ], [ 7.09829339074472, 51.292678396461845 ], [ 7.098267393061135, 51.293307492729021 ], [ 7.098241394438233, 51.293936588918754 ], [ 7.098215394875972, 51.294565685031053 ], [ 7.098189394374306, 51.295194781065923 ], [ 7.099192808274001, 51.295211078232015 ], [ 7.09916682053136, 51.295840174553796 ], [ 7.100170249068524, 51.295856463490033 ], [ 7.101173678544195, 51.295872743832064 ], [ 7.102177108957878, 51.295889015579853 ], [ 7.102203055604836, 51.295259918166174 ], [ 7.10119963888976, 51.295243646782161 ], [ 7.101225598297359, 51.294614549654831 ], [ 7.101251556767035, 51.293985452450116 ], [ 7.101277514298833, 51.293356355167973 ], [ 7.100274139614442, 51.293340076281758 ], [ 7.100300109904992, 51.292710979286156 ], [ 7.100326079257263, 51.292081882213118 ], [ 7.101329426548978, 51.292098160371474 ], [ 7.101355381267414, 51.291469062857111 ], [ 7.100352047671294, 51.291452785062667 ], [ 7.100378015147134, 51.290823687834781 ], [ 7.100403981684825, 51.290194590529488 ], [ 7.100429947284413, 51.289565493146789 ], [ 7.099426655710179, 51.289549207851721 ], [ 7.099452634065284, 51.288920110755654 ], [ 7.099478611481882, 51.288291013582167 ], [ 7.099504587960016, 51.287661916331238 ], [ 7.098501338403449, 51.287645623536626 ], [ 7.098527327635215, 51.287016526572501 ], [ 7.099530563499732, 51.287032819002881 ], [ 7.100533800302623, 51.287049102841763 ], [ 7.100559761212364, 51.286420005071953 ], [ 7.100585721184268, 51.285790907224744 ], [ 7.100611680218383, 51.285161809300099 ], [ 7.1016148768857, 51.285178083455968 ], [ 7.101640821291904, 51.284548985090119 ], [ 7.102644005206263, 51.284565250291408 ], [ 7.102669934985544, 51.283936151484532 ], [ 7.102695863828155, 51.283307052600279 ], [ 7.101692707292732, 51.28329078812618 ], [ 7.101718648887445, 51.282661689528098 ], [ 7.100715506977824, 51.282645416827371 ], [ 7.100741461323653, 51.282016318515645 ], [ 7.10076741473196, 51.281387220126504 ], [ 7.100793367202788, 51.28075812165995 ], [ 7.100819318736181, 51.280129023115968 ], [ 7.099816232513747, 51.280112743280817 ], [ 7.099790267293687, 51.280741841460866 ], [ 7.098787168322516, 51.280725552672195 ], [ 7.098761188477418, 51.281354650410684 ], [ 7.098735207693853, 51.281983748071752 ], [ 7.098709225971779, 51.282612845655372 ], [ 7.097706086876341, 51.282596547184141 ] ] ], [ [ [ 7.119768362916048, 51.184747486552233 ], [ 7.119793967369215, 51.184118370751605 ], [ 7.119819570899133, 51.183489254873741 ], [ 7.118818572639828, 51.1834731593665 ], [ 7.117817575304218, 51.18345705529903 ], [ 7.117791944551159, 51.184086170457618 ], [ 7.116790934528229, 51.184070057470038 ], [ 7.116765289238947, 51.184699172191422 ], [ 7.1167396430249, 51.185328286835535 ], [ 7.11774068027231, 51.185344400542988 ], [ 7.118741718444037, 51.185360505689687 ], [ 7.119742757539589, 51.185376602275596 ], [ 7.119768362916048, 51.184747486552233 ] ] ], [ [ [ 7.116688347822347, 51.186586515891904 ], [ 7.116662698833751, 51.187215630304181 ], [ 7.117663776921555, 51.187231745091538 ], [ 7.118664855933808, 51.187247851317544 ], [ 7.118690477694451, 51.186618736185522 ], [ 7.117689412296197, 51.1866026303193 ], [ 7.117715046746433, 51.185973515469776 ], [ 7.116713995886048, 51.185957401402355 ], [ 7.116688347822347, 51.186586515891904 ] ] ], [ [ [ 7.120925850419501, 51.205540455127448 ], [ 7.121927328149013, 51.205556537523663 ], [ 7.121952922208913, 51.204927423193922 ], [ 7.12295438723325, 51.204943496664065 ], [ 7.123955853180321, 51.204959561567406 ], [ 7.12398141906105, 51.20433044644242 ], [ 7.124006984019584, 51.203701331240225 ], [ 7.124032548055961, 51.20307221596083 ], [ 7.124058111170228, 51.202443100604242 ], [ 7.12408367336243, 51.201813985170432 ], [ 7.123082275550428, 51.201797922061544 ], [ 7.123107850446147, 51.201168806909394 ], [ 7.122106467182156, 51.201152735593695 ], [ 7.121105084841126, 51.201136655712375 ], [ 7.120103703423547, 51.201120567265427 ], [ 7.120078087651466, 51.201749681339855 ], [ 7.1200524709554, 51.202378795337026 ], [ 7.120026853335304, 51.203007909256961 ], [ 7.120001234791134, 51.203637023099652 ], [ 7.119975615322848, 51.204266136865094 ], [ 7.119949994930399, 51.204895250553307 ], [ 7.1209514581078, 51.204911341157 ], [ 7.120925850419501, 51.205540455127448 ] ] ], [ [ [ 7.108981763789225, 51.228010892041439 ], [ 7.109007554864474, 51.227381784820338 ], [ 7.10800561096763, 51.227365586959877 ], [ 7.107979806246826, 51.227994693819021 ], [ 7.107954000594782, 51.228623800600829 ], [ 7.108955971783226, 51.228639999185198 ], [ 7.108981763789225, 51.228010892041439 ] ] ], [ [ [ 7.113476913516783, 51.240673918875153 ], [ 7.114479149655934, 51.24069007287352 ], [ 7.114504877421265, 51.240060965030537 ], [ 7.114530604257961, 51.239431857110276 ], [ 7.113528395429629, 51.239415703833892 ], [ 7.112526187530379, 51.23939954198034 ], [ 7.111523980560706, 51.239383371549643 ], [ 7.110521774521099, 51.239367192541792 ], [ 7.110495993064013, 51.239996299016958 ], [ 7.110470210676325, 51.240625405414796 ], [ 7.111472444026485, 51.240641585145781 ], [ 7.112474678306802, 51.240657756299242 ], [ 7.11244892230054, 51.241286863342722 ], [ 7.113451171166624, 51.241303026279844 ], [ 7.113476913516783, 51.240673918875153 ] ] ], [ [ [ 7.11892560116, 51.254611106850689 ], [ 7.119928143418643, 51.254627217302414 ], [ 7.119953809625278, 51.253998108996626 ], [ 7.118951281033386, 51.253981998904962 ], [ 7.11794875336864, 51.253965880231604 ], [ 7.117923059828544, 51.254594987817079 ], [ 7.11892560116, 51.254611106850689 ] ] ], [ [ [ 7.119722780400813, 51.25966008096831 ], [ 7.118720128790413, 51.259643967635732 ], [ 7.117717478107554, 51.259627845719741 ], [ 7.117743179070333, 51.258998738752304 ], [ 7.116740542986115, 51.258982608613437 ], [ 7.116766256691018, 51.25835350192925 ], [ 7.115763635205351, 51.258337363567911 ], [ 7.114761014648614, 51.258321216623585 ], [ 7.114735273603618, 51.258950322586166 ], [ 7.114709531629153, 51.259579428471461 ], [ 7.11571217952643, 51.259595576137592 ], [ 7.116714828352729, 51.259611715220352 ], [ 7.116689112790817, 51.26024082175001 ], [ 7.11769177621674, 51.260256952609929 ], [ 7.118694440570742, 51.260273074886264 ], [ 7.11969710585233, 51.260289188578973 ], [ 7.119722780400813, 51.25966008096831 ] ] ], [ [ [ 7.107561820072584, 51.262611670083743 ], [ 7.107535976807296, 51.263240772973205 ], [ 7.108538700219235, 51.263256982896003 ], [ 7.108564529811358, 51.262627879644242 ], [ 7.109567240482821, 51.262644080620547 ], [ 7.109541424563907, 51.263273184234443 ], [ 7.110544149840822, 51.26328937698846 ], [ 7.110518346663413, 51.26391848088695 ], [ 7.111521086545869, 51.263934665418304 ], [ 7.111546876049488, 51.263305561158084 ], [ 7.11254960318941, 51.263321736743258 ], [ 7.11257537808843, 51.262692632044185 ], [ 7.112601152056731, 51.262063527267792 ], [ 7.113603852781137, 51.26207969354585 ], [ 7.113629612146362, 51.261450588330817 ], [ 7.11365537058145, 51.260821483038505 ], [ 7.112652697201352, 51.260805317483111 ], [ 7.111650024751841, 51.260789143344034 ], [ 7.110647353233411, 51.260772960621281 ], [ 7.110621553782733, 51.26140206482907 ], [ 7.109618869524099, 51.261385873160776 ], [ 7.108616186197574, 51.261369672908664 ], [ 7.108642012991757, 51.260740569424868 ], [ 7.108667838853382, 51.260111465863723 ], [ 7.10766518380234, 51.26009525775234 ], [ 7.106662529684304, 51.260079041057573 ], [ 7.106636676480337, 51.260708143894 ], [ 7.105634009624698, 51.260691918253194 ], [ 7.105608141815589, 51.261321020649582 ], [ 7.106610822342827, 51.261337246653049 ], [ 7.106584967271728, 51.261966349334742 ], [ 7.107587662404689, 51.261982567116917 ], [ 7.107561820072584, 51.262611670083743 ] ] ], [ [ [ 7.116457630942607, 51.265902777039912 ], [ 7.116483354863249, 51.265273671205655 ], [ 7.115480582979715, 51.265257528876013 ], [ 7.115454845383582, 51.265886634349457 ], [ 7.115429106857987, 51.266515739745635 ], [ 7.116431906092996, 51.266531882796926 ], [ 7.117434706257018, 51.2665480172627 ], [ 7.117460417430601, 51.265918911145079 ], [ 7.116457630942607, 51.265902777039912 ] ] ], [ [ [ 7.104987034070467, 51.276419454950727 ], [ 7.105012924309788, 51.275790354411328 ], [ 7.104009930134835, 51.275774111475791 ], [ 7.103984026212127, 51.276403211652102 ], [ 7.103958121353777, 51.277032311751036 ], [ 7.104961142895999, 51.277048555412748 ], [ 7.104987034070467, 51.276419454950727 ] ] ], [ [ [ 7.115865724283029, 51.280372189902188 ], [ 7.116868825444466, 51.280388332304355 ], [ 7.117871927535393, 51.280404466116785 ], [ 7.118875030555321, 51.280420591339478 ], [ 7.118900734792649, 51.279791486200409 ], [ 7.117897645459692, 51.279775361338181 ], [ 7.116894557055689, 51.279759227886395 ], [ 7.115891469581135, 51.279743085845084 ], [ 7.115865724283029, 51.280372189902188 ] ] ], [ [ [ 7.105808880799921, 51.28083939381078 ], [ 7.105782996765551, 51.281468494094135 ], [ 7.106786115979275, 51.281484723118034 ], [ 7.106811986326219, 51.280855622471897 ], [ 7.105808880799921, 51.28083939381078 ] ] ], [ [ [ 7.111775923214575, 51.28219484176828 ], [ 7.11077278564506, 51.282178655332324 ], [ 7.110746968183131, 51.282807757273041 ], [ 7.110721149788571, 51.283436859136444 ], [ 7.110695330461335, 51.284065960922526 ], [ 7.111698509098233, 51.28408214844405 ], [ 7.111724314735847, 51.28345304629611 ], [ 7.112727480615304, 51.283469224865179 ], [ 7.112753271631564, 51.282840122278259 ], [ 7.111750119441279, 51.282823944070856 ], [ 7.111775923214575, 51.28219484176828 ] ] ], [ [ [ 7.105575890826473, 51.286501293575739 ], [ 7.105549998375407, 51.287130393162791 ], [ 7.106553240798172, 51.287146625452188 ], [ 7.107556484155855, 51.287162849149951 ], [ 7.107530618154145, 51.287791949385202 ], [ 7.108533876138702, 51.287808164853793 ], [ 7.109537135057233, 51.287824371730515 ], [ 7.110540394909245, 51.287840570015348 ], [ 7.111543655694242, 51.287856759708269 ], [ 7.112546917411732, 51.287872940809258 ], [ 7.112572714950741, 51.28724383876343 ], [ 7.112598511557795, 51.286614736640303 ], [ 7.112624307232939, 51.285985634439875 ], [ 7.112650101976218, 51.285356532162162 ], [ 7.111646895026281, 51.285340352508037 ], [ 7.111672702528391, 51.284711250514704 ], [ 7.110669510201379, 51.2846950626313 ], [ 7.109666318807129, 51.284678866156945 ], [ 7.109640483923844, 51.285307967426327 ], [ 7.108637279772333, 51.285291761998771 ], [ 7.107634076554617, 51.285275547980113 ], [ 7.106630874271193, 51.285259325370369 ], [ 7.106604997381695, 51.285888425474994 ], [ 7.105601782342173, 51.285872193911331 ], [ 7.105575890826473, 51.286501293575739 ] ] ], [ [ [ 7.114424578908078, 51.291050789919744 ], [ 7.11439880316773, 51.291679892224778 ], [ 7.114373026496105, 51.29230899445254 ], [ 7.113369667052259, 51.292292828005749 ], [ 7.113343875752645, 51.292921929794787 ], [ 7.112340503543989, 51.292905754393068 ], [ 7.112314697615396, 51.293534855743189 ], [ 7.112288890754405, 51.294163957016018 ], [ 7.112263082960972, 51.294793058211539 ], [ 7.113266496262468, 51.294809234698171 ], [ 7.114269910495954, 51.294825402590725 ], [ 7.11429569089313, 51.294196300672098 ], [ 7.115299092359919, 51.294212459609298 ], [ 7.116302494757671, 51.294228609952562 ], [ 7.117305898085886, 51.294244751701896 ], [ 7.118309302344073, 51.294260884857266 ], [ 7.118335027018722, 51.293631781417488 ], [ 7.119338418508509, 51.293647905618386 ], [ 7.119364128556338, 51.293018801740892 ], [ 7.120367507277635, 51.293034916987715 ], [ 7.120393202699635, 51.292405812672705 ], [ 7.121396568652353, 51.2924219189658 ], [ 7.121422249449513, 51.291792814213508 ], [ 7.121447929318851, 51.291163709383994 ], [ 7.121473608260415, 51.290534604477273 ], [ 7.122476934052893, 51.290550701097288 ], [ 7.12250259837168, 51.289921595753512 ], [ 7.121499286274251, 51.289905499493337 ], [ 7.120495975104507, 51.289889394640483 ], [ 7.119492664862944, 51.289873281194943 ], [ 7.119466959459149, 51.290502385458595 ], [ 7.118463636451344, 51.290486263059982 ], [ 7.118437916423422, 51.291115366885968 ], [ 7.118412195466242, 51.291744470634711 ], [ 7.117408845996428, 51.291728338922006 ], [ 7.116405497456409, 51.291712198616104 ], [ 7.116431245805261, 51.291083095588817 ], [ 7.116456993223869, 51.290453992484281 ], [ 7.116482739712276, 51.289824889302494 ], [ 7.115479433188373, 51.289808741486461 ], [ 7.114476127595119, 51.289792585077841 ], [ 7.114450353717192, 51.290421687537432 ], [ 7.114424578908078, 51.291050789919744 ] ] ], [ [ [ 7.114192563715263, 51.296712707882911 ], [ 7.1151960199778, 51.296728868265227 ], [ 7.115221789469925, 51.296099766217154 ], [ 7.114218346907066, 51.296083606196134 ], [ 7.114192563715263, 51.296712707882911 ] ] ], [ [ [ 7.117202935295795, 51.296761163245755 ], [ 7.116199477171476, 51.296745020052846 ], [ 7.1151960199778, 51.296728868265227 ], [ 7.115170249554538, 51.297357970236042 ], [ 7.116173720448431, 51.297374122384767 ], [ 7.117177192273011, 51.297390265938596 ], [ 7.118180665027784, 51.297406400897508 ], [ 7.118206394350262, 51.296777297843938 ], [ 7.117202935295795, 51.296761163245755 ] ] ], [ [ [ 7.10698721618766, 51.301003036457608 ], [ 7.107990761827809, 51.301019259540972 ], [ 7.108994308402866, 51.301035474028424 ], [ 7.108968449239272, 51.301664573287198 ], [ 7.10894258914122, 51.302293672468643 ], [ 7.109946164058006, 51.302309879084852 ], [ 7.110949739908802, 51.302326077104745 ], [ 7.111953316693111, 51.302342266528285 ], [ 7.111979135679316, 51.30171316626037 ], [ 7.112004953732544, 51.301084065915177 ], [ 7.111001404355729, 51.301067877215544 ], [ 7.109997855912338, 51.301051679919951 ], [ 7.110023700438601, 51.300422580221515 ], [ 7.109020166632046, 51.300406374692315 ], [ 7.109046023926857, 51.299777275278863 ], [ 7.109071880287344, 51.29914817578809 ], [ 7.110075386689549, 51.299164380592678 ], [ 7.110101228414321, 51.298535280662279 ], [ 7.109097735713549, 51.298519076219982 ], [ 7.108094243947011, 51.29850286318252 ], [ 7.108068374819418, 51.299131962388152 ], [ 7.107064870286267, 51.299115740392878 ], [ 7.106061366688385, 51.299099509802296 ], [ 7.106087263218622, 51.298470411322221 ], [ 7.106113158813143, 51.297841312764781 ], [ 7.105109683553041, 51.297825074305024 ], [ 7.104106209229106, 51.297808827250385 ], [ 7.104080286233109, 51.298437925081537 ], [ 7.104054362300405, 51.299067022835295 ], [ 7.105057864026266, 51.299083270616435 ], [ 7.105031952858516, 51.299712368656088 ], [ 7.106035469222384, 51.299728608205022 ], [ 7.106009570820575, 51.300357706530377 ], [ 7.107013101822538, 51.300373937846722 ], [ 7.10698721618766, 51.301003036457608 ] ] ], [ [ [ 7.125314967727877, 51.196167994107306 ], [ 7.125289427453969, 51.196797110594545 ], [ 7.125263886258876, 51.197426227004591 ], [ 7.126265190545335, 51.197442270472592 ], [ 7.127266495752528, 51.197458305376038 ], [ 7.127292009703187, 51.196829188249367 ], [ 7.127317522733644, 51.196200071045517 ], [ 7.126316244770437, 51.196184036858497 ], [ 7.125314967727877, 51.196167994107306 ] ] ], [ [ [ 7.123700143642483, 51.211250708570866 ], [ 7.124701746819182, 51.211266768495086 ], [ 7.124727308291355, 51.210637653783358 ], [ 7.125728898757251, 51.210653704780214 ], [ 7.125754445674778, 51.210024589632674 ], [ 7.125779991670695, 51.209395474407934 ], [ 7.125805536745044, 51.208766359106029 ], [ 7.12583108089787, 51.208137243726917 ], [ 7.125856624129218, 51.207508128270625 ], [ 7.124855101820917, 51.207492079066753 ], [ 7.124829544959032, 51.20812119416447 ], [ 7.124803987175176, 51.208750309184985 ], [ 7.123802438527324, 51.208734250695969 ], [ 7.123776866189981, 51.209363365280495 ], [ 7.123751292930089, 51.209992479787822 ], [ 7.122749717941387, 51.209976412012864 ], [ 7.122724130126489, 51.210605526083988 ], [ 7.123725718747604, 51.21062159421794 ], [ 7.123700143642483, 51.211250708570866 ] ] ], [ [ [ 7.125943416413874, 51.254723699792237 ], [ 7.125969000619069, 51.25409458933008 ], [ 7.125994583900569, 51.253465478790773 ], [ 7.12499206342268, 51.253449420548534 ], [ 7.124966466474658, 51.254078530728954 ], [ 7.124940868602446, 51.254707640832194 ], [ 7.125943416413874, 51.254723699792237 ] ] ], [ [ [ 7.125866658255672, 51.256611030715597 ], [ 7.125892245232218, 51.255981920484984 ], [ 7.125917831284939, 51.255352810177186 ], [ 7.124915269806, 51.255336750858227 ], [ 7.124889670085278, 51.255965860807081 ], [ 7.124864069440237, 51.256594970678755 ], [ 7.123861481549167, 51.256578902059346 ], [ 7.123835866310818, 51.25720801149469 ], [ 7.124838467870831, 51.257224080473243 ], [ 7.124812865377018, 51.257853190190552 ], [ 7.125815481530918, 51.257869250945298 ], [ 7.125841070355252, 51.257240140869037 ], [ 7.125866658255672, 51.256611030715597 ] ] ], [ [ [ 7.122602563862463, 51.262853912143193 ], [ 7.122628201099841, 51.262224803762024 ], [ 7.122653837411473, 51.261595695303669 ], [ 7.122679472797403, 51.260966586768113 ], [ 7.121676791064204, 51.260950498466727 ], [ 7.120674110257156, 51.260934401581501 ], [ 7.120699772061008, 51.260305293688084 ], [ 7.11969710585233, 51.260289188578973 ], [ 7.119671430376752, 51.260918296112422 ], [ 7.119645753974041, 51.261547403568628 ], [ 7.12064844752666, 51.261563509397675 ], [ 7.120622783869477, 51.262192617136634 ], [ 7.12162549202154, 51.262208714741448 ], [ 7.121599841110871, 51.262837822762997 ], [ 7.121574189273918, 51.263466930707317 ], [ 7.122576925699295, 51.263483020447126 ], [ 7.122602563862463, 51.262853912143193 ] ] ], [ [ [ 7.122038310337259, 51.276694276994931 ], [ 7.123041334952768, 51.276710365700438 ], [ 7.123015690095752, 51.27733947266546 ], [ 7.122990044312425, 51.277968579553267 ], [ 7.122964397602746, 51.27859768636386 ], [ 7.123967464200169, 51.278613767559101 ], [ 7.123941830250296, 51.279242874651992 ], [ 7.124944911459872, 51.279258947617244 ], [ 7.125947993594903, 51.279275011993008 ], [ 7.126951076654897, 51.279291067779262 ], [ 7.126976669545896, 51.278661959609067 ], [ 7.127979739843979, 51.27867800644708 ], [ 7.128005318124669, 51.278048897841018 ], [ 7.128030895481472, 51.27741978915779 ], [ 7.127027852554669, 51.277403743037191 ], [ 7.12705344267253, 51.276774634635501 ], [ 7.126050414354917, 51.276758580284827 ], [ 7.12504738696209, 51.276742517345411 ], [ 7.124044360494542, 51.276726445817275 ], [ 7.124069990741064, 51.276097338415617 ], [ 7.123066978883518, 51.276081258658223 ], [ 7.123092621888045, 51.275452151538822 ], [ 7.122089624640413, 51.275436063552576 ], [ 7.122115280401962, 51.27480695671558 ], [ 7.121112297764157, 51.274790860500858 ], [ 7.120109316053471, 51.274774755698054 ], [ 7.120083632925658, 51.275403861815235 ], [ 7.11908063845952, 51.275387748064205 ], [ 7.119054940720489, 51.276016853743947 ], [ 7.119029242053262, 51.27664595934646 ], [ 7.120032263887013, 51.27666207381791 ], [ 7.121035286648509, 51.276678179700738 ], [ 7.122038310337259, 51.276694276994931 ] ] ], [ [ [ 7.124637396098243, 51.286808231023365 ], [ 7.125640642507279, 51.28682429970911 ], [ 7.126643889841805, 51.28684035980303 ], [ 7.126618284929288, 51.287469466970137 ], [ 7.12659267909173, 51.288098574060065 ], [ 7.126567072329089, 51.288727681072842 ], [ 7.125563783914821, 51.288711619901761 ], [ 7.124560496426174, 51.2886955501383 ], [ 7.124534861349979, 51.289324656355589 ], [ 7.124509225347621, 51.289953762495685 ], [ 7.125512540225145, 51.289969832977668 ], [ 7.126515856028378, 51.289985894866888 ], [ 7.12751917275683, 51.290001948163308 ], [ 7.128522490410002, 51.29001799286695 ], [ 7.129525808987403, 51.290034028977743 ], [ 7.130529128488538, 51.290050056495716 ], [ 7.131532448912915, 51.290066075420818 ], [ 7.131506907851534, 51.29069518399465 ], [ 7.132510242894145, 51.290711194684818 ], [ 7.133513578859049, 51.290727196781894 ], [ 7.133488064266887, 51.291356305994313 ], [ 7.133462548752877, 51.291985415129631 ], [ 7.134465913032217, 51.292001409348728 ], [ 7.134440410293376, 51.292630518764533 ], [ 7.134414906633094, 51.29325962810325 ], [ 7.135418299228527, 51.293275614443615 ], [ 7.136421692744949, 51.293291592190094 ], [ 7.136396215559406, 51.293920702166346 ], [ 7.136370737453325, 51.294549812065533 ], [ 7.137374159287091, 51.294565781932128 ], [ 7.13734869395959, 51.29519489211129 ], [ 7.138352130412655, 51.2952108537404 ], [ 7.139355567785359, 51.295226806774984 ], [ 7.140359006077206, 51.295242751214978 ], [ 7.140384430306946, 51.294613639965853 ], [ 7.141387855818104, 51.294629575455005 ], [ 7.141413265430392, 51.294000463772576 ], [ 7.141438674124611, 51.293371352013125 ], [ 7.141464081900806, 51.292742240176658 ], [ 7.140460697484706, 51.292726305756261 ], [ 7.140486118040283, 51.292097194199016 ], [ 7.139482748239979, 51.292081251541248 ], [ 7.138479379358599, 51.292065300289863 ], [ 7.13747601139664, 51.292049340444905 ], [ 7.137501472124133, 51.291420229880458 ], [ 7.137526931931756, 51.290791119238961 ], [ 7.137552390819553, 51.290162008520404 ], [ 7.138555717692779, 51.290177967294973 ], [ 7.138581161965537, 51.289548856142588 ], [ 7.139584476062752, 51.289564805967586 ], [ 7.140587791078716, 51.289580747199743 ], [ 7.141591107012939, 51.28959667983905 ], [ 7.142594423864923, 51.28961260388548 ], [ 7.14261981243895, 51.288983491230915 ], [ 7.142645200095751, 51.288354378499335 ], [ 7.142670586835371, 51.287725265690739 ], [ 7.141667311066717, 51.287709342712283 ], [ 7.141692710582655, 51.287080230182646 ], [ 7.140689449425045, 51.287064298968048 ], [ 7.139686189185516, 51.287048359161339 ], [ 7.138682929864562, 51.287032410762578 ], [ 7.137679671462679, 51.28701645377177 ], [ 7.137654217173356, 51.287645564875604 ], [ 7.1366509459978, 51.287629598935844 ], [ 7.13667641398036, 51.28700048818893 ], [ 7.136701881042861, 51.286371377364965 ], [ 7.136727347185351, 51.285742266463927 ], [ 7.13675281240787, 51.28511315548581 ], [ 7.135749596922223, 51.285097182382266 ], [ 7.135775074916035, 51.284468071684167 ], [ 7.13580055198947, 51.283838960909009 ], [ 7.134797364806096, 51.283822979928573 ], [ 7.13379417854355, 51.283806990357121 ], [ 7.132790993202323, 51.283790992194682 ], [ 7.13178780878291, 51.283774985441255 ], [ 7.131813339696495, 51.283145876019184 ], [ 7.1308101698894, 51.283129861032819 ], [ 7.129807001005061, 51.283113837455701 ], [ 7.129832558375374, 51.282484728672721 ], [ 7.128829404103715, 51.282468696863276 ], [ 7.128854974239756, 51.281839588361549 ], [ 7.12785183458069, 51.281823548320148 ], [ 7.127826250755757, 51.282452656463306 ], [ 7.126823098331995, 51.282436607472839 ], [ 7.126797499893527, 51.283065715180058 ], [ 7.126771900530326, 51.283694822810133 ], [ 7.125768721652164, 51.28367876451123 ], [ 7.125743107673902, 51.284307871705153 ], [ 7.125717492770328, 51.284936978821889 ], [ 7.124714287436458, 51.284920911213788 ], [ 7.124688657916296, 51.285550017894167 ], [ 7.12466302747024, 51.286179124497345 ], [ 7.124637396098243, 51.286808231023365 ] ], [ [ 7.133666647055718, 51.286952539888432 ], [ 7.134669901776386, 51.28696853124724 ], [ 7.134695396224243, 51.286339421137676 ], [ 7.134720889751097, 51.285710310951039 ], [ 7.135724118007992, 51.285726293003286 ], [ 7.135698638173299, 51.286355403547219 ], [ 7.135673157418096, 51.286984514014094 ], [ 7.135647675742343, 51.287613624403882 ], [ 7.134644406407483, 51.287597641279724 ], [ 7.13461891011749, 51.288226751235122 ], [ 7.133615628010119, 51.288210759161302 ], [ 7.133641137993711, 51.287581649563407 ], [ 7.132637870501521, 51.287565649254951 ], [ 7.13163460393141, 51.287549640354356 ], [ 7.131660140379497, 51.286920531394955 ], [ 7.132663393256591, 51.286936539937663 ], [ 7.133666647055718, 51.286952539888432 ] ], [ [ 7.131711210508136, 51.285662313244828 ], [ 7.130707985938034, 51.285646296826329 ], [ 7.130733533310164, 51.285017187993638 ], [ 7.131736744188773, 51.285033204054081 ], [ 7.131711210508136, 51.285662313244828 ] ] ], [ [ [ 7.118592222653661, 51.287340742771441 ], [ 7.118566507271358, 51.287969846983643 ], [ 7.118540790960018, 51.288598951118594 ], [ 7.118515073719598, 51.289228055176295 ], [ 7.118489355550055, 51.28985715915676 ], [ 7.119492664862944, 51.289873281194943 ], [ 7.119518369338067, 51.289244176854062 ], [ 7.119544072884558, 51.288615072435938 ], [ 7.120547355737687, 51.28863118516103 ], [ 7.120573044662116, 51.288002080305482 ], [ 7.120598732658499, 51.287372975372698 ], [ 7.120624419726878, 51.286743870362699 ], [ 7.121627662429015, 51.286759973415478 ], [ 7.121653334877395, 51.286130867968268 ], [ 7.121679006398354, 51.285501762443864 ], [ 7.120675791079802, 51.285485660111043 ], [ 7.119672576689121, 51.285469549186892 ], [ 7.119646877785115, 51.286098653991168 ], [ 7.119621177952699, 51.2867277587182 ], [ 7.118617937106975, 51.286711638482011 ], [ 7.118592222653661, 51.287340742771441 ] ] ], [ [ [ 7.124406672075711, 51.292470186284262 ], [ 7.123403303340885, 51.292454105771611 ], [ 7.123377649009956, 51.293083211166277 ], [ 7.123351993752107, 51.293712316483763 ], [ 7.123326337567295, 51.294341421724063 ], [ 7.124329747394937, 51.294357503315275 ], [ 7.125333158149092, 51.294373576312402 ], [ 7.126336569829266, 51.294389640715423 ], [ 7.12631095381336, 51.295018746956565 ], [ 7.126285336871888, 51.295647853120542 ], [ 7.126259719004801, 51.296276959207347 ], [ 7.126234100212058, 51.296906065216973 ], [ 7.127237567615626, 51.29692212246178 ], [ 7.1282410359444, 51.296938171111663 ], [ 7.128215443627406, 51.297567277761964 ], [ 7.129218926581684, 51.297583318175533 ], [ 7.130222410460224, 51.297599349993952 ], [ 7.130247975375592, 51.296970242626614 ], [ 7.129244505197888, 51.296954211166614 ], [ 7.129270082889872, 51.296325104080573 ], [ 7.129295659657683, 51.295695996917409 ], [ 7.129321235501364, 51.295066889677088 ], [ 7.13032466457953, 51.295082920061859 ], [ 7.130350225800266, 51.294453812386031 ], [ 7.129346810420959, 51.294437782359637 ], [ 7.129372384416512, 51.293808674965057 ], [ 7.129397957488066, 51.29317956749334 ], [ 7.128394570428946, 51.29316352958989 ], [ 7.127391184294275, 51.293147483092667 ], [ 7.126387799084546, 51.293131428001665 ], [ 7.12641341232401, 51.292502321529035 ], [ 7.126439024638081, 51.291873214979248 ], [ 7.126464636026803, 51.291244108352295 ], [ 7.126490246490222, 51.29061500164817 ], [ 7.125486916991765, 51.290598939399857 ], [ 7.124483588419061, 51.290582868558609 ], [ 7.124457950564252, 51.291211974544339 ], [ 7.12443231178315, 51.291841080452897 ], [ 7.124406672075711, 51.292470186284262 ] ] ], [ [ [ 7.121036940046448, 51.301229377390655 ], [ 7.120033382291052, 51.301213266055484 ], [ 7.120007673867415, 51.301842369289361 ], [ 7.121011245326709, 51.301858480984741 ], [ 7.122014817714529, 51.301874584083791 ], [ 7.12301839103038, 51.301890678586474 ], [ 7.124021965273768, 51.301906764492792 ], [ 7.125025540444199, 51.301922841802707 ], [ 7.126029116541176, 51.30193891051622 ], [ 7.126003489415537, 51.302568015831383 ], [ 7.127007080143226, 51.302584076307539 ], [ 7.126981465796643, 51.303213181904631 ], [ 7.126955850524411, 51.303842287424558 ], [ 7.12795946958859, 51.30385834002189 ], [ 7.127933867096853, 51.304487445823568 ], [ 7.128937500792458, 51.304503490182576 ], [ 7.129941135412809, 51.304519525944315 ], [ 7.129915559409323, 51.305148632386128 ], [ 7.129889982481541, 51.305777738750834 ], [ 7.130893645440262, 51.305793766632014 ], [ 7.13086808129594, 51.30642287327796 ], [ 7.131871758886352, 51.306438892919644 ], [ 7.132875437400158, 51.306454903963449 ], [ 7.133879116836867, 51.306470906409345 ], [ 7.134882797195978, 51.306486900257319 ], [ 7.135886478477001, 51.306502885507342 ], [ 7.135911974081659, 51.305873777072442 ], [ 7.135937468764944, 51.305244668560455 ], [ 7.135962962526902, 51.304615559971424 ], [ 7.134959322368457, 51.304599575793581 ], [ 7.134984828915666, 51.303970467484852 ], [ 7.13501033454114, 51.303341359099051 ], [ 7.134006722716966, 51.303325367038994 ], [ 7.133003111814977, 51.303309366381967 ], [ 7.131999501835669, 51.303293357127998 ], [ 7.130995892779536, 51.303277339277095 ], [ 7.129992284647073, 51.303261312829306 ], [ 7.130017857877935, 51.30263220615609 ], [ 7.13004343018468, 51.302003099405759 ], [ 7.130069001567347, 51.301373992578306 ], [ 7.130094572025983, 51.300744885673737 ], [ 7.129091019635854, 51.300728852063038 ], [ 7.128087468170206, 51.300712809856243 ], [ 7.128113065111422, 51.300083703591667 ], [ 7.128138661127708, 51.299454597249955 ], [ 7.128164256219104, 51.298825490831106 ], [ 7.127160746786606, 51.298809441104765 ], [ 7.127186354654892, 51.298180334967597 ], [ 7.127211961597885, 51.297551228753264 ], [ 7.126208480493614, 51.297535171149462 ], [ 7.125205000315088, 51.297519104950581 ], [ 7.124201521062801, 51.297503030156626 ], [ 7.124227168182519, 51.29687392494273 ], [ 7.123223703557536, 51.296857841913301 ], [ 7.123198042737248, 51.297486946767627 ], [ 7.123172380989732, 51.298116051544753 ], [ 7.122168889890386, 51.29809995920094 ], [ 7.122143213514082, 51.298729063541103 ], [ 7.122117536209969, 51.299358167804044 ], [ 7.122091857978002, 51.299987271989792 ], [ 7.122066178818135, 51.300616376098326 ], [ 7.122040498730326, 51.301245480129651 ], [ 7.121036940046448, 51.301229377390655 ] ] ], [ [ [ 7.136089475317684, 51.177454398499499 ], [ 7.13709035310843, 51.17747034491785 ], [ 7.137115715173359, 51.17684122210904 ], [ 7.136114850989559, 51.176825276046877 ], [ 7.136089475317684, 51.177454398499499 ] ] ], [ [ [ 7.132077996666887, 51.22712285373219 ], [ 7.1330799491188, 51.227138845467486 ], [ 7.133105410849791, 51.226509729462812 ], [ 7.132103472043504, 51.226493738084848 ], [ 7.132077996666887, 51.22712285373219 ] ] ], [ [ [ 7.132272738476505, 51.27182189323549 ], [ 7.132247224156949, 51.272451004045593 ], [ 7.132221708915875, 51.273080114778566 ], [ 7.132196192753239, 51.273709225434452 ], [ 7.132170675668997, 51.274338336013223 ], [ 7.132145157663106, 51.274967446514879 ], [ 7.133148150466673, 51.274983448259604 ], [ 7.133122645222729, 51.275612559041832 ], [ 7.133097139057539, 51.27624166974698 ], [ 7.134100160150163, 51.276257663618445 ], [ 7.134125652631177, 51.275628552555794 ], [ 7.134151144191441, 51.274999441416028 ], [ 7.134176634830999, 51.27437033019919 ], [ 7.135179615793239, 51.274386314410009 ], [ 7.135205091829396, 51.273757202758773 ], [ 7.135230566945427, 51.273128091030443 ], [ 7.135256041141377, 51.272498979225055 ], [ 7.135281514417288, 51.271869867342573 ], [ 7.136284441571529, 51.271885841536886 ], [ 7.13728736964527, 51.271901807143806 ], [ 7.137261923732005, 51.272530919740248 ], [ 7.137236476899691, 51.273160032259625 ], [ 7.137211029148283, 51.273789144701951 ], [ 7.137185580477736, 51.274418257067204 ], [ 7.137160130888006, 51.275047369355406 ], [ 7.136157134402601, 51.275031401963957 ], [ 7.136131670209831, 51.275660513818153 ], [ 7.137134680379051, 51.275676481566521 ], [ 7.137109228950826, 51.276305593700584 ], [ 7.138112253723665, 51.276321553217159 ], [ 7.13808681506097, 51.276950665630928 ], [ 7.138061375479412, 51.277579777967645 ], [ 7.13906442854134, 51.277595729608599 ], [ 7.139039001726749, 51.278224842224837 ], [ 7.14004206939301, 51.278240785633017 ], [ 7.141045137977233, 51.278256720451822 ], [ 7.142048207478926, 51.278272646681224 ], [ 7.142073593235631, 51.277643532996358 ], [ 7.142098978075402, 51.277014419234476 ], [ 7.142124361998283, 51.276385305395586 ], [ 7.143127391360287, 51.276401221968122 ], [ 7.143152760681754, 51.275772107696433 ], [ 7.142149745004319, 51.275756191479672 ], [ 7.142175127093553, 51.275127077486758 ], [ 7.143178129086912, 51.275142993347728 ], [ 7.144181131996534, 51.27515890062022 ], [ 7.14518413582193, 51.275174799304224 ], [ 7.146187140562604, 51.2751906893997 ], [ 7.147190146218063, 51.275206570906654 ], [ 7.147215458972192, 51.274577455059763 ], [ 7.147240770812075, 51.273948339135906 ], [ 7.146237792523634, 51.273932458338955 ], [ 7.146263117132081, 51.273303342693126 ], [ 7.145260153441065, 51.273287453663208 ], [ 7.14528549081709, 51.272658338295571 ], [ 7.14428254172341, 51.272642441033078 ], [ 7.144307891866026, 51.27201332594381 ], [ 7.144333241093088, 51.271384210777541 ], [ 7.143330320277816, 51.271368305638397 ], [ 7.143304957369596, 51.271997420449132 ], [ 7.142302023789212, 51.271981506366927 ], [ 7.142276646283336, 51.272610620744928 ], [ 7.142251267860876, 51.273239735045891 ], [ 7.142225888521787, 51.273868849269867 ], [ 7.141222914811769, 51.273852925532367 ], [ 7.141197520872964, 51.274482039323352 ], [ 7.140194534397111, 51.27446610664164 ], [ 7.139191548838959, 51.274450165371704 ], [ 7.139216970143723, 51.273821052293194 ], [ 7.139242390530335, 51.273191939137632 ], [ 7.139267809998838, 51.272562825905041 ], [ 7.139293228549278, 51.271933712595406 ], [ 7.138290298638016, 51.271917764163312 ], [ 7.138315729951377, 51.271288651133133 ], [ 7.138341160346266, 51.270659538025889 ], [ 7.139344062896139, 51.270675485745002 ], [ 7.139369478692648, 51.270046372204227 ], [ 7.138366589822728, 51.270030424841586 ], [ 7.138392018380809, 51.269401311580246 ], [ 7.137389144108687, 51.26938535598741 ], [ 7.137414585427352, 51.268756243005654 ], [ 7.136411725752944, 51.268740279183014 ], [ 7.136386270755399, 51.269369391807935 ], [ 7.135383398321436, 51.269353419041828 ], [ 7.135357928725237, 51.269982531232635 ], [ 7.135332458209175, 51.270611643346371 ], [ 7.135306986773207, 51.271240755383019 ], [ 7.134304074219727, 51.27122477295859 ], [ 7.13330116258669, 51.271208781947003 ], [ 7.133275662869285, 51.271837893191858 ], [ 7.132272738476505, 51.27182189323549 ] ] ], [ [ [ 7.128906111740912, 51.280581371126644 ], [ 7.129909224947244, 51.280597401860973 ], [ 7.129934778624992, 51.279968292769468 ], [ 7.128931679106115, 51.279952262393486 ], [ 7.128906111740912, 51.280581371126644 ] ] ], [ [ [ 7.141894818205169, 51.23231533619024 ], [ 7.140892748315375, 51.232299418773643 ], [ 7.140867387515049, 51.232928536936782 ], [ 7.141869471055284, 51.232944454709084 ], [ 7.141844122990573, 51.233573573150913 ], [ 7.142846221096613, 51.233589482703145 ], [ 7.143848320117031, 51.233605383679588 ], [ 7.143873640879741, 51.232976264526933 ], [ 7.143898960728611, 51.23234714529724 ], [ 7.142896889009744, 51.232331245031446 ], [ 7.141894818205169, 51.23231533619024 ] ] ], [ [ [ 7.141666660918809, 51.237977400086912 ], [ 7.142668854595473, 51.237993312128047 ], [ 7.142643512865502, 51.238622430309249 ], [ 7.143645721111805, 51.238638334128659 ], [ 7.143620392122557, 51.239267452588265 ], [ 7.143595062219032, 51.239896570970849 ], [ 7.143569731401188, 51.240525689276431 ], [ 7.144571981529682, 51.240541585584182 ], [ 7.144597298691049, 51.239912466923364 ], [ 7.144622614938587, 51.239283348185545 ], [ 7.144647930272343, 51.238654229370738 ], [ 7.144673244692355, 51.238025110478908 ], [ 7.14469855819867, 51.237395991510084 ], [ 7.144723870791331, 51.236766872464273 ], [ 7.143721702594322, 51.236750978287823 ], [ 7.142719535311414, 51.236735075534597 ], [ 7.14274487429747, 51.236105957122348 ], [ 7.141742721582598, 51.236090046147943 ], [ 7.141768073307047, 51.23546092801422 ], [ 7.140765935160121, 51.235445008819013 ], [ 7.140740569782768, 51.236074126596989 ], [ 7.139738418898474, 51.236058198469507 ], [ 7.139713038952234, 51.236687315814478 ], [ 7.138710875330659, 51.236671378754352 ], [ 7.138685480814548, 51.237300495666126 ], [ 7.13866008538183, 51.237929612500857 ], [ 7.139662276311497, 51.237945550273288 ], [ 7.139687658089922, 51.237316433082412 ], [ 7.14068983628141, 51.237332361921801 ], [ 7.141692015388521, 51.237348282184279 ], [ 7.141666660918809, 51.237977400086912 ] ] ], [ [ [ 7.146936968383566, 51.281497725142366 ], [ 7.146962290282568, 51.280868610065141 ], [ 7.147965420028724, 51.280884486177314 ], [ 7.1479907273248, 51.280255370668229 ], [ 7.148016033706729, 51.279626255082171 ], [ 7.148041339174557, 51.278997139419175 ], [ 7.147038250491646, 51.27898126437168 ], [ 7.147012931336564, 51.279610379679795 ], [ 7.146009829880994, 51.279594495687533 ], [ 7.14598449612361, 51.28022361056361 ], [ 7.144981381895469, 51.280207717626183 ], [ 7.143978268582954, 51.280191816098721 ], [ 7.143952906534174, 51.280820930187055 ], [ 7.143927543569228, 51.28145004419838 ], [ 7.143902179688074, 51.282079158132717 ], [ 7.14387681489067, 51.282708271990067 ], [ 7.144879982958591, 51.282724174939496 ], [ 7.145883151942313, 51.282740069298114 ], [ 7.14590848936049, 51.282110954729959 ], [ 7.145933825863403, 51.281481840084815 ], [ 7.146936968383566, 51.281497725142366 ] ] ], [ [ [ 7.142391282247373, 51.294645502349766 ], [ 7.142365885416357, 51.295274614311268 ], [ 7.142340487667679, 51.295903726195753 ], [ 7.142315089001296, 51.296532838003245 ], [ 7.141311621472391, 51.296516910040211 ], [ 7.141286208187393, 51.297146021414569 ], [ 7.141260793984106, 51.297775132711912 ], [ 7.141235378862488, 51.298404243932239 ], [ 7.141209962822496, 51.299033355075544 ], [ 7.141184545864087, 51.299662466141825 ], [ 7.141159127987216, 51.300291577131098 ], [ 7.141133709191839, 51.300920688043355 ], [ 7.141108289477912, 51.301549798878582 ], [ 7.141082868845391, 51.30217890963678 ], [ 7.142086459699895, 51.302194840805193 ], [ 7.142111866627593, 51.301565729690786 ], [ 7.143115444695372, 51.30158165190646 ], [ 7.1431408370006, 51.300952540359063 ], [ 7.144144402281569, 51.300968453622382 ], [ 7.144169779965316, 51.300339341642193 ], [ 7.144195156732041, 51.299710229585017 ], [ 7.145198695522643, 51.29972613354078 ], [ 7.146202235229729, 51.299742028900532 ], [ 7.146227583673482, 51.299112916055407 ], [ 7.145224057669414, 51.29909702105104 ], [ 7.144220532581787, 51.299081117450854 ], [ 7.144245907514599, 51.298452005239696 ], [ 7.144271281530518, 51.297822892951551 ], [ 7.145274779213677, 51.297838795840619 ], [ 7.145249418899745, 51.298467908484312 ], [ 7.146252931201286, 51.298483803133308 ], [ 7.146278277813189, 51.297854690134251 ], [ 7.146303623509233, 51.297225577058207 ], [ 7.146328968289461, 51.296596463905203 ], [ 7.147332440402169, 51.296612348893063 ], [ 7.148335913430153, 51.296628225285822 ], [ 7.149339387372922, 51.296644093083479 ], [ 7.149364690135474, 51.296014978788655 ], [ 7.149389991983782, 51.295385864416872 ], [ 7.148386545441874, 51.295369997328734 ], [ 7.148411860075668, 51.294740883234766 ], [ 7.147408428148105, 51.294725007906827 ], [ 7.146404997135687, 51.294709123984369 ], [ 7.146430338253089, 51.294080010523487 ], [ 7.145426921855378, 51.294064118361831 ], [ 7.145452275755752, 51.293435005179283 ], [ 7.145477628740078, 51.292805891919741 ], [ 7.144474240655018, 51.292789991874791 ], [ 7.143470853486456, 51.292774083235933 ], [ 7.143445473106108, 51.293403195784322 ], [ 7.143420091808724, 51.294032308255709 ], [ 7.142416678160771, 51.294016390311249 ], [ 7.142391282247373, 51.294645502349766 ] ] ], [ [ [ 7.137068514618695, 51.30211509899631 ], [ 7.138072101795683, 51.302131064551425 ], [ 7.138097563542406, 51.301501954862943 ], [ 7.137093990070065, 51.301485989664791 ], [ 7.137068514618695, 51.30211509899631 ] ] ], [ [ [ 7.140002970382668, 51.304050300615017 ], [ 7.141006601435836, 51.304066241449327 ], [ 7.140981177128505, 51.304695351899454 ], [ 7.140955751902363, 51.305324462272566 ], [ 7.140930325757366, 51.305953572568669 ], [ 7.14090489869347, 51.306582682787742 ], [ 7.141908585495571, 51.30659861644974 ], [ 7.142912273216121, 51.306614541513675 ], [ 7.143915961854624, 51.306630457979509 ], [ 7.144919651410587, 51.306646365847243 ], [ 7.144894278263123, 51.307275477413214 ], [ 7.145897982445003, 51.307291377038318 ], [ 7.146901687543398, 51.307307268065081 ], [ 7.147905393557812, 51.307323150493502 ], [ 7.147930725578287, 51.306694037861611 ], [ 7.147956056683281, 51.306064925152754 ], [ 7.147981386872838, 51.305435812366952 ], [ 7.148006716147002, 51.304806699504198 ], [ 7.148032044505816, 51.304177586564492 ], [ 7.14903568289528, 51.30419345862002 ], [ 7.150039322199556, 51.304209322078101 ], [ 7.15104296241815, 51.304225176938743 ], [ 7.151017675180784, 51.304854290942529 ], [ 7.150992387029551, 51.305483404869385 ], [ 7.150967097964407, 51.306112518719324 ], [ 7.150941807985312, 51.306741632492347 ], [ 7.15091651709222, 51.307370746188433 ], [ 7.149912808332718, 51.307354889555192 ], [ 7.149887502815917, 51.307984002819822 ], [ 7.150891225285087, 51.307999859807609 ], [ 7.15086593256387, 51.308628973349848 ], [ 7.151869669657326, 51.308644822093385 ], [ 7.152873407664414, 51.308660662238097 ], [ 7.15387714658464, 51.308676493783956 ], [ 7.154880886417509, 51.308692316730948 ], [ 7.154906124297648, 51.308063201772399 ], [ 7.155909851332288, 51.308079015766893 ], [ 7.156913579278537, 51.30809482116269 ], [ 7.156938788826763, 51.30746570542027 ], [ 7.156963997463916, 51.306836589600962 ], [ 7.155960296937025, 51.306820784911956 ], [ 7.155985518372087, 51.30619166936917 ], [ 7.156010738895668, 51.305562553749496 ], [ 7.156035958507813, 51.30493343805297 ], [ 7.157039617909377, 51.304949241681882 ], [ 7.157064822902675, 51.304320125555122 ], [ 7.158068469507642, 51.304335920233108 ], [ 7.158093659883083, 51.303706803676334 ], [ 7.158118849348208, 51.303077687042702 ], [ 7.157115230156752, 51.303061893071011 ], [ 7.156111611876063, 51.303046090502122 ], [ 7.155107994506639, 51.303030279336049 ], [ 7.155133224179398, 51.302401163685538 ], [ 7.155158452940444, 51.301772047958124 ], [ 7.154154863894047, 51.301756228902306 ], [ 7.154180105448315, 51.301127113451699 ], [ 7.153176531018934, 51.301111286153009 ], [ 7.153201785365437, 51.300482170979372 ], [ 7.153227038799367, 51.299853055728846 ], [ 7.153252291320766, 51.299223940401411 ], [ 7.152248758915456, 51.299208105568312 ], [ 7.152223492690732, 51.299837220541711 ], [ 7.151219947495122, 51.299821376758416 ], [ 7.151194666653599, 51.300450491300673 ], [ 7.151169384898516, 51.301079605765985 ], [ 7.150165813208466, 51.301063752677699 ], [ 7.150140516835058, 51.301692866711647 ], [ 7.150115219547506, 51.302321980668651 ], [ 7.150089921345767, 51.302951094548739 ], [ 7.151093534151459, 51.302966948700409 ], [ 7.151068248741693, 51.303596062858034 ], [ 7.150064622229799, 51.303580208351889 ], [ 7.149060996632177, 51.303564345248482 ], [ 7.148057371949323, 51.303548473547849 ], [ 7.148082698477568, 51.302919360454219 ], [ 7.14707908841605, 51.302903480511418 ], [ 7.146075479270245, 51.302887591971597 ], [ 7.145071871040649, 51.302871694834792 ], [ 7.144068263727755, 51.302855789101002 ], [ 7.144093644162832, 51.302226677351783 ], [ 7.143090051472539, 51.302210763376863 ], [ 7.143064657332058, 51.302839874770264 ], [ 7.142061051854054, 51.302823951842591 ], [ 7.141057447294235, 51.30280802031799 ], [ 7.141082868845391, 51.30217890963678 ], [ 7.140079278909526, 51.302162969871695 ], [ 7.139075689892792, 51.302147021509903 ], [ 7.138072101795683, 51.302131064551425 ], [ 7.13804663912884, 51.302760174162877 ], [ 7.138021175541833, 51.303389283697278 ], [ 7.139024791049806, 51.303405241369298 ], [ 7.140028407477492, 51.303421190444276 ], [ 7.140002970382668, 51.304050300615017 ] ] ], [ [ [ 7.154951463033277, 51.206711576418179 ], [ 7.155952985508875, 51.206727367879722 ], [ 7.15597811708388, 51.206098241524387 ], [ 7.154976608238648, 51.20608245041565 ], [ 7.154951463033277, 51.206711576418179 ] ] ], [ [ [ 7.151846147579991, 51.209180649629388 ], [ 7.15284772185864, 51.209196468207828 ], [ 7.152872897957248, 51.208567343219215 ], [ 7.153874459511918, 51.208583152875924 ], [ 7.153899621070551, 51.207954027457149 ], [ 7.153924781721494, 51.207324901961456 ], [ 7.154926316920794, 51.207340702343799 ], [ 7.154951463033277, 51.206711576418179 ], [ 7.15394994146479, 51.206695776388855 ], [ 7.152948420803909, 51.206679967791779 ], [ 7.15292324742984, 51.20730909301119 ], [ 7.15192171404632, 51.207293275492987 ], [ 7.151896526132896, 51.207922400282051 ], [ 7.150894980026829, 51.207906573842344 ], [ 7.150869777573067, 51.208535698200869 ], [ 7.149868218744537, 51.208519862839303 ], [ 7.149843001749455, 51.209148986767076 ], [ 7.150844574210098, 51.209164822482464 ], [ 7.151846147579991, 51.209180649629388 ] ] ], [ [ [ 7.159733350279878, 51.21245259447111 ], [ 7.159758435476444, 51.21182346739819 ], [ 7.15978351976801, 51.211194340248412 ], [ 7.158781898241355, 51.21117858059354 ], [ 7.157780277620152, 51.211162812369501 ], [ 7.157755166059694, 51.211791938814848 ], [ 7.156753532710047, 51.211776161669128 ], [ 7.156728406608735, 51.212405287685087 ], [ 7.157730053593254, 51.212421065183314 ], [ 7.157704940220788, 51.213050191474913 ], [ 7.158706601746737, 51.213065960755941 ], [ 7.158731701483799, 51.212436834111998 ], [ 7.159733350279878, 51.21245259447111 ] ] ], [ [ [ 7.153818989276612, 51.23502216693123 ], [ 7.154821125627191, 51.235037974279187 ], [ 7.154846298042792, 51.234408851384337 ], [ 7.153844175344695, 51.234393044389648 ], [ 7.152842053555607, 51.234377228818751 ], [ 7.152816853835085, 51.235006351006916 ], [ 7.153818989276612, 51.23502216693123 ] ] ], [ [ [ 7.149069719638493, 51.278383889782312 ], [ 7.149095009591934, 51.277754773610724 ], [ 7.14809194736808, 51.277738907862307 ], [ 7.148066643728326, 51.278368023679221 ], [ 7.148041339174557, 51.278997139419175 ], [ 7.149044428771528, 51.279013005876955 ], [ 7.149069719638493, 51.278383889782312 ] ] ], [ [ [ 7.153757150184515, 51.286641617703268 ], [ 7.153782383552833, 51.286012500760904 ], [ 7.152779138803153, 51.285996673360415 ], [ 7.152753891741889, 51.28662578994895 ], [ 7.152728643768513, 51.287254906460554 ], [ 7.15373191590458, 51.287270734568736 ], [ 7.153757150184515, 51.286641617703268 ] ] ], [ [ [ 7.153403787288487, 51.295449246821832 ], [ 7.152400337092737, 51.295433414112779 ], [ 7.152375076345241, 51.296062529547648 ], [ 7.152349814684985, 51.296691644905593 ], [ 7.152324552111921, 51.297320760186651 ], [ 7.153328043410227, 51.297336593957688 ], [ 7.154331535620888, 51.297352419133311 ], [ 7.154356770791216, 51.296723303144468 ], [ 7.155360250212305, 51.296739119371082 ], [ 7.156363730544717, 51.296754927002453 ], [ 7.156388937401307, 51.296125810229697 ], [ 7.156414143347111, 51.295496693380031 ], [ 7.157417597188795, 51.295512491709722 ], [ 7.157442788523819, 51.29488337443 ], [ 7.158446229575672, 51.294899163811792 ], [ 7.158471406300906, 51.294270046102191 ], [ 7.159474834562839, 51.294285826536445 ], [ 7.15949999667927, 51.293656708397201 ], [ 7.160503412151198, 51.2936724798843 ], [ 7.161506828531763, 51.29368824277703 ], [ 7.162510245820469, 51.293703997075369 ], [ 7.162535365931586, 51.293074877802049 ], [ 7.162560485135101, 51.292445758451926 ], [ 7.161557095243442, 51.292430004858005 ], [ 7.160553706259838, 51.292414242670091 ], [ 7.159550318184784, 51.292398471888177 ], [ 7.158546931018773, 51.292382692512305 ], [ 7.157543544762299, 51.292366904542483 ], [ 7.157568731546733, 51.291737786878436 ], [ 7.157593917421177, 51.291108669137536 ], [ 7.156590559469374, 51.291092873280085 ], [ 7.155587202428008, 51.291077068829097 ], [ 7.154583846297577, 51.291061255784612 ], [ 7.153580491078572, 51.291045434146639 ], [ 7.153555250416099, 51.2916745504738 ], [ 7.153530008841662, 51.292303666724067 ], [ 7.153504766355217, 51.292932782897417 ], [ 7.15347952295672, 51.293561898993879 ], [ 7.153454278646128, 51.294191015013432 ], [ 7.153429033423399, 51.294820130956076 ], [ 7.153403787288487, 51.295449246821832 ] ] ], [ [ [ 7.161711591756093, 51.213113217180364 ], [ 7.161736650586676, 51.212484089480583 ], [ 7.160734999981001, 51.212468346260657 ], [ 7.159733350279878, 51.21245259447111 ], [ 7.159708264178267, 51.213081721467205 ], [ 7.15968317717157, 51.213710848386398 ], [ 7.159658089259744, 51.214339975228746 ], [ 7.160659779868818, 51.21435572807416 ], [ 7.161661471382573, 51.214371472349406 ], [ 7.161686532021408, 51.213742344803308 ], [ 7.161711591756093, 51.213113217180364 ] ] ], [ [ [ 7.164942677154877, 51.232679069925851 ], [ 7.164917643977134, 51.233308196573006 ], [ 7.16489260989588, 51.233937323143351 ], [ 7.16589472890815, 51.233953035447641 ], [ 7.166896848823483, 51.233968739175701 ], [ 7.166921855600752, 51.233339611903311 ], [ 7.166946861475492, 51.232710484554154 ], [ 7.165944768863696, 51.232694781527925 ], [ 7.164942677154877, 51.232679069925851 ] ] ], [ [ [ 7.158905030806316, 51.233213744758487 ], [ 7.158879914814131, 51.233842869218101 ], [ 7.159882028397692, 51.233858632979313 ], [ 7.160884142887268, 51.233874388164409 ], [ 7.160909231575982, 51.233245263000448 ], [ 7.159907130738162, 51.233229508167419 ], [ 7.158905030806316, 51.233213744758487 ] ] ], [ [ [ 7.173737309813553, 51.238482331052978 ], [ 7.174739532515956, 51.238497968616706 ], [ 7.175741756117297, 51.238513597602683 ], [ 7.176743980617079, 51.238529218010953 ], [ 7.176768857156297, 51.237900087776694 ], [ 7.176793732797609, 51.237270957465718 ], [ 7.175791535609109, 51.237255337755613 ], [ 7.17581642400746, 51.236626207717016 ], [ 7.175841311507495, 51.235997077601724 ], [ 7.174839142526582, 51.235981450012751 ], [ 7.173836974444431, 51.235965813846803 ], [ 7.1738120596357, 51.236594943263441 ], [ 7.173787143927671, 51.23722407260334 ], [ 7.173762227320304, 51.237853201866521 ], [ 7.173737309813553, 51.238482331052978 ] ] ], [ [ [ 7.162211375128965, 51.250892242189309 ], [ 7.163213861120598, 51.250907981140074 ], [ 7.164216348017439, 51.2509237115095 ], [ 7.164241406509761, 51.250294587012959 ], [ 7.164266464097413, 51.249665462439623 ], [ 7.16326400453052, 51.249649732773321 ], [ 7.162261545868749, 51.249633994526057 ], [ 7.162236460951686, 51.250263118396091 ], [ 7.162211375128965, 51.250892242189309 ] ] ], [ [ [ 7.169681577156917, 51.264858679340371 ], [ 7.16970657350564, 51.264229554427011 ], [ 7.169731568951703, 51.263600429436913 ], [ 7.168728803220911, 51.263584743545636 ], [ 7.167726038393232, 51.263569049069076 ], [ 7.167701015595556, 51.264198173357755 ], [ 7.166698237995738, 51.264182469944913 ], [ 7.16667320061818, 51.26481159380581 ], [ 7.167675991894233, 51.264827297569653 ], [ 7.167650967289219, 51.265456421704798 ], [ 7.168653773145733, 51.265472117233806 ], [ 7.169656579905488, 51.265487804176963 ], [ 7.169681577156917, 51.264858679340371 ] ] ], [ [ [ 7.171765981075777, 51.288183294336115 ], [ 7.170762678910678, 51.288167620542133 ], [ 7.169759377648884, 51.288151938155337 ], [ 7.168756077290892, 51.288136247175728 ], [ 7.168731046609212, 51.288765369172381 ], [ 7.169734360662324, 51.288781060502778 ], [ 7.169709342771919, 51.289410182773473 ], [ 7.170712671424533, 51.289425865861503 ], [ 7.170687666326393, 51.290054988406062 ], [ 7.171691009578592, 51.290070663251306 ], [ 7.171716000980538, 51.289441540356307 ], [ 7.172719331439441, 51.289457206257886 ], [ 7.172694353733733, 51.290086329503133 ], [ 7.172669375125577, 51.290715452671648 ], [ 7.171666017273705, 51.290699786069574 ], [ 7.170662660324818, 51.290684110873883 ], [ 7.169659304279409, 51.290668427084618 ], [ 7.168655949137972, 51.290652734701766 ], [ 7.168630914838684, 51.291281856391379 ], [ 7.168605879634884, 51.291910978004239 ], [ 7.168580843526533, 51.292540099540346 ], [ 7.16958423976074, 51.292555792975719 ], [ 7.170587636899049, 51.292571477816956 ], [ 7.171591034940965, 51.292587154064037 ], [ 7.171566039023883, 51.293216276575386 ], [ 7.171541042203644, 51.29384539901001 ], [ 7.170537616763905, 51.293829722061972 ], [ 7.170512605340812, 51.294458844069375 ], [ 7.169509167105156, 51.294443158176094 ], [ 7.168505729773731, 51.294427463688088 ], [ 7.167502293347031, 51.294411760605371 ], [ 7.167477239920019, 51.295040881483366 ], [ 7.167452185587745, 51.295670002284567 ], [ 7.168455649414976, 51.295685706069456 ], [ 7.168430607878403, 51.296314827145018 ], [ 7.168405565436975, 51.296943948143806 ], [ 7.169409057571611, 51.296959644035439 ], [ 7.169384027927324, 51.297588765308397 ], [ 7.170387534668445, 51.297604452955269 ], [ 7.17041255061065, 51.296975331331581 ], [ 7.171416044553599, 51.296991010032208 ], [ 7.17241953939996, 51.297006680137301 ], [ 7.173423035149242, 51.297022341646851 ], [ 7.173398060313541, 51.297651464321611 ], [ 7.174401570667501, 51.297667117585576 ], [ 7.174376608632079, 51.29829624053361 ], [ 7.175380133590807, 51.298311885551577 ], [ 7.176383659451055, 51.298327521973569 ], [ 7.177387186212333, 51.298343149799557 ], [ 7.178390713874143, 51.298358769029505 ], [ 7.179394242435997, 51.298374379663436 ], [ 7.180397771897392, 51.298389981701298 ], [ 7.180372891180308, 51.299019106668538 ], [ 7.181376435244298, 51.299034700458961 ], [ 7.18140130225784, 51.298405575143079 ], [ 7.182404833516844, 51.298421159988777 ], [ 7.182429685928741, 51.297792034247813 ], [ 7.183433204382674, 51.297807610149135 ], [ 7.184436723734131, 51.297823177454525 ], [ 7.184461547842686, 51.297194050940639 ], [ 7.184486371054255, 51.29656492435015 ], [ 7.184511193368878, 51.29593579768305 ], [ 7.184536014786598, 51.295306670939347 ], [ 7.183532550242901, 51.295291105026095 ], [ 7.183557384464469, 51.294661978553798 ], [ 7.182553934518788, 51.294646404393582 ], [ 7.181550485470914, 51.294630821638414 ], [ 7.181525623848065, 51.295259947414117 ], [ 7.180522161997915, 51.295244355715418 ], [ 7.180547037321338, 51.294615230288301 ], [ 7.180571911745966, 51.293986104784544 ], [ 7.179568478195224, 51.293970505188291 ], [ 7.178565045543729, 51.293954896997313 ], [ 7.178540143719064, 51.294584021803331 ], [ 7.179543590070558, 51.294599630343271 ], [ 7.1795187010466, 51.295228755421597 ], [ 7.178515240994616, 51.295213146532689 ], [ 7.177511781842459, 51.295197529048686 ], [ 7.177536698267353, 51.294568404668496 ], [ 7.177561613791971, 51.293939280211639 ], [ 7.177586528416356, 51.2933101556781 ], [ 7.177611442140549, 51.292681031067907 ], [ 7.177636354964593, 51.292051906381019 ], [ 7.177661266888532, 51.29142278161747 ], [ 7.176657890831709, 51.291407157634417 ], [ 7.176682815553026, 51.290778033143489 ], [ 7.175679454094158, 51.290762400916037 ], [ 7.175704391611863, 51.290133276697922 ], [ 7.175729328228603, 51.289504152403111 ], [ 7.176732662294159, 51.289519783931617 ], [ 7.176757584314064, 51.288890659210644 ], [ 7.177760905584091, 51.28890628179655 ], [ 7.177785813008146, 51.288277156649649 ], [ 7.178789121482558, 51.288292770293339 ], [ 7.178814014311753, 51.287663644720702 ], [ 7.179817309990464, 51.287679249422567 ], [ 7.179842188225786, 51.287050123424407 ], [ 7.180845471108712, 51.287065719184817 ], [ 7.180870334751148, 51.286436592761348 ], [ 7.179867065562331, 51.286420997349602 ], [ 7.179891942000147, 51.285791871198128 ], [ 7.179916817539273, 51.285162744970016 ], [ 7.17891357663584, 51.285147141663529 ], [ 7.178938464968905, 51.284518015707576 ], [ 7.179941692179752, 51.284533618665243 ], [ 7.179966565921626, 51.28390449228381 ], [ 7.178963352402871, 51.283888889674962 ], [ 7.178988238937784, 51.283259763565702 ], [ 7.177985040009637, 51.283244152714218 ], [ 7.17796013978317, 51.283873278474488 ], [ 7.176956928063019, 51.283857658682408 ], [ 7.176932013244999, 51.284486784016821 ], [ 7.175928788732926, 51.284471155283754 ], [ 7.175903859322363, 51.28510028019209 ], [ 7.174900622018456, 51.285084642517674 ], [ 7.174875678014364, 51.28571376699972 ], [ 7.173872427918708, 51.285698120383586 ], [ 7.173847469320098, 51.286327244439136 ], [ 7.172844206432779, 51.286311588880892 ], [ 7.172819233238662, 51.286940712509725 ], [ 7.171815957559765, 51.286925048009003 ], [ 7.171790969769156, 51.287554171210928 ], [ 7.171765981075777, 51.288183294336115 ] ], [ [ 7.172744308242747, 51.288828082935929 ], [ 7.173747625908269, 51.288843739894226 ], [ 7.17372266280075, 51.289472863566232 ], [ 7.172719331439441, 51.289457206257886 ], [ 7.172744308242747, 51.288828082935929 ] ], [ [ 7.178888687403636, 51.285776267542815 ], [ 7.177885433706308, 51.285760655295306 ], [ 7.17791033663155, 51.285131529765032 ], [ 7.17891357663584, 51.285147141663529 ], [ 7.178888687403636, 51.285776267542815 ] ], [ [ 7.172594433885995, 51.292602821716912 ], [ 7.173597833733644, 51.292618480775587 ], [ 7.173622801351143, 51.29198935748714 ], [ 7.17364776806656, 51.291360234121974 ], [ 7.17465114142023, 51.291375883886651 ], [ 7.175654515675444, 51.291391525057463 ], [ 7.17562957635568, 51.292020649122207 ], [ 7.175604636134824, 51.292649773110256 ], [ 7.175579695012829, 51.293278897021622 ], [ 7.174576279662587, 51.293263254801673 ], [ 7.174551323940083, 51.293892378286635 ], [ 7.173547895792229, 51.293876727122345 ], [ 7.172544468546582, 51.29386106736348 ], [ 7.17256945166762, 51.293231944578544 ], [ 7.172594433885995, 51.292602821716912 ] ] ], [ [ [ 7.164642537621835, 51.290589879235 ], [ 7.163639187007674, 51.290574143884541 ], [ 7.163614084223551, 51.29120326381711 ], [ 7.162610720819488, 51.291187519521216 ], [ 7.162585603431054, 51.291816639024972 ], [ 7.162560485135101, 51.292445758451926 ], [ 7.16356387593432, 51.292461503451825 ], [ 7.164567267640606, 51.292477239857675 ], [ 7.164592358540864, 51.291848119726907 ], [ 7.164617448534593, 51.291218999519351 ], [ 7.164642537621835, 51.290589879235 ] ] ], [ [ [ 7.168230243007445, 51.301347792986121 ], [ 7.16923383106673, 51.301363491334463 ], [ 7.16925886613834, 51.300734370522001 ], [ 7.170262441397285, 51.300750059922706 ], [ 7.170287461859678, 51.300120938682696 ], [ 7.171291024318193, 51.300136619136147 ], [ 7.17131603017236, 51.299507497468824 ], [ 7.171341035122941, 51.298878375724755 ], [ 7.171366039169979, 51.298249253903982 ], [ 7.170362517822289, 51.298233574502241 ], [ 7.169358997378593, 51.298217886504624 ], [ 7.169333965925372, 51.298847007624083 ], [ 7.168330432683137, 51.298831310679638 ], [ 7.168305386621862, 51.299460431371394 ], [ 7.167301840581175, 51.299444725479752 ], [ 7.167276779910856, 51.300073845743583 ], [ 7.167251718334931, 51.300702965930654 ], [ 7.167226655853355, 51.301332086040958 ], [ 7.168230243007445, 51.301347792986121 ] ] ], [ [ [ 7.162057928570783, 51.305028130859512 ], [ 7.162032791206975, 51.305657248673313 ], [ 7.1620076529347, 51.306286366410305 ], [ 7.163011345211147, 51.30630211915674 ], [ 7.162986219739554, 51.306931237169145 ], [ 7.162961093359903, 51.307560355104734 ], [ 7.163964813963341, 51.307576099956989 ], [ 7.16496853547439, 51.307591836210577 ], [ 7.165972257892552, 51.307607563865481 ], [ 7.165997343142871, 51.306978444874339 ], [ 7.16602242748661, 51.306349325806416 ], [ 7.167026123392159, 51.306365044159698 ], [ 7.16705119312049, 51.305735924663537 ], [ 7.167076261942827, 51.305106805090624 ], [ 7.167101329859211, 51.304477685440943 ], [ 7.166097675078805, 51.304461968141965 ], [ 7.166122755796671, 51.303832848766938 ], [ 7.165119115630017, 51.303817123221847 ], [ 7.165144209148376, 51.30318800412163 ], [ 7.165169301759923, 51.302558884944617 ], [ 7.164165689913252, 51.302543151505567 ], [ 7.163162078973843, 51.302527409469391 ], [ 7.163136958949706, 51.30315652794264 ], [ 7.162133335211826, 51.303140776957193 ], [ 7.161129712382242, 51.303125017374441 ], [ 7.1611045640369, 51.303754135066342 ], [ 7.162108200573165, 51.303769895001444 ], [ 7.162083065026166, 51.304399012968886 ], [ 7.163086716177989, 51.304414764658702 ], [ 7.16306159343032, 51.305043882901536 ], [ 7.162057928570783, 51.305028130859512 ] ] ], [ [ [ 7.169158720423503, 51.303250853311368 ], [ 7.170162350505606, 51.303266544115324 ], [ 7.170187374584927, 51.302637423182283 ], [ 7.169183758209355, 51.302621732729143 ], [ 7.169158720423503, 51.303250853311368 ] ] ], [ [ [ 7.168933339628142, 51.308912935097595 ], [ 7.16895838555905, 51.308283815206124 ], [ 7.169962125311213, 51.308299508817022 ], [ 7.169987156626452, 51.307670388497911 ], [ 7.170012187037052, 51.30704126810204 ], [ 7.170037216543055, 51.306412147629437 ], [ 7.169033517920874, 51.306396455071223 ], [ 7.168029820203744, 51.306380753914638 ], [ 7.167026123392159, 51.306365044159698 ], [ 7.167001052757787, 51.306994163579077 ], [ 7.166975981217334, 51.307623282921682 ], [ 7.166950908770758, 51.308252402187527 ], [ 7.166925835418013, 51.308881521376591 ], [ 7.167929587070218, 51.308897232536651 ], [ 7.168933339628142, 51.308912935097595 ] ] ], [ [ [ 7.158870670916984, 51.309384638824838 ], [ 7.159874429016694, 51.309400419130064 ], [ 7.16087818802612, 51.309416190836124 ], [ 7.161881947944772, 51.30943195394299 ], [ 7.161856804220774, 51.310061071219067 ], [ 7.161831659588005, 51.310690188418334 ], [ 7.161806514046421, 51.311319305540785 ], [ 7.162810316010296, 51.311335061105304 ], [ 7.163814118882536, 51.311350808070017 ], [ 7.163788999858448, 51.311979925820062 ], [ 7.164792817351797, 51.31199566453688 ], [ 7.165796635752564, 51.312011394653659 ], [ 7.165771543248079, 51.31264051303058 ], [ 7.166775376269592, 51.31265623489886 ], [ 7.166800455060253, 51.312027116170412 ], [ 7.166825532944485, 51.311397997365191 ], [ 7.166850609922336, 51.310768878483202 ], [ 7.166875685993844, 51.310139759524432 ], [ 7.166900761159055, 51.309510640488902 ], [ 7.166925835418013, 51.308881521376591 ], [ 7.165922084672016, 51.308865801617422 ], [ 7.164918334832727, 51.308850073259173 ], [ 7.164943435607138, 51.308220954773269 ], [ 7.163939700385816, 51.308205218167821 ], [ 7.163914585900638, 51.308834336301857 ], [ 7.162910837876244, 51.308818590745496 ], [ 7.162935966072147, 51.30818947296352 ], [ 7.161932232666625, 51.308173719160372 ], [ 7.160928500169746, 51.3081579567584 ], [ 7.159924768582001, 51.308142185757632 ], [ 7.159949937000186, 51.307513068956162 ], [ 7.158946220032131, 51.307497289709431 ], [ 7.158921037903889, 51.308126406158074 ], [ 7.158895854865521, 51.308755522529893 ], [ 7.157892111387027, 51.308739733978541 ], [ 7.156888368819197, 51.308723936828258 ], [ 7.156863157448697, 51.309353052416967 ], [ 7.156837945166995, 51.309982167928794 ], [ 7.15784171515724, 51.309997965785534 ], [ 7.157866913727487, 51.309368849920467 ], [ 7.158870670916984, 51.309384638824838 ] ] ], [ [ [ 7.174260388641632, 51.225270602025986 ], [ 7.175262324675518, 51.225286232253019 ], [ 7.175287209658715, 51.224657101106168 ], [ 7.174285287270301, 51.224641471228402 ], [ 7.174260388641632, 51.225270602025986 ] ] ], [ [ [ 7.17714189751961, 51.228463125059591 ], [ 7.177117034444518, 51.229092256444233 ], [ 7.177092170472118, 51.2297213877522 ], [ 7.177067305602365, 51.230350518983464 ], [ 7.177042439835216, 51.230979650138053 ], [ 7.178044501394265, 51.230995257782538 ], [ 7.179046563850259, 51.231010856851562 ], [ 7.18004862720271, 51.23102644734508 ], [ 7.180073452019653, 51.230397315144749 ], [ 7.180098275940677, 51.229768182867765 ], [ 7.180123098965823, 51.229139050514128 ], [ 7.181125122265248, 51.229154631387573 ], [ 7.182127146460018, 51.229170203686053 ], [ 7.182151941291932, 51.228541070559594 ], [ 7.181149930745883, 51.228525498609088 ], [ 7.181174738331218, 51.227896365753949 ], [ 7.181199545021295, 51.227267232822157 ], [ 7.181224350816157, 51.226638099813727 ], [ 7.181249155715846, 51.226008966728642 ], [ 7.180247200654893, 51.225993387595942 ], [ 7.179245246489559, 51.225977799889279 ], [ 7.17824329322034, 51.225962203608645 ], [ 7.177241340847726, 51.225946598754071 ], [ 7.176239389372209, 51.225930985325562 ], [ 7.176214516239392, 51.226560116668082 ], [ 7.176189642208943, 51.2271892479339 ], [ 7.176164767280821, 51.227818379123022 ], [ 7.17613989145498, 51.228447510235441 ], [ 7.17714189751961, 51.228463125059591 ] ] ], [ [ [ 7.180852169876293, 51.236075086891674 ], [ 7.180827350648738, 51.236704218750305 ], [ 7.180802530525329, 51.237333350532275 ], [ 7.180777709506025, 51.237962482237606 ], [ 7.181779924834535, 51.237978059408782 ], [ 7.181755116575393, 51.238607191385569 ], [ 7.181730307420762, 51.239236323285702 ], [ 7.181705497370598, 51.239865455109197 ], [ 7.181680686424861, 51.240494586856038 ], [ 7.182682957276341, 51.240510156841346 ], [ 7.183685229022948, 51.240525718248207 ], [ 7.184687501664184, 51.240541271076623 ], [ 7.184712271636934, 51.239912138286471 ], [ 7.184737040715587, 51.239283005419715 ], [ 7.183734795389267, 51.239267453286438 ], [ 7.182732550957494, 51.239251892575098 ], [ 7.182757346455491, 51.238622760327026 ], [ 7.182782141058491, 51.237993628002307 ], [ 7.1837843581774, 51.238009188018168 ], [ 7.183809138229751, 51.237380055269085 ], [ 7.183833917387682, 51.236750922443392 ], [ 7.183858695651239, 51.236121789541052 ], [ 7.182856519497932, 51.236106230568353 ], [ 7.181854344239454, 51.236090663018544 ], [ 7.181879148917066, 51.235461530735186 ], [ 7.181903952699402, 51.234832398375175 ], [ 7.181928755586504, 51.234203265938518 ], [ 7.180926622184263, 51.234187690855869 ], [ 7.180901805644013, 51.23481682294446 ], [ 7.180876988208038, 51.235445954956397 ], [ 7.179874828394778, 51.235430370600724 ], [ 7.179849996408945, 51.236059502187736 ], [ 7.180852169876293, 51.236075086891674 ] ] ], [ [ [ 7.180529450029335, 51.244253795074748 ], [ 7.180504619152362, 51.244882925936842 ], [ 7.180479787378985, 51.245512056722298 ], [ 7.181482166613188, 51.245527638071557 ], [ 7.181457347605368, 51.246156769128596 ], [ 7.181432527701548, 51.246785900108968 ], [ 7.182434935156304, 51.246801473574372 ], [ 7.182410128019477, 51.247430604826164 ], [ 7.18341255003286, 51.247446170059085 ], [ 7.183387755664012, 51.248075301582126 ], [ 7.184390192236109, 51.24809085858216 ], [ 7.185392629702856, 51.24810640700143 ], [ 7.185417396744434, 51.247477274783208 ], [ 7.185442162891898, 51.246848142488375 ], [ 7.184439752751972, 51.246832594764086 ], [ 7.184464531668033, 51.246203462740127 ], [ 7.183462136085299, 51.246187906783128 ], [ 7.183486927768975, 51.245558775030197 ], [ 7.183511718557678, 51.244929643200642 ], [ 7.183536508451453, 51.244300511294455 ], [ 7.184538863049256, 51.244316066208519 ], [ 7.184563638387482, 51.243686933878081 ], [ 7.185565980218981, 51.243702479865078 ], [ 7.185590741002646, 51.243073347110588 ], [ 7.184588412831358, 51.243057801471025 ], [ 7.183586085554379, 51.243042247252227 ], [ 7.182583759172203, 51.243026684454193 ], [ 7.182608560041073, 51.242397552665935 ], [ 7.18263336001469, 51.241768420801044 ], [ 7.181631061846494, 51.241752850119795 ], [ 7.180628764574, 51.241737270859744 ], [ 7.18060393728223, 51.24236640202848 ], [ 7.180579109094226, 51.242995533120556 ], [ 7.181581433685321, 51.243011113076967 ], [ 7.181556618261075, 51.243640244440584 ], [ 7.181531801940999, 51.244269375727548 ], [ 7.180529450029335, 51.244253795074748 ] ] ], [ [ [ 7.176184149972038, 51.303360508392352 ], [ 7.177187786374128, 51.30337613901392 ], [ 7.177162857340856, 51.304005262320693 ], [ 7.177137927406664, 51.304634385550784 ], [ 7.178141592124867, 51.304650008273398 ], [ 7.179145257743539, 51.304665622398034 ], [ 7.179170160261958, 51.304036498469529 ], [ 7.179195061880448, 51.303407374464349 ], [ 7.178191423677097, 51.303391761037922 ], [ 7.178216338102618, 51.302762637305193 ], [ 7.177212714506524, 51.302747015630473 ], [ 7.177237641738086, 51.302117892170365 ], [ 7.176234032749162, 51.302102262247764 ], [ 7.175230424661529, 51.302086623727995 ], [ 7.174226817475674, 51.302070976611098 ], [ 7.173223211192096, 51.302055320897075 ], [ 7.17319822913544, 51.30268444295816 ], [ 7.174201849125229, 51.302700099022211 ], [ 7.174176879872465, 51.303329221356648 ], [ 7.174151909717339, 51.303958343614362 ], [ 7.175155558023435, 51.303973991780865 ], [ 7.175180514471317, 51.303344869173266 ], [ 7.176184149972038, 51.303360508392352 ] ] ], [ [ [ 7.175984582805228, 51.308393489903438 ], [ 7.174980837632383, 51.308377847886611 ], [ 7.174955873968024, 51.30900696988067 ], [ 7.17493090940141, 51.309636091798012 ], [ 7.175934681997231, 51.309651734514368 ], [ 7.176938455494853, 51.30966736863126 ], [ 7.176963392637952, 51.309038246014552 ], [ 7.177967153325057, 51.309053871182577 ], [ 7.177992075855565, 51.308424748139835 ], [ 7.176988328879785, 51.308409123321191 ], [ 7.175984582805228, 51.308393489903438 ] ] ], [ [ [ 7.188658094882263, 51.216051601902031 ], [ 7.188682789100854, 51.215422465083407 ], [ 7.187681059708238, 51.215406951863123 ], [ 7.187705766674021, 51.21477781531452 ], [ 7.186704051810983, 51.214762293870201 ], [ 7.186679331207082, 51.215391430071989 ], [ 7.18665460971123, 51.216020566197159 ], [ 7.186629887323385, 51.216649702245746 ], [ 7.187631643102251, 51.216665224730527 ], [ 7.187656351850995, 51.216036088335123 ], [ 7.188658094882263, 51.216051601902031 ] ] ], [ [ [ 7.185157978296958, 51.228587734962368 ], [ 7.186159992419288, 51.22860327261364 ], [ 7.186184731763055, 51.227974138020571 ], [ 7.185182731289124, 51.227958600716491 ], [ 7.185157978296958, 51.228587734962368 ] ] ], [ [ [ 7.183982573554847, 51.23297612388 ], [ 7.184007346453032, 51.232346990517918 ], [ 7.184032118457137, 51.231717857079211 ], [ 7.183030037873019, 51.231702300540206 ], [ 7.183005252217647, 51.232331433631281 ], [ 7.182980465667706, 51.232960566645716 ], [ 7.183982573554847, 51.23297612388 ] ] ], [ [ [ 7.192730375651351, 51.240036249313519 ], [ 7.19373264266404, 51.240051724589172 ], [ 7.194734910566394, 51.240067191286393 ], [ 7.195737179357924, 51.240082649405146 ], [ 7.196739449038137, 51.240098098945417 ], [ 7.197741719606539, 51.240113539907199 ], [ 7.197766311137572, 51.239484402539503 ], [ 7.197790901780947, 51.238855265095332 ], [ 7.196788658527578, 51.2388398248237 ], [ 7.19681326194012, 51.238210687648071 ], [ 7.195811033231593, 51.238195239143586 ], [ 7.194808805411622, 51.238179782061167 ], [ 7.194833435248547, 51.237550645499731 ], [ 7.193831221973784, 51.237535180185063 ], [ 7.1938065784807, 51.238164316400884 ], [ 7.192804352439317, 51.238148842162722 ], [ 7.192779694400085, 51.238777977956211 ], [ 7.192755035470777, 51.239407113673131 ], [ 7.192730375651351, 51.240036249313519 ] ] ], [ [ [ 7.187694324950766, 51.240587878090942 ], [ 7.186692049628586, 51.240572350998001 ], [ 7.186667306078218, 51.241201484406126 ], [ 7.186642561634651, 51.241830617737648 ], [ 7.18764486427397, 51.241846145524612 ], [ 7.188647167806041, 51.241861664732667 ], [ 7.188671884931932, 51.241232530707293 ], [ 7.188696601165609, 51.240603396605358 ], [ 7.187694324950766, 51.240587878090942 ] ] ], [ [ [ 7.195515569743496, 51.245744876058076 ], [ 7.195490942008252, 51.246374011970275 ], [ 7.195466313383905, 51.247003147805948 ], [ 7.19544168387041, 51.247632283565103 ], [ 7.196444117481676, 51.247647737249324 ], [ 7.196468733331543, 51.247018601144781 ], [ 7.196493348292755, 51.246389464963734 ], [ 7.197495755465868, 51.246404909376778 ], [ 7.197520355875779, 51.24577577277406 ], [ 7.198522750274284, 51.2457912082617 ], [ 7.19854733613388, 51.245162071237502 ], [ 7.199549717757692, 51.245177497800114 ], [ 7.199574289067958, 51.244548360354671 ], [ 7.200576657916992, 51.24456377799261 ], [ 7.201579027652541, 51.244579187050675 ], [ 7.201603570753085, 51.243950048839814 ], [ 7.201628112967647, 51.243320910552477 ], [ 7.200625770554362, 51.243305502183183 ], [ 7.199623429027509, 51.243290085234349 ], [ 7.199647997676877, 51.242660947559465 ], [ 7.198645670697257, 51.242645522375867 ], [ 7.198621088387579, 51.243274659706017 ], [ 7.197618748635068, 51.24325922559818 ], [ 7.197594151777214, 51.243888362506901 ], [ 7.19756955403141, 51.244517499339103 ], [ 7.197544955397613, 51.245146636094816 ], [ 7.19654257554938, 51.245131192372099 ], [ 7.196517962365352, 51.245760328706169 ], [ 7.195515569743496, 51.245744876058076 ] ] ], [ [ [ 7.195293888114971, 51.251407096513283 ], [ 7.195269252376261, 51.252036231736859 ], [ 7.195244615748064, 51.252665366883896 ], [ 7.195219978230338, 51.253294501954429 ], [ 7.195195339823043, 51.253923636948436 ], [ 7.195170700526133, 51.254552771865939 ], [ 7.196173284469843, 51.25456822934995 ], [ 7.197175869302715, 51.254583678251059 ], [ 7.198178455024254, 51.254599118569253 ], [ 7.198153855846444, 51.255228254446131 ], [ 7.198129255780415, 51.255857390246526 ], [ 7.19913186972996, 51.25587282267162 ], [ 7.199156456125829, 51.255243686526299 ], [ 7.199181041633969, 51.254614550304495 ], [ 7.199205626254429, 51.253985414006209 ], [ 7.199230209987245, 51.253356277631461 ], [ 7.200232770146702, 51.253371700094327 ], [ 7.201235331193266, 51.253387113974618 ], [ 7.201259886701976, 51.252757976834175 ], [ 7.202262434966835, 51.252773381787534 ], [ 7.202286975921151, 51.252144244226322 ], [ 7.201284441324116, 51.252128839617278 ], [ 7.200281907613609, 51.252113426425993 ], [ 7.200306475016506, 51.251484289477126 ], [ 7.199303955860269, 51.251468868048313 ], [ 7.199328536042942, 51.250839731367641 ], [ 7.198326031440889, 51.250824301701705 ], [ 7.198350624402351, 51.250195165289405 ], [ 7.198375216475932, 51.249566028800622 ], [ 7.197372740093663, 51.249550591242972 ], [ 7.197397344944599, 51.248921455022725 ], [ 7.196394883115813, 51.248906009228897 ], [ 7.196419500743114, 51.248276873277362 ], [ 7.195417053467725, 51.248261419247761 ], [ 7.19544168387041, 51.247632283565103 ], [ 7.194439251148331, 51.24761682130012 ], [ 7.194414607081566, 51.248245956637184 ], [ 7.194389962125077, 51.248875091897744 ], [ 7.194365316278819, 51.249504227081758 ], [ 7.195367789994615, 51.249519690383529 ], [ 7.195343156924108, 51.250148825836625 ], [ 7.196345645194819, 51.250164280902453 ], [ 7.196321024901045, 51.250793416624468 ], [ 7.196296403718363, 51.251422552269986 ], [ 7.195293888114971, 51.251407096513283 ] ] ], [ [ [ 7.182990923994081, 51.2581413955293 ], [ 7.183993579250995, 51.258156958093622 ], [ 7.18396878333092, 51.258786088661815 ], [ 7.184971453155197, 51.258801642989965 ], [ 7.184946670012274, 51.259430773829209 ], [ 7.185949354404001, 51.259446319920784 ], [ 7.186952039690155, 51.259461857428107 ], [ 7.187954725870249, 51.259477386351158 ], [ 7.187979467995341, 51.25884825447006 ], [ 7.18800420922703, 51.258219122512394 ], [ 7.188028949565361, 51.257589990478138 ], [ 7.188053689010375, 51.2569608583673 ], [ 7.187051057517936, 51.256945330832551 ], [ 7.186048426919263, 51.256929794714303 ], [ 7.185045797214852, 51.256914250012571 ], [ 7.184043168405193, 51.256898696727362 ], [ 7.183040540490781, 51.256883134858697 ], [ 7.183065347395501, 51.256254004408447 ], [ 7.182062734047297, 51.256238434304372 ], [ 7.182087553726296, 51.2556093041255 ], [ 7.181084954944213, 51.255593725786383 ], [ 7.181060121595282, 51.256222855617054 ], [ 7.181035287349665, 51.256851985371092 ], [ 7.182037913472107, 51.256867564406598 ], [ 7.182013092000687, 51.257496694432206 ], [ 7.183015732690322, 51.257512265232315 ], [ 7.182990923994081, 51.2581413955293 ] ] ], [ [ [ 7.19494890681441, 51.260214982680189 ], [ 7.195951613801742, 51.260230443273976 ], [ 7.195976247433582, 51.259601308699537 ], [ 7.196000880175922, 51.258972174048615 ], [ 7.196025512028804, 51.258343039321183 ], [ 7.19502284606045, 51.258327579764085 ], [ 7.194020180982007, 51.258312111622942 ], [ 7.193017516793963, 51.258296634897789 ], [ 7.192014853496816, 51.25828114958864 ], [ 7.191990166954191, 51.25891028293271 ], [ 7.191965479520136, 51.259539416200248 ], [ 7.191940791194608, 51.260168549391267 ], [ 7.192943495510352, 51.260184035738824 ], [ 7.193946200717117, 51.260199513501796 ], [ 7.19494890681441, 51.260214982680189 ] ] ], [ [ [ 7.198885956937072, 51.262164179918514 ], [ 7.198861360773432, 51.262793315222567 ], [ 7.199864126015523, 51.262808742857032 ], [ 7.199888708503535, 51.262179607208147 ], [ 7.199913290103851, 51.261550471482778 ], [ 7.198910552212519, 51.261535044537979 ], [ 7.197907815209337, 51.261519609008111 ], [ 7.197883206258798, 51.262148744043628 ], [ 7.198885956937072, 51.262164179918514 ] ] ], [ [ [ 7.187893244195861, 51.286545520054538 ], [ 7.188896520556749, 51.286561046726334 ], [ 7.189899797811925, 51.286576564805571 ], [ 7.190903075960891, 51.286592074292209 ], [ 7.191906355003156, 51.28660757518626 ], [ 7.191931067114764, 51.285978444863666 ], [ 7.191955778333611, 51.285349314464533 ], [ 7.190952526679021, 51.285333814263566 ], [ 7.190977250698245, 51.284704684134432 ], [ 7.189974013629924, 51.284689175687944 ], [ 7.188970777455267, 51.284673658649453 ], [ 7.187967542174768, 51.284658133018951 ], [ 7.187942777076509, 51.285287262107389 ], [ 7.186939528997734, 51.285271727537619 ], [ 7.186914749311359, 51.28590085620219 ], [ 7.187918011083553, 51.285916391119244 ], [ 7.187893244195861, 51.286545520054538 ] ] ], [ [ [ 7.180571911745966, 51.293986104784544 ], [ 7.181575346195459, 51.294001695786086 ], [ 7.181600206021749, 51.293372569857119 ], [ 7.180596785271844, 51.293356979204162 ], [ 7.180571911745966, 51.293986104784544 ] ] ], [ [ [ 7.210647875169711, 51.217649020426762 ], [ 7.210623478371403, 51.218278164593777 ], [ 7.211625282693394, 51.218293482048502 ], [ 7.211649665850608, 51.217664337539212 ], [ 7.210647875169711, 51.217649020426762 ] ] ], [ [ [ 7.226071906135071, 51.233621783229815 ], [ 7.226047705775303, 51.234250930944228 ], [ 7.227049865319451, 51.234266119727081 ], [ 7.227025677740732, 51.234895267704708 ], [ 7.227001489288965, 51.2355244156061 ], [ 7.228003677015789, 51.235539596490369 ], [ 7.227979501346508, 51.236168744654783 ], [ 7.228981703601542, 51.236183917300615 ], [ 7.229983906728726, 51.236199081368703 ], [ 7.230986110727562, 51.236214236859077 ], [ 7.231010245429875, 51.23558508767799 ], [ 7.232012436644135, 51.235600234252097 ], [ 7.23301462872902, 51.235615372248617 ], [ 7.232990521338225, 51.23624452210651 ], [ 7.232966413077252, 51.236873671888233 ], [ 7.233968633344409, 51.236888801983405 ], [ 7.233944537870024, 51.237517952027098 ], [ 7.233920441525871, 51.238147101994613 ], [ 7.232918193944609, 51.238131971223169 ], [ 7.232894083072858, 51.238761120776381 ], [ 7.232869971330763, 51.239390270253423 ], [ 7.232845858718284, 51.240019419654281 ], [ 7.23282174523538, 51.24064856897899 ], [ 7.232797630882009, 51.241277718227515 ], [ 7.233799946757148, 51.241292850689824 ], [ 7.233824047450757, 51.240663701103109 ], [ 7.23482635053611, 51.240678824648079 ], [ 7.234850436700437, 51.24004967464721 ], [ 7.235852726995922, 51.240064789275223 ], [ 7.236855018160353, 51.240079895324229 ], [ 7.237857310193241, 51.240094992794241 ], [ 7.238859603094093, 51.240110081685224 ], [ 7.238835571567414, 51.240739233036138 ], [ 7.238811539173222, 51.241368384310945 ], [ 7.237809218952929, 51.241353294745501 ], [ 7.236806899600685, 51.241338196600658 ], [ 7.236782839018064, 51.241967347124664 ], [ 7.236758777566862, 51.242596497572528 ], [ 7.237761124240436, 51.242611596392265 ], [ 7.238763471782137, 51.2426266866322 ], [ 7.239765820191476, 51.242641768292316 ], [ 7.239741798855984, 51.243270919675844 ], [ 7.240744161793993, 51.243285993093018 ], [ 7.240768169467958, 51.242656841372607 ], [ 7.240792176275272, 51.242027689576119 ], [ 7.240816182215974, 51.241398537703517 ], [ 7.24084018729011, 51.240769385754824 ], [ 7.241842496451496, 51.240784449245275 ], [ 7.241866486999505, 51.24015529688382 ], [ 7.240864191497718, 51.240140233730024 ], [ 7.240888194838837, 51.239511081629139 ], [ 7.240912197313514, 51.238881929452148 ], [ 7.240936198921784, 51.238252777199065 ], [ 7.241938453447735, 51.238267839342967 ], [ 7.241962440532015, 51.23763868667718 ], [ 7.241986426750466, 51.237009533935286 ], [ 7.24098419953928, 51.236994472464609 ], [ 7.239981973194378, 51.236979402415805 ], [ 7.238979747716246, 51.236964323788904 ], [ 7.239003774038716, 51.236335171981295 ], [ 7.23800156308437, 51.236320085113462 ], [ 7.238025602195645, 51.235690933566893 ], [ 7.238049640439245, 51.235061781944211 ], [ 7.237047457664096, 51.235046687173202 ], [ 7.237071508695065, 51.234417535811716 ], [ 7.237095558857949, 51.233788384374101 ], [ 7.236093404260356, 51.23377328170065 ], [ 7.236117467209174, 51.233144130524423 ], [ 7.235115327134053, 51.233129019611589 ], [ 7.235139402867819, 51.232499868696898 ], [ 7.234137277315085, 51.23248474954508 ], [ 7.234161365832819, 51.23185559889211 ], [ 7.234185453481156, 51.231226448162964 ], [ 7.23420954026014, 51.230597297357676 ], [ 7.235211624855619, 51.230612415495905 ], [ 7.236213710319918, 51.230627525058026 ], [ 7.237215796652548, 51.23064262604403 ], [ 7.237239841607792, 51.230013474149622 ], [ 7.2382419151567, 51.230028566222217 ], [ 7.238265945593082, 51.229399413914415 ], [ 7.239268006358188, 51.229414497073982 ], [ 7.239243989572913, 51.230043649718851 ], [ 7.240246064855937, 51.230058724639505 ], [ 7.24124814100528, 51.23007379098415 ], [ 7.242250218020451, 51.230088848752793 ], [ 7.242274193852158, 51.229459695097866 ], [ 7.243276258081393, 51.229474743954164 ], [ 7.243300219397026, 51.228845589886845 ], [ 7.243324179847897, 51.228216435743455 ], [ 7.243348139434048, 51.227587281523988 ], [ 7.243372098155519, 51.226958127228443 ], [ 7.243396056012352, 51.22632897285682 ], [ 7.242394060032097, 51.226313925681893 ], [ 7.241392064916931, 51.22629886993208 ], [ 7.241368079762514, 51.226928023631004 ], [ 7.240366071864199, 51.226912958969685 ], [ 7.239364064831997, 51.226897885733329 ], [ 7.2383620586664, 51.226882803921953 ], [ 7.237360053367901, 51.226867713535562 ], [ 7.237336012751224, 51.227496865810629 ], [ 7.237311971266914, 51.228126018009583 ], [ 7.237287928914934, 51.228755170132402 ], [ 7.236285883535378, 51.22874007015875 ], [ 7.236309939537399, 51.228110918373368 ], [ 7.236333994671257, 51.227481766511843 ], [ 7.236358048936991, 51.226852614574192 ], [ 7.235356045374163, 51.226837507037843 ], [ 7.235380112420342, 51.226208355361635 ], [ 7.23437812337457, 51.22619323958812 ], [ 7.233376135197821, 51.226178115239868 ], [ 7.23335204085472, 51.2268072662403 ], [ 7.233327945642063, 51.227436417164562 ], [ 7.233303849559807, 51.22806556801266 ], [ 7.233279752607912, 51.228694718784588 ], [ 7.233255654786335, 51.229323869480353 ], [ 7.232253599232184, 51.229308734866414 ], [ 7.231251544548247, 51.229293591676814 ], [ 7.231275669670518, 51.228664441657656 ], [ 7.231299793922123, 51.228035291562307 ], [ 7.231323917303105, 51.227406141390787 ], [ 7.230321904439253, 51.227390990641283 ], [ 7.229319892446477, 51.227375831316714 ], [ 7.229344042254452, 51.22674668174632 ], [ 7.228342044781966, 51.226731514185659 ], [ 7.228317881325264, 51.227360663417109 ], [ 7.227315871076109, 51.227345486942468 ], [ 7.227291693098173, 51.227974635758564 ], [ 7.227267514247643, 51.228603784498425 ], [ 7.228269551795644, 51.228618961651357 ], [ 7.228245385722643, 51.229248110654169 ], [ 7.229247437792985, 51.229263279570674 ], [ 7.229223284498497, 51.229892428836244 ], [ 7.229199130332276, 51.230521578025609 ], [ 7.229174975294285, 51.231150727138768 ], [ 7.228172882270386, 51.231135557205285 ], [ 7.228148712708407, 51.231764705903238 ], [ 7.228124542274082, 51.232393854524965 ], [ 7.228100370967368, 51.233023003070478 ], [ 7.227098237857915, 51.23300782354319 ], [ 7.22712242281774, 51.232378675336903 ], [ 7.22612030423428, 51.232363487572293 ], [ 7.226144501973804, 51.231734339629192 ], [ 7.225142397916255, 51.231719143627664 ], [ 7.225118186524194, 51.232348291231183 ], [ 7.225093974258267, 51.232977438758446 ], [ 7.226096105621383, 51.232992635439174 ], [ 7.226071906135071, 51.233621783229815 ] ] ], [ [ [ 7.208986694217304, 51.234620551192869 ], [ 7.208962259981199, 51.235249692954888 ], [ 7.209964431917125, 51.235265028231353 ], [ 7.21096660473451, 51.235280354930637 ], [ 7.21099101166191, 51.234651212483392 ], [ 7.211993171705842, 51.234666530263141 ], [ 7.212017564098399, 51.234037387397215 ], [ 7.21101541770839, 51.234022069959785 ], [ 7.211039822873991, 51.233392927359809 ], [ 7.21003769101825, 51.233377601688034 ], [ 7.21001327219926, 51.234006743945528 ], [ 7.209011127571503, 51.233991409354445 ], [ 7.208986694217304, 51.234620551192869 ] ] ], [ [ [ 7.202949246903755, 51.235157501175948 ], [ 7.203951413540616, 51.235172887915212 ], [ 7.203975916047742, 51.234543747869587 ], [ 7.202973763064961, 51.234528361474162 ], [ 7.202949246903755, 51.235157501175948 ] ] ], [ [ [ 7.213705044810775, 51.242246856736131 ], [ 7.214707371381478, 51.242262152886262 ], [ 7.215709698831636, 51.242277440457016 ], [ 7.215734047152373, 51.241648297139697 ], [ 7.216736361821456, 51.24166357578958 ], [ 7.217738677368967, 51.241678845860214 ], [ 7.21776299749165, 51.241049701783858 ], [ 7.216760695603726, 51.241034432054462 ], [ 7.216785028507612, 51.240405288243053 ], [ 7.215782741157129, 51.240390010276073 ], [ 7.214780454685481, 51.240374723730262 ], [ 7.214804814028103, 51.239745580525586 ], [ 7.213802542094261, 51.23973028574278 ], [ 7.213826914215581, 51.239101142803591 ], [ 7.213851285457163, 51.238471999788032 ], [ 7.212849041718496, 51.238456697110621 ], [ 7.211846798860016, 51.238441385855005 ], [ 7.211822400303576, 51.239070528186375 ], [ 7.211798000866411, 51.239699670441375 ], [ 7.2128002710402, 51.239714982381379 ], [ 7.212775884380667, 51.240344124902222 ], [ 7.213778169093165, 51.240359428605643 ], [ 7.213753795212245, 51.240988571392151 ], [ 7.213729420451462, 51.241617714102318 ], [ 7.213705044810775, 51.242246856736131 ] ] ], [ [ [ 7.224415675854246, 51.250593538567045 ], [ 7.224391438228142, 51.251222683883242 ], [ 7.224367199726928, 51.251851829123176 ], [ 7.225369740909845, 51.251867035996277 ], [ 7.226372282967424, 51.251882234286946 ], [ 7.226396494132994, 51.251253088367434 ], [ 7.226420704424437, 51.250623942371696 ], [ 7.226444913841796, 51.249994796299738 ], [ 7.225442412786268, 51.249979599028123 ], [ 7.225418189702053, 51.250608744760406 ], [ 7.224415675854246, 51.250593538567045 ] ] ], [ [ [ 7.201382650947797, 51.24961228998508 ], [ 7.201358099871524, 51.250241427507824 ], [ 7.202360593468042, 51.250256831084016 ], [ 7.202336055171712, 51.250885968874577 ], [ 7.203338563320531, 51.250901364213178 ], [ 7.203363087950473, 51.250272226078543 ], [ 7.203387611694997, 51.249643087867469 ], [ 7.202385130878463, 51.249627693217015 ], [ 7.201382650947797, 51.24961228998508 ] ] ], [ [ [ 7.202188806787253, 51.254660794012452 ], [ 7.203191396944747, 51.254676191415776 ], [ 7.203215926888078, 51.254047053739775 ], [ 7.203240455945742, 51.253417915987342 ], [ 7.202237893126443, 51.253402519272299 ], [ 7.202213350399929, 51.254031656680588 ], [ 7.202188806787253, 51.254660794012452 ] ] ], [ [ [ 7.222167961748967, 51.256854543360973 ], [ 7.222143688025515, 51.257483687234206 ], [ 7.223146350489274, 51.257498914334974 ], [ 7.224149013829056, 51.25751413285159 ], [ 7.224173260208159, 51.256884988297855 ], [ 7.224197505711772, 51.256255843667887 ], [ 7.224221750339941, 51.255626698961663 ], [ 7.224245994092706, 51.254997554179198 ], [ 7.22324338543875, 51.254982337023151 ], [ 7.223267641986376, 51.254353192504546 ], [ 7.222265047878458, 51.254337967105428 ], [ 7.221262454646847, 51.254322733123132 ], [ 7.220259862292035, 51.254307490557686 ], [ 7.219257270814515, 51.254292239409104 ], [ 7.218254680214779, 51.254276979677407 ], [ 7.218230355316656, 51.254906122492542 ], [ 7.219232959586407, 51.254921382565314 ], [ 7.219208647480474, 51.255550525645226 ], [ 7.219184334496672, 51.256179668648848 ], [ 7.220186966985843, 51.256194920820121 ], [ 7.220162666795668, 51.256824064088349 ], [ 7.221165313833834, 51.256839308016616 ], [ 7.222167961748967, 51.256854543360973 ] ] ], [ [ [ 7.201112540349666, 51.256532798529918 ], [ 7.202115170631821, 51.256548205549308 ], [ 7.202090623474069, 51.257177342575361 ], [ 7.20309326831387, 51.257192741355347 ], [ 7.203117801800304, 51.256563603985107 ], [ 7.203142334400902, 51.255934466538449 ], [ 7.20213971690324, 51.255919068446808 ], [ 7.201137100291866, 51.255903661771782 ], [ 7.200134484567275, 51.255888246513386 ], [ 7.19913186972996, 51.25587282267162 ], [ 7.199107282446325, 51.256501958740458 ], [ 7.200109910954338, 51.256517382926965 ], [ 7.201112540349666, 51.256532798529918 ] ] ], [ [ [ 7.209867380568503, 51.263591686008581 ], [ 7.21087016922519, 51.263607019544686 ], [ 7.211872958764234, 51.263622344494955 ], [ 7.211897378023263, 51.262993204799308 ], [ 7.212900154767502, 51.263008520821352 ], [ 7.213902932393071, 51.263023828257694 ], [ 7.214905710899476, 51.263039127108321 ], [ 7.215908490286223, 51.26305441737324 ], [ 7.215884125734114, 51.263683558437158 ], [ 7.216886919677544, 51.263698840457906 ], [ 7.217889714500372, 51.263714113892682 ], [ 7.217865376423069, 51.264343255563304 ], [ 7.218868185802212, 51.264358520753326 ], [ 7.219870996059811, 51.264373777357164 ], [ 7.21989530678225, 51.263744635004329 ], [ 7.219919616626773, 51.263115492575203 ], [ 7.219943925593418, 51.262486350069793 ], [ 7.218941156366698, 51.262471094488994 ], [ 7.217938388018308, 51.262455830322573 ], [ 7.21693562054874, 51.262440557570578 ], [ 7.215932853958484, 51.262425276233003 ], [ 7.215957216750938, 51.261796135016439 ], [ 7.214954464716297, 51.261780845435069 ], [ 7.214930088248037, 51.262409986309876 ], [ 7.21392732341789, 51.262394687801198 ], [ 7.213951713561912, 51.261765547268361 ], [ 7.212948963288283, 51.261750240516299 ], [ 7.211946213895896, 51.261734925178956 ], [ 7.210943465385247, 51.261719601256296 ], [ 7.210919034214182, 51.262348740762128 ], [ 7.209916272910168, 51.262333407911477 ], [ 7.209891827180739, 51.26296254699821 ], [ 7.209867380568503, 51.263591686008581 ] ] ], [ [ [ 7.202967044758346, 51.286148383781502 ], [ 7.202991605344895, 51.285519249583231 ], [ 7.203016165044156, 51.284890115308521 ], [ 7.202012917290387, 51.284874709967617 ], [ 7.202037489795474, 51.284245575960881 ], [ 7.201034256622468, 51.284230162372332 ], [ 7.201009670424354, 51.284859296034483 ], [ 7.200006424446551, 51.284843873509132 ], [ 7.199981823666727, 51.285473006750031 ], [ 7.199957221998136, 51.286102139914483 ], [ 7.199932619440734, 51.286731273002474 ], [ 7.200935906500453, 51.286746696562226 ], [ 7.201939194448529, 51.286762111529185 ], [ 7.201963769616957, 51.28613297775177 ], [ 7.202967044758346, 51.286148383781502 ] ] ], [ [ [ 7.207640451217281, 51.295033179864269 ], [ 7.208643923447451, 51.295048539144659 ], [ 7.208619431756253, 51.295677674259728 ], [ 7.209622918573142, 51.295693025287889 ], [ 7.21062640627453, 51.295708367720451 ], [ 7.210650870562157, 51.295079231919154 ], [ 7.211654345445704, 51.295094565413223 ], [ 7.212657821212721, 51.295109890311799 ], [ 7.21268225721363, 51.294480753748708 ], [ 7.213685720162185, 51.294496069709368 ], [ 7.214689183993179, 51.294511377074699 ], [ 7.214713591709224, 51.293882239750587 ], [ 7.214737998543366, 51.293253102350157 ], [ 7.214762404495645, 51.292623964873393 ], [ 7.214786809566107, 51.291994827320295 ], [ 7.213783400536093, 51.291979521323853 ], [ 7.21277999238835, 51.291964206732857 ], [ 7.211776585123375, 51.29194888354732 ], [ 7.21180103040896, 51.291319746945092 ], [ 7.210797637726126, 51.291304415507817 ], [ 7.210822095826884, 51.290675279172 ], [ 7.209818717726109, 51.290659939483369 ], [ 7.20984318864105, 51.29003080341414 ], [ 7.20883982512225, 51.29001545547456 ], [ 7.2088153405095, 51.290644591200646 ], [ 7.207811964177549, 51.290629234323838 ], [ 7.207787464981877, 51.291258369630214 ], [ 7.207762964901011, 51.291887504860192 ], [ 7.207738463934906, 51.292516640013794 ], [ 7.207713962083523, 51.293145775090998 ], [ 7.20768945934682, 51.293774910091805 ], [ 7.207664955724754, 51.294404045016243 ], [ 7.207640451217281, 51.295033179864269 ] ] ], [ [ [ 7.22070998548269, 51.29460304076396 ], [ 7.220685659094467, 51.295232180061191 ], [ 7.221689142790471, 51.295247427599676 ], [ 7.222692627365, 51.29526266654252 ], [ 7.222668327502336, 51.295891806445113 ], [ 7.222644026761596, 51.296520946271464 ], [ 7.223647539619358, 51.296536177299686 ], [ 7.22367182665725, 51.295907037132814 ], [ 7.224675326689744, 51.295922259224618 ], [ 7.224699599147663, 51.295293118641162 ], [ 7.223696112817564, 51.295277896889679 ], [ 7.22372039810034, 51.294648756570318 ], [ 7.222716926349635, 51.294633526563679 ], [ 7.222741224456278, 51.294004386508583 ], [ 7.222765521684972, 51.293375246377238 ], [ 7.223768966033444, 51.293390475702886 ], [ 7.223793248683856, 51.292761335154793 ], [ 7.223817530456898, 51.292132194530467 ], [ 7.223841811352611, 51.291503053829906 ], [ 7.222838408103782, 51.291487825525699 ], [ 7.2228627018211, 51.290858685089368 ], [ 7.221859313148901, 51.290843448531305 ], [ 7.220855925354937, 51.290828203378929 ], [ 7.2198525384397, 51.290812949632262 ], [ 7.219828203625957, 51.291442089046072 ], [ 7.21980386793295, 51.292071228383598 ], [ 7.219779531360635, 51.292700367644841 ], [ 7.219755193908975, 51.293329506829821 ], [ 7.219730855577922, 51.29395864593851 ], [ 7.220734310991936, 51.293973901390466 ], [ 7.22070998548269, 51.29460304076396 ] ] ], [ [ [ 7.221494609668403, 51.300280541959417 ], [ 7.221518929384236, 51.299651402931346 ], [ 7.220515349761969, 51.299636153006283 ], [ 7.219511771019015, 51.299620894484235 ], [ 7.219487423891763, 51.300250032830156 ], [ 7.219463075884661, 51.30087917109978 ], [ 7.220466682039485, 51.300894430304176 ], [ 7.221470289073708, 51.300909680911211 ], [ 7.221494609668403, 51.300280541959417 ] ] ], [ [ [ 7.221421645247568, 51.302167958586026 ], [ 7.221397322016037, 51.302797097309032 ], [ 7.222400971050931, 51.302812340341113 ], [ 7.223404620964356, 51.302827574775222 ], [ 7.224408271755823, 51.302842800611344 ], [ 7.224432553863976, 51.30221366086645 ], [ 7.224456835094625, 51.301584521045299 ], [ 7.224481115447815, 51.300955381147929 ], [ 7.223477505778368, 51.300940156333098 ], [ 7.222473896986833, 51.300924922920849 ], [ 7.221470289073708, 51.300909680911211 ], [ 7.22144596760011, 51.301538819786742 ], [ 7.221421645247568, 51.302167958586026 ] ] ], [ [ [ 7.218362014952469, 51.303380454248199 ], [ 7.219365675056911, 51.303395723415527 ], [ 7.219390026583833, 51.302766585451018 ], [ 7.218386380187511, 51.302751316625098 ], [ 7.217382734671702, 51.302736039201292 ], [ 7.217358355728583, 51.303365176482799 ], [ 7.218362014952469, 51.303380454248199 ] ] ], [ [ [ 7.223356026698221, 51.304085853355438 ], [ 7.22338032427033, 51.303456714103447 ], [ 7.222376660648615, 51.30344147932869 ], [ 7.222352349367726, 51.304070618240047 ], [ 7.22232803720822, 51.304699757075127 ], [ 7.22333172824799, 51.304714992531181 ], [ 7.223356026698221, 51.304085853355438 ] ] ], [ [ [ 7.234633629916667, 51.245712021913569 ], [ 7.23563604316403, 51.245727139582087 ], [ 7.235660122622081, 51.245097989852567 ], [ 7.235684201210853, 51.244468840046906 ], [ 7.234681815289576, 51.244453723054121 ], [ 7.233679430238031, 51.244438597481 ], [ 7.233655324323705, 51.245067746610751 ], [ 7.233631217539116, 51.245696895664331 ], [ 7.234633629916667, 51.245712021913569 ] ] ], [ [ [ 7.231191832367298, 51.256991275180866 ], [ 7.231215982167827, 51.25636212817524 ], [ 7.231240131096361, 51.255732981093445 ], [ 7.231264279152941, 51.255103833935443 ], [ 7.230261664381799, 51.255088676863544 ], [ 7.229259050483063, 51.255073511208145 ], [ 7.228256437457225, 51.255058336969256 ], [ 7.228232248387745, 51.255687483110314 ], [ 7.228208058444832, 51.25631662917516 ], [ 7.229210698813013, 51.256331804092405 ], [ 7.230213340054175, 51.256346970425767 ], [ 7.230189176581653, 51.256976117092584 ], [ 7.231191832367298, 51.256991275180866 ] ] ], [ [ [ 7.225800112611668, 51.292791767340304 ], [ 7.22577585736213, 51.293420908568798 ], [ 7.225751601236168, 51.294050049721072 ], [ 7.225727344233742, 51.294679190797112 ], [ 7.226730818615451, 51.29469439501721 ], [ 7.226755061916389, 51.294065253601239 ], [ 7.227758523472581, 51.294080448886042 ], [ 7.228761985904249, 51.294095635575474 ], [ 7.228737770006414, 51.294724777670737 ], [ 7.22974124701468, 51.294739956104138 ], [ 7.229717043943928, 51.295369098462587 ], [ 7.229692839998606, 51.295998240744836 ], [ 7.228689335585629, 51.295983061632697 ], [ 7.228665117062596, 51.296612203499379 ], [ 7.228640897664413, 51.297241345289876 ], [ 7.228616677391041, 51.297870487004175 ], [ 7.229620222914792, 51.297885667134494 ], [ 7.229596015470766, 51.298514809112 ], [ 7.229571807151962, 51.299143951013335 ], [ 7.229547597958336, 51.299773092838464 ], [ 7.229523387889847, 51.30040223458743 ], [ 7.229499176946454, 51.301031376260191 ], [ 7.229474965128113, 51.301660517856774 ], [ 7.229450752434786, 51.30228965937718 ], [ 7.229426538866428, 51.302918800821388 ], [ 7.230430194915743, 51.302933975069166 ], [ 7.231433851839633, 51.302949140718837 ], [ 7.231409664813405, 51.303578282765258 ], [ 7.232413336320039, 51.303593440155701 ], [ 7.233417008700303, 51.303608588947789 ], [ 7.234420681953699, 51.303623729141535 ], [ 7.234444827853817, 51.30299458607896 ], [ 7.235448488271067, 51.303009717335975 ], [ 7.236452149560419, 51.303024839994805 ], [ 7.237455811721381, 51.3030399540554 ], [ 7.23743170694775, 51.30366909813241 ], [ 7.237407601302963, 51.304298242133299 ], [ 7.237383494786979, 51.304927386058083 ], [ 7.237359387399757, 51.305556529906745 ], [ 7.238363105270447, 51.305571636720195 ], [ 7.238339010722836, 51.306200780830544 ], [ 7.238314915304399, 51.306829924864779 ], [ 7.239318661468233, 51.30684502375442 ], [ 7.239342743175243, 51.306215879382563 ], [ 7.240346476497982, 51.306230969335367 ], [ 7.240370543623687, 51.305601824549996 ], [ 7.241374264105247, 51.305616905566318 ], [ 7.241398316650636, 51.304987760367659 ], [ 7.241422368326767, 51.304358615092923 ], [ 7.24144641913368, 51.303729469742116 ], [ 7.241470469071416, 51.303100324315224 ], [ 7.24046680342897, 51.303085244647683 ], [ 7.240490866206112, 51.302456099481901 ], [ 7.240514928113667, 51.301826954240042 ], [ 7.240538989151675, 51.301197808922076 ], [ 7.240563049320179, 51.300568663528026 ], [ 7.240587108619217, 51.299939518057897 ], [ 7.240611167048834, 51.299310372511698 ], [ 7.240635224609069, 51.298681226889393 ], [ 7.240659281299965, 51.298052081191017 ], [ 7.240683337121562, 51.297422935416556 ], [ 7.239679795707434, 51.297407850186687 ], [ 7.239655726181295, 51.298036995623853 ], [ 7.238652171932417, 51.298021901459954 ], [ 7.237648618553826, 51.298006798699326 ], [ 7.237672715488928, 51.297377653937311 ], [ 7.237696811553289, 51.296748509099181 ], [ 7.237720906746952, 51.296119364184946 ], [ 7.237745001069954, 51.295490219194591 ], [ 7.237769094522345, 51.294861074128129 ], [ 7.236765610531684, 51.294845964460045 ], [ 7.235762127412091, 51.294830846196248 ], [ 7.235786247397756, 51.294201701729499 ], [ 7.234782778851592, 51.294186575208187 ], [ 7.233779311177444, 51.29417144009139 ], [ 7.233803457694283, 51.293542296225105 ], [ 7.233827603338653, 51.292913152282672 ], [ 7.233851748110596, 51.292284008264083 ], [ 7.233875892010153, 51.291654864169359 ], [ 7.232872480010693, 51.291639721811336 ], [ 7.231869068884072, 51.291624570858609 ], [ 7.231844897584951, 51.292253714276043 ], [ 7.231820725412455, 51.292882857617315 ], [ 7.231796552366543, 51.293512000882416 ], [ 7.230793101012613, 51.293496840318177 ], [ 7.229789650532634, 51.293481671158709 ], [ 7.229813850979922, 51.2928525285717 ], [ 7.228810415075015, 51.292837351156351 ], [ 7.228834628348028, 51.292208208832506 ], [ 7.227831207018109, 51.292193023161659 ], [ 7.226827786563543, 51.292177828896016 ], [ 7.226803545890394, 51.292806970540632 ], [ 7.225800112611668, 51.292791767340304 ] ], [ [ 7.23260669840246, 51.2985602989406 ], [ 7.232630864732493, 51.297931155946003 ], [ 7.233634413752229, 51.297946301689969 ], [ 7.233658565504755, 51.297317158280585 ], [ 7.233682716384565, 51.296688014795045 ], [ 7.233706866391695, 51.296058871233349 ], [ 7.234710375172793, 51.29607400736537 ], [ 7.234686238868966, 51.29670315126549 ], [ 7.234662101692957, 51.297332295089468 ], [ 7.234637963644723, 51.297961438837298 ], [ 7.234613824724226, 51.298590582508993 ], [ 7.233610261126943, 51.298575445023218 ], [ 7.23260669840246, 51.2985602989406 ] ] ], [ [ [ 7.226342806634313, 51.304760647307837 ], [ 7.225339112961532, 51.304745437647554 ], [ 7.224335420165926, 51.304730219388667 ], [ 7.22333172824799, 51.304714992531181 ], [ 7.223307428919595, 51.305344131630676 ], [ 7.224311134547342, 51.305359358828632 ], [ 7.224286848051047, 51.305988498192377 ], [ 7.225290568266858, 51.306003717131844 ], [ 7.226294289359926, 51.306018927472323 ], [ 7.226270029407607, 51.306648067440236 ], [ 7.226245768578483, 51.307277207331957 ], [ 7.227249517970668, 51.307292409753266 ], [ 7.228253268239203, 51.307307603575168 ], [ 7.228229033957106, 51.307936744070346 ], [ 7.228204798799111, 51.308565884489312 ], [ 7.229208577368001, 51.308581070390915 ], [ 7.229232798813502, 51.307951929632381 ], [ 7.229257019383596, 51.307322788797649 ], [ 7.230260771403353, 51.307337965420693 ], [ 7.231264524297978, 51.307353133444266 ], [ 7.232268278066976, 51.307368292868368 ], [ 7.232244098633133, 51.307997434720598 ], [ 7.233247866988178, 51.308012585883979 ], [ 7.234251636216648, 51.308027728447662 ], [ 7.234227483334251, 51.308656870901117 ], [ 7.235231267148396, 51.308672005203483 ], [ 7.235207127106269, 51.3093011479192 ], [ 7.236210925506174, 51.309316273959865 ], [ 7.237214724778102, 51.309331391400377 ], [ 7.238218524921558, 51.309346500240729 ], [ 7.238242623823715, 51.308717356510904 ], [ 7.238266721854879, 51.308088212704973 ], [ 7.238290819015095, 51.307459068822936 ], [ 7.237287060010249, 51.307443960996075 ], [ 7.236283301876806, 51.307428844569628 ], [ 7.236307425589829, 51.306799701287289 ], [ 7.236331548430996, 51.306170557928858 ], [ 7.236355670400346, 51.305541414494293 ], [ 7.235351954272711, 51.305526290482852 ], [ 7.234348239017345, 51.305511157872431 ], [ 7.233344524634741, 51.305496016663056 ], [ 7.233320361533094, 51.306125159082519 ], [ 7.232316634313067, 51.306110008935455 ], [ 7.231312907966835, 51.306094850189268 ], [ 7.231337098489809, 51.305465708447521 ], [ 7.231361288138533, 51.304836566629604 ], [ 7.230357590087297, 51.304821399962599 ], [ 7.229353892910762, 51.304806224696897 ], [ 7.228350196609422, 51.304791040832534 ], [ 7.227346501183775, 51.304775848369509 ], [ 7.226342806634313, 51.304760647307837 ] ] ], [ [ [ 7.240126036189681, 51.233204488406685 ], [ 7.241128180602352, 51.233219556434904 ], [ 7.242130325881057, 51.233234615886154 ], [ 7.242154306039853, 51.232605462611659 ], [ 7.242178285333151, 51.231976309261086 ], [ 7.242202263760989, 51.231347155834399 ], [ 7.241200159441879, 51.231332097392745 ], [ 7.241224150656515, 51.230702944226501 ], [ 7.24022206085549, 51.230687877545151 ], [ 7.240198055988682, 51.231317030374683 ], [ 7.240174050255471, 51.23194618312813 ], [ 7.239171934016051, 51.231931107196793 ], [ 7.239147913763282, 51.232560259537209 ], [ 7.239123892643536, 51.233189411801511 ], [ 7.240126036189681, 51.233204488406685 ] ] ], [ [ [ 7.236373676187089, 51.252662894384272 ], [ 7.235371111741247, 51.252647781581359 ], [ 7.235347021848626, 51.253276930397163 ], [ 7.234344444603357, 51.253261808673436 ], [ 7.234320340171225, 51.2538909570751 ], [ 7.234296234868742, 51.254520105400609 ], [ 7.235298839453893, 51.254535227800311 ], [ 7.235274746951699, 51.255164376387683 ], [ 7.236277366077473, 51.255179490541806 ], [ 7.236253286376552, 51.255808639390843 ], [ 7.23725592004303, 51.255823745299004 ], [ 7.237279986072693, 51.255194596112325 ], [ 7.238282606936868, 51.255209693099218 ], [ 7.239285228669504, 51.255224781502477 ], [ 7.239309266488562, 51.254595631564975 ], [ 7.24031187541828, 51.254610711047519 ], [ 7.240335898699016, 51.253981560696893 ], [ 7.240359921112357, 51.253352410270161 ], [ 7.239357339522935, 51.25333733146168 ], [ 7.239381374738334, 51.252708181295873 ], [ 7.238378807686125, 51.252693094241536 ], [ 7.237376241502212, 51.252677998604334 ], [ 7.236373676187089, 51.252662894384272 ] ] ], [ [ [ 7.25143590274278, 51.225819884427473 ], [ 7.250433913508167, 51.225804906186958 ], [ 7.250410052055321, 51.226434062983046 ], [ 7.249408050033214, 51.226419075832808 ], [ 7.248406048872752, 51.226404080107564 ], [ 7.248429937622772, 51.225774923981476 ], [ 7.248453825510693, 51.225145767779381 ], [ 7.248477712536561, 51.22451661150123 ], [ 7.247475753182337, 51.224501608206836 ], [ 7.24745185250893, 51.225130764149711 ], [ 7.246449880369714, 51.225115751945459 ], [ 7.246425965185765, 51.225744907476802 ], [ 7.246402049138736, 51.226374062932102 ], [ 7.247404048574429, 51.226389075807319 ], [ 7.247380145313255, 51.227018231522059 ], [ 7.247356241189411, 51.227647387160758 ], [ 7.247332336202854, 51.228276542723407 ], [ 7.247308430353543, 51.228905698210028 ], [ 7.247284523641441, 51.229534853620613 ], [ 7.246282455955947, 51.229519839067841 ], [ 7.246258534729574, 51.230148994066852 ], [ 7.247260616066503, 51.230164008955143 ], [ 7.247236707628689, 51.230793164213637 ], [ 7.246234612639831, 51.230778148989785 ], [ 7.245232518514382, 51.230763125189647 ], [ 7.244230425252834, 51.230748092813236 ], [ 7.244206474994967, 51.231377246988451 ], [ 7.243204368945515, 51.231362205699632 ], [ 7.243180404170425, 51.23199135946264 ], [ 7.243156438530368, 51.23262051314957 ], [ 7.243132472025303, 51.233249666760415 ], [ 7.243108504655188, 51.233878820295182 ], [ 7.244110665318749, 51.233893862928589 ], [ 7.244086710738301, 51.23452301672345 ], [ 7.245088885921257, 51.234538051115642 ], [ 7.246091061968361, 51.234553076930389 ], [ 7.247093238879122, 51.234568094167713 ], [ 7.247069324400029, 51.235197248893918 ], [ 7.248071515829365, 51.235212257889188 ], [ 7.248095416653043, 51.234583102827564 ], [ 7.248119316614051, 51.233953947689919 ], [ 7.248143215712429, 51.233324792476239 ], [ 7.248167113948218, 51.232695637186517 ], [ 7.248191011321459, 51.232066481820773 ], [ 7.248214907832195, 51.231437326378973 ], [ 7.248238803480464, 51.23080817086116 ], [ 7.249240900194664, 51.230823168932382 ], [ 7.249264781328497, 51.230194013003356 ], [ 7.250266865252578, 51.230209002163249 ], [ 7.250290731872962, 51.229579845823253 ], [ 7.251292803006844, 51.229594826072208 ], [ 7.251316655114761, 51.228965669321418 ], [ 7.251340506361853, 51.228336512494636 ], [ 7.25136435674816, 51.227707355591861 ], [ 7.252366387790937, 51.227722326261123 ], [ 7.253368419693966, 51.227737288354938 ], [ 7.253392241920142, 51.227108130707251 ], [ 7.253416063286599, 51.226478972983585 ], [ 7.253439883793376, 51.225849815183921 ], [ 7.253463703440517, 51.22522065730827 ], [ 7.253487522228062, 51.224591499356642 ], [ 7.25351134015605, 51.22396234132902 ], [ 7.252509390143926, 51.223947381241182 ], [ 7.251507440991808, 51.223932412579039 ], [ 7.251483595769352, 51.224561569937855 ], [ 7.251459749686356, 51.225190727220671 ], [ 7.25143590274278, 51.225819884427473 ] ] ], [ [ [ 7.252127981711428, 51.23401389521468 ], [ 7.253130150138654, 51.234028860652508 ], [ 7.253106318452871, 51.234658017464341 ], [ 7.254108501395433, 51.234672974659077 ], [ 7.254084682505097, 51.235302131729185 ], [ 7.254060862755003, 51.235931288723322 ], [ 7.255063073869175, 51.235946238008637 ], [ 7.255039266915968, 51.236575395260886 ], [ 7.255015459103412, 51.23720455243717 ], [ 7.256017698390836, 51.237219493812312 ], [ 7.255993903376601, 51.237848651246559 ], [ 7.255970107503429, 51.238477808604827 ], [ 7.255946310771278, 51.239106965887146 ], [ 7.256948591892328, 51.239121899685145 ], [ 7.256924807960386, 51.239751057225263 ], [ 7.257927103599233, 51.239765982777847 ], [ 7.258929400096153, 51.239780899751253 ], [ 7.259931697450655, 51.239795808145466 ], [ 7.260933995662248, 51.239810707960451 ], [ 7.26095772495687, 51.239181549087228 ], [ 7.26196001036563, 51.239196439990174 ], [ 7.262962296630453, 51.239211322314084 ], [ 7.26396458375085, 51.239226196058901 ], [ 7.264966871726326, 51.239241061224632 ], [ 7.264990545528389, 51.238611900945465 ], [ 7.265992820699351, 51.238626757200059 ], [ 7.266995096724367, 51.238641604875717 ], [ 7.267997373602945, 51.238656443972417 ], [ 7.268021005574509, 51.238027282621907 ], [ 7.268044636693045, 51.237398121195518 ], [ 7.268068266958592, 51.236768959693286 ], [ 7.268091896371191, 51.236139798115218 ], [ 7.268115524930882, 51.235510636461278 ], [ 7.268139152637705, 51.234881474731495 ], [ 7.267136957703887, 51.234866637624464 ], [ 7.266134763623388, 51.234851791939619 ], [ 7.265132570396701, 51.234836937676988 ], [ 7.264130378024316, 51.2348220748366 ], [ 7.264154059501018, 51.234192914358438 ], [ 7.263151881639003, 51.234178043272635 ], [ 7.263128186506727, 51.234807203418448 ], [ 7.262125995844424, 51.234792323422568 ], [ 7.262102286200833, 51.235421483159946 ], [ 7.261100082738326, 51.235406594253604 ], [ 7.261123806037902, 51.234777434848972 ], [ 7.261147528481207, 51.234148275368419 ], [ 7.261171250068281, 51.233519115811951 ], [ 7.261194970799163, 51.232889956179569 ], [ 7.261218690673896, 51.23226079647128 ], [ 7.261242409692519, 51.231631636687055 ], [ 7.261266127855074, 51.231002476826923 ], [ 7.260264020830157, 51.230987581673013 ], [ 7.259261914661763, 51.23097267794256 ], [ 7.259285659273249, 51.230343518672434 ], [ 7.259309403027763, 51.229714359326394 ], [ 7.259333145925348, 51.229085199904404 ], [ 7.258331081569743, 51.22907028859715 ], [ 7.257329018071522, 51.229055368713979 ], [ 7.257305247871108, 51.22968452746931 ], [ 7.257281476812783, 51.230313686148691 ], [ 7.256279386869235, 51.230298757022361 ], [ 7.256255601300617, 51.230927915292156 ], [ 7.255253498563222, 51.230912977255734 ], [ 7.255229698483327, 51.231542135115745 ], [ 7.254227582952165, 51.23152718816884 ], [ 7.254203768360007, 51.232156345618861 ], [ 7.253201640035161, 51.232141389761111 ], [ 7.25317781092976, 51.2327705468009 ], [ 7.253153980964271, 51.233399703764704 ], [ 7.252151826191678, 51.2333847386613 ], [ 7.251149672279706, 51.233369764980743 ], [ 7.251125814144862, 51.233998921199479 ], [ 7.252127981711428, 51.23401389521468 ] ], [ [ 7.259024421404516, 51.237264266467434 ], [ 7.259000667363656, 51.237893424902289 ], [ 7.258976912465336, 51.238522583261201 ], [ 7.257974643286542, 51.238507666954547 ], [ 7.257998411843188, 51.237878508928986 ], [ 7.25802217954188, 51.237249350827476 ], [ 7.25804594638266, 51.23662019265003 ], [ 7.258069712365569, 51.235991034396633 ], [ 7.259071926914017, 51.236005949369925 ], [ 7.259048174587957, 51.236635107956644 ], [ 7.259024421404516, 51.237264266467434 ] ] ], [ [ [ 7.240755499370978, 51.295535497636649 ], [ 7.241759000543577, 51.295550573258716 ], [ 7.241783039185789, 51.294921426842848 ], [ 7.240779551715796, 51.294906351557842 ], [ 7.240755499370978, 51.295535497636649 ] ] ], [ [ [ 7.246176984601003, 51.311354500176485 ], [ 7.246152991938713, 51.31198364629801 ], [ 7.246128998409184, 51.312612792343494 ], [ 7.247132874950238, 51.312627825462329 ], [ 7.247108894270136, 51.313256971767956 ], [ 7.247084912723209, 51.313886117997562 ], [ 7.248088817565042, 51.31390114318706 ], [ 7.249092723273248, 51.313916159774855 ], [ 7.249116677385647, 51.313287012873467 ], [ 7.248112785394727, 51.313271996621459 ], [ 7.248136752358079, 51.312642849979866 ], [ 7.248160718455142, 51.312013703262252 ], [ 7.248184683685955, 51.311384556468624 ], [ 7.24820864805056, 51.310755409598983 ], [ 7.248232611548999, 51.31012626265332 ], [ 7.247228789003204, 51.310111239479596 ], [ 7.24622496732403, 51.310096207705342 ], [ 7.246200976396094, 51.310725353978938 ], [ 7.246176984601003, 51.311354500176485 ] ] ], [ [ [ 7.259950160613232, 51.212727028280625 ], [ 7.259973880389073, 51.21209786680847 ], [ 7.258972184436301, 51.212082964495039 ], [ 7.257970489339812, 51.212068053610871 ], [ 7.256968795100099, 51.212053134155937 ], [ 7.256945034409903, 51.212682294628536 ], [ 7.257946742287696, 51.212697214416842 ], [ 7.257922994378762, 51.21332637514687 ], [ 7.257899245612973, 51.213955535800956 ], [ 7.258900981625291, 51.213970447684694 ], [ 7.258924716751979, 51.213341286697421 ], [ 7.259926439981558, 51.21335618967683 ], [ 7.259950160613232, 51.212727028280625 ] ] ], [ [ [ 7.261811409412429, 51.216531779091625 ], [ 7.260809616270565, 51.216516891591347 ], [ 7.259807823984286, 51.216501995518939 ], [ 7.259784098216767, 51.217131156459565 ], [ 7.260785904144686, 51.217146052864827 ], [ 7.261787710928229, 51.217160940697774 ], [ 7.261764011588896, 51.217790102228008 ], [ 7.261740311394388, 51.218419263682343 ], [ 7.260738477326009, 51.218404375184036 ], [ 7.259736644113337, 51.218389478113025 ], [ 7.258734811756862, 51.218374572469315 ], [ 7.257732980257078, 51.21835965825295 ], [ 7.25770922463498, 51.218988818299437 ], [ 7.25768546815566, 51.219617978269966 ], [ 7.257661710819076, 51.220247138164545 ], [ 7.25763795262519, 51.220876297983182 ], [ 7.258639838700057, 51.220891213532695 ], [ 7.259641725631775, 51.220906120508765 ], [ 7.259665456536606, 51.220276960023725 ], [ 7.260667330680096, 51.220291858093418 ], [ 7.261669205679415, 51.220306747589838 ], [ 7.262671081534071, 51.220321628512949 ], [ 7.262647391563131, 51.220950789996166 ], [ 7.263649281917342, 51.220965662678303 ], [ 7.264651173125948, 51.220980526786924 ], [ 7.264674835807424, 51.220351364639221 ], [ 7.26469849763504, 51.219722202415653 ], [ 7.263696633715447, 51.219707338971325 ], [ 7.263720308333009, 51.219078177003993 ], [ 7.263743982096298, 51.218449014960761 ], [ 7.263767655005359, 51.217819852841636 ], [ 7.263791327060225, 51.217190690646618 ], [ 7.264793136407695, 51.217205552762486 ], [ 7.264816793966611, 51.216576390159467 ], [ 7.264840450671906, 51.215947227480584 ], [ 7.264864106523625, 51.215318064725807 ], [ 7.264887761521807, 51.214688901895144 ], [ 7.264911415666494, 51.214059738988574 ], [ 7.264935068957723, 51.213430576006132 ], [ 7.264958721395535, 51.212801412947812 ], [ 7.263957007530358, 51.212786553156413 ], [ 7.263933341453693, 51.213415715882697 ], [ 7.26293161480357, 51.213400847188034 ], [ 7.262907934233692, 51.214030009506189 ], [ 7.262884252809375, 51.214659171748437 ], [ 7.262860570530578, 51.215288333914785 ], [ 7.26185880381559, 51.215273455651584 ], [ 7.261882499734633, 51.214644293817692 ], [ 7.261906194798704, 51.214015131907871 ], [ 7.261929889007845, 51.21338596992215 ], [ 7.260928164067012, 51.213371084085075 ], [ 7.259926439981558, 51.21335618967683 ], [ 7.259902718494012, 51.213985350997113 ], [ 7.259878996150553, 51.214614512241475 ], [ 7.259855272951139, 51.215243673409894 ], [ 7.259831548895731, 51.215872834502385 ], [ 7.26083332754086, 51.215887730241946 ], [ 7.261835107041535, 51.215902617409562 ], [ 7.261811409412429, 51.216531779091625 ] ] ], [ [ [ 7.259594261252993, 51.222164441251046 ], [ 7.25957052777896, 51.222793601508279 ], [ 7.260572456503757, 51.222808500909679 ], [ 7.261574386084547, 51.222823391737045 ], [ 7.262576316520835, 51.222838273990334 ], [ 7.262600009056554, 51.222209112734845 ], [ 7.261598092266411, 51.222194230814111 ], [ 7.261621797592816, 51.221565069815277 ], [ 7.261645502063804, 51.220935908740515 ], [ 7.260643613419855, 51.220921018911369 ], [ 7.259641725631775, 51.220906120508765 ], [ 7.259617993870584, 51.22153528091787 ], [ 7.259594261252993, 51.222164441251046 ] ] ], [ [ [ 7.261550679047183, 51.223452552584064 ], [ 7.260548735819796, 51.223437661423944 ], [ 7.259546793448443, 51.223422761689584 ], [ 7.259523058261403, 51.22405192179496 ], [ 7.259499322217797, 51.224681081824407 ], [ 7.259475585317587, 51.225310241777919 ], [ 7.260477568631561, 51.225325142511181 ], [ 7.26147955280169, 51.225340034669628 ], [ 7.261455842341921, 51.225969195212976 ], [ 7.262457841016316, 51.225984079129191 ], [ 7.262481537827479, 51.225354918253238 ], [ 7.263483523708438, 51.225369793261997 ], [ 7.26345984054592, 51.225998954470377 ], [ 7.263436156528685, 51.22662811560285 ], [ 7.26341247165669, 51.227257276659437 ], [ 7.263388785929895, 51.227886437640109 ], [ 7.264390827263228, 51.227901305402945 ], [ 7.265392869450912, 51.227916164590134 ], [ 7.265416527877343, 51.227287002945147 ], [ 7.266418557268639, 51.227301853224809 ], [ 7.266442201191501, 51.226672691172098 ], [ 7.266465844261082, 51.226043529043508 ], [ 7.266489486477419, 51.225414366839054 ], [ 7.267491475774139, 51.22542920754826 ], [ 7.268493465923572, 51.225444039682543 ], [ 7.268517079990033, 51.224814876739117 ], [ 7.268540693204316, 51.224185713719862 ], [ 7.268564305566462, 51.223556550624757 ], [ 7.267562356360624, 51.223541719484793 ], [ 7.266560408007376, 51.223526879770468 ], [ 7.266584046811145, 51.222897717262519 ], [ 7.265582112957778, 51.222882869305664 ], [ 7.264580179957942, 51.222868012774669 ], [ 7.263578247812132, 51.222853147669547 ], [ 7.262576316520835, 51.222838273990334 ], [ 7.262552623130109, 51.223467435169923 ], [ 7.261550679047183, 51.223452552584064 ] ], [ [ 7.263554568068082, 51.223482309181506 ], [ 7.263530887469478, 51.224111470617565 ], [ 7.263507206016277, 51.224740631977731 ], [ 7.262505233783471, 51.224725757301364 ], [ 7.262528928884334, 51.224096596273597 ], [ 7.262552623130109, 51.223467435169923 ], [ 7.263554568068082, 51.223482309181506 ] ] ], [ [ [ 7.26091026551103, 51.240439866757768 ], [ 7.261912578239145, 51.240454758326344 ], [ 7.26193629473044, 51.239825599196223 ], [ 7.260933995662248, 51.239810707960451 ], [ 7.26091026551103, 51.240439866757768 ] ] ], [ [ [ 7.261034465846978, 51.263733592778394 ], [ 7.262037285196316, 51.263748488080772 ], [ 7.263040105402814, 51.263763374796604 ], [ 7.264042926465977, 51.26377825292586 ], [ 7.264066633627083, 51.263149095606025 ], [ 7.264090339932054, 51.26251993821031 ], [ 7.264114045380933, 51.261890780738703 ], [ 7.263111265351134, 51.261875903607127 ], [ 7.262108486177882, 51.261861017889558 ], [ 7.262084753374451, 51.262490174695856 ], [ 7.261081961381022, 51.262475280059377 ], [ 7.260079170245165, 51.262460376836749 ], [ 7.259076379967373, 51.262445465027994 ], [ 7.25807359054814, 51.262430544633119 ], [ 7.258049802177049, 51.263059700030595 ], [ 7.258026012946864, 51.263688855352129 ], [ 7.258002222857547, 51.264318010597748 ], [ 7.259005053311014, 51.264332931993209 ], [ 7.260007884623162, 51.264347844801982 ], [ 7.260031647355296, 51.263718688889483 ], [ 7.261034465846978, 51.263733592778394 ] ] ], [ [ [ 7.262779119620556, 51.27068409664782 ], [ 7.262802849885524, 51.270054940495342 ], [ 7.262826579293417, 51.269425784266978 ], [ 7.26182363596055, 51.269410894555882 ], [ 7.26184737819409, 51.268781738584472 ], [ 7.26084444940139, 51.268766840618142 ], [ 7.260820693485209, 51.269395996256513 ], [ 7.260796936711006, 51.270025151818999 ], [ 7.260773179078742, 51.270654307305549 ], [ 7.261776148920844, 51.270669206271009 ], [ 7.262779119620556, 51.27068409664782 ] ] ], [ [ [ 7.261258598078856, 51.310949932551395 ], [ 7.261234812016427, 51.311579083770873 ], [ 7.261211025094225, 51.312208234914451 ], [ 7.262214900868246, 51.312223138678775 ], [ 7.262238674074114, 51.311593987201917 ], [ 7.262262446420704, 51.310964835649187 ], [ 7.263266295621789, 51.310979730146002 ], [ 7.263290053393757, 51.310350578184327 ], [ 7.264293889738156, 51.310365463747274 ], [ 7.264317632936494, 51.309736311376874 ], [ 7.263313810307027, 51.309721426146766 ], [ 7.263337566361636, 51.30909227403334 ], [ 7.262333758305223, 51.309077380535683 ], [ 7.261329951107922, 51.309062478437603 ], [ 7.261353733731672, 51.308433326914553 ], [ 7.260349941107799, 51.308418416549515 ], [ 7.260326144770229, 51.309047567739157 ], [ 7.259322339292641, 51.309032648440322 ], [ 7.259298528380697, 51.309661799220436 ], [ 7.259274716608113, 51.310290949924649 ], [ 7.259250903974849, 51.310920100552941 ], [ 7.260254750596739, 51.310935020852639 ], [ 7.261258598078856, 51.310949932551395 ] ] ], [ [ [ 7.27313724249372, 51.208515820642525 ], [ 7.273113705113448, 51.209144986880972 ], [ 7.274115344816324, 51.209159767550553 ], [ 7.275116985367911, 51.209174539650064 ], [ 7.276118626767719, 51.209189303179507 ], [ 7.276142123240535, 51.208560135950862 ], [ 7.275140495476588, 51.208545372751288 ], [ 7.274138868560819, 51.208530600981831 ], [ 7.27313724249372, 51.208515820642525 ] ] ], [ [ [ 7.276838408876261, 51.216754062928082 ], [ 7.275836602959617, 51.216739304011867 ], [ 7.274834797891184, 51.216724536523252 ], [ 7.273832993671453, 51.216709760462265 ], [ 7.273809458890579, 51.217338926045514 ], [ 7.27378592326047, 51.217968091552954 ], [ 7.273762386781087, 51.218597256984587 ], [ 7.273738849452388, 51.219226422340405 ], [ 7.273715311274333, 51.21985558762043 ], [ 7.274717183710012, 51.21987036533239 ], [ 7.275719056994597, 51.219885134471035 ], [ 7.276720931127592, 51.219899895036328 ], [ 7.276744428373008, 51.219270728766233 ], [ 7.276767924770541, 51.218641562420373 ], [ 7.276791420320235, 51.21801239599872 ], [ 7.277793254369746, 51.218027147001749 ], [ 7.27781673542882, 51.217397980174702 ], [ 7.277840215640626, 51.216768813271891 ], [ 7.276838408876261, 51.216754062928082 ] ] ], [ [ [ 7.281660022357996, 51.22186107255677 ], [ 7.281636589952362, 51.222490240170224 ], [ 7.281613156701107, 51.223119407707941 ], [ 7.281589722604187, 51.223748575169921 ], [ 7.281566287661565, 51.224377742556172 ], [ 7.281542851873197, 51.225006909866693 ], [ 7.282544840260008, 51.225021621621337 ], [ 7.283546829492112, 51.22503632480101 ], [ 7.28357023798358, 51.224407156833173 ], [ 7.283593645630287, 51.223777988789621 ], [ 7.283617052432275, 51.223148820670346 ], [ 7.283640458389583, 51.22251965247537 ], [ 7.283663863502252, 51.221890484204664 ], [ 7.283687267770322, 51.221261315858243 ], [ 7.283710671193831, 51.220632147436106 ], [ 7.283734073772823, 51.220002978938254 ], [ 7.283757475507334, 51.219373810364701 ], [ 7.283780876397406, 51.218744641715411 ], [ 7.282779023627868, 51.218729941821003 ], [ 7.28177717170322, 51.218715233353493 ], [ 7.281753743525099, 51.219344401345623 ], [ 7.281730314501557, 51.219973569262002 ], [ 7.281706884632554, 51.220602737102666 ], [ 7.281683453918046, 51.221231904867594 ], [ 7.281660022357996, 51.22186107255677 ] ] ], [ [ [ 7.279210305517025, 51.233785785812366 ], [ 7.279186829726179, 51.234414951328496 ], [ 7.27916335308796, 51.235044116768876 ], [ 7.27913987560233, 51.235673282133504 ], [ 7.280142094394293, 51.235688016634832 ], [ 7.281144314033214, 51.235702742557962 ], [ 7.281120863014586, 51.23633190850525 ], [ 7.282123097157264, 51.236346626179049 ], [ 7.283125332145955, 51.23636133527441 ], [ 7.284127567980172, 51.236376035791302 ], [ 7.284150978026819, 51.235746868857845 ], [ 7.284174387228476, 51.235117701848672 ], [ 7.284197795585182, 51.234488534763798 ], [ 7.284221203096977, 51.233859367603223 ], [ 7.284244609763903, 51.233230200366926 ], [ 7.284268015585998, 51.232601033054941 ], [ 7.283265861688603, 51.232586334509101 ], [ 7.28226370863649, 51.232571627385958 ], [ 7.281261556430151, 51.232556911685521 ], [ 7.280259405070079, 51.232542187407809 ], [ 7.280282864664801, 51.231913021335167 ], [ 7.280306323412803, 51.231283855186788 ], [ 7.280329781314127, 51.230654688962659 ], [ 7.280353238368813, 51.230025522662793 ], [ 7.280376694576901, 51.229396356287182 ], [ 7.280400149938433, 51.228767189835814 ], [ 7.280423604453447, 51.228138023308702 ], [ 7.279421549509571, 51.228123292758269 ], [ 7.279398081343258, 51.22875245895618 ], [ 7.279374612329933, 51.229381625078354 ], [ 7.279351142469559, 51.230010791124762 ], [ 7.279327671762096, 51.230639957095399 ], [ 7.279304200207503, 51.231269122990298 ], [ 7.279280727805739, 51.23189828880944 ], [ 7.279257254556765, 51.232527454552844 ], [ 7.279233780460541, 51.233156620220477 ], [ 7.279210305517025, 51.233785785812366 ] ] ], [ [ [ 7.280048230608627, 51.238204678653069 ], [ 7.280024762544509, 51.238833843968258 ], [ 7.28000129363323, 51.239463009207704 ], [ 7.279977823874749, 51.240092174371419 ], [ 7.278975509472002, 51.2400774375648 ], [ 7.278952025205626, 51.240706602323385 ], [ 7.277949697990001, 51.240691856607661 ], [ 7.277926199214745, 51.241321020960953 ], [ 7.277902699591182, 51.241950185238473 ], [ 7.277879199119273, 51.242579349440227 ], [ 7.278881567319693, 51.242594096144664 ], [ 7.278858079661977, 51.243223260600246 ], [ 7.277855697798974, 51.243208513566216 ], [ 7.277832195630249, 51.243837677616447 ], [ 7.277808692613053, 51.244466841590921 ], [ 7.277785188747349, 51.245096005489621 ], [ 7.277761684033095, 51.245725169312571 ], [ 7.277738178470253, 51.246354333059749 ], [ 7.276735729135575, 51.246339575796192 ], [ 7.276712209058605, 51.246968739137792 ], [ 7.276688688132471, 51.247597902403591 ], [ 7.277691164798638, 51.247612660326823 ], [ 7.277714672058781, 51.246983496731175 ], [ 7.278717135907626, 51.24699824574293 ], [ 7.27874062865356, 51.246369081741861 ], [ 7.278764120551357, 51.245739917665041 ], [ 7.279766557917716, 51.245754657436265 ], [ 7.279790035302821, 51.245125492954273 ], [ 7.279813511840363, 51.244496328396515 ], [ 7.279836987530382, 51.243867163763021 ], [ 7.279860462372918, 51.243237999053783 ], [ 7.279883936368008, 51.2426088342688 ], [ 7.279907409515697, 51.241979669408067 ], [ 7.280909765749246, 51.24199439862268 ], [ 7.280933224387892, 51.241365233357023 ], [ 7.281935567806591, 51.241379953662488 ], [ 7.281959011937185, 51.240750787992091 ], [ 7.282961342540955, 51.240765499388786 ], [ 7.283963673990528, 51.240780202205677 ], [ 7.28394025718251, 51.241409368533461 ], [ 7.284942603138743, 51.241424063098954 ], [ 7.284966006285415, 51.240794896442736 ], [ 7.284989408587268, 51.240165729710839 ], [ 7.28501281004434, 51.239536562903233 ], [ 7.284010505070669, 51.239521869322964 ], [ 7.283987089953235, 51.240151035802171 ], [ 7.282984772164475, 51.240136333313892 ], [ 7.283008200942232, 51.239507167163261 ], [ 7.283031628874264, 51.238878000936921 ], [ 7.283055055960611, 51.238248834634881 ], [ 7.282052779996984, 51.238234124553287 ], [ 7.282076219896493, 51.237604958504257 ], [ 7.281073958437764, 51.237590240172608 ], [ 7.281050504879492, 51.238219405892679 ], [ 7.280048230608627, 51.238204678653069 ] ] ], [ [ [ 7.274306849567143, 51.257634952193008 ], [ 7.274283286850438, 51.258264113510116 ], [ 7.275285994213585, 51.258278894212189 ], [ 7.275309543256, 51.257649732564694 ], [ 7.274306849567143, 51.257634952193008 ] ] ], [ [ [ 7.275262444320785, 51.258908055783891 ], [ 7.276265166209138, 51.258922828231128 ], [ 7.276288702427114, 51.258293666329216 ], [ 7.275285994213585, 51.258278894212189 ], [ 7.275262444320785, 51.258908055783891 ] ] ], [ [ [ 7.260915712002215, 51.266879373247541 ], [ 7.260891958659853, 51.267508529113655 ], [ 7.260868204459592, 51.268137684903849 ], [ 7.261871119570143, 51.268152582537155 ], [ 7.26184737819409, 51.268781738584472 ], [ 7.262850307844277, 51.268796627962722 ], [ 7.262874035538142, 51.268167471582565 ], [ 7.262897762375054, 51.267538315126529 ], [ 7.261894860088751, 51.267523426413952 ], [ 7.261918599749954, 51.266894270214827 ], [ 7.260915712002215, 51.266879373247541 ] ] ], [ [ [ 7.290025154706417, 51.212540950722982 ], [ 7.289023433293661, 51.212526305540301 ], [ 7.289046756703769, 51.211897134419075 ], [ 7.28804504977139, 51.21188248099255 ], [ 7.288068385978343, 51.211253310123077 ], [ 7.287066693526262, 51.211238648453104 ], [ 7.287043343681002, 51.211867818994982 ], [ 7.287019992993261, 51.212496989461144 ], [ 7.288021712722444, 51.21251165178635 ], [ 7.287998374831469, 51.213140822504471 ], [ 7.289000109042012, 51.213155476585861 ], [ 7.290001844094136, 51.213170122095789 ], [ 7.29100357998735, 51.213184759034235 ], [ 7.291026876960222, 51.212555587334371 ], [ 7.290025154706417, 51.212540950722982 ] ] ], [ [ [ 7.297969349245747, 51.214545325341568 ], [ 7.296967580197821, 51.214530747752484 ], [ 7.295965811987625, 51.214516161591419 ], [ 7.294964044615649, 51.214501566858388 ], [ 7.293962278082384, 51.214486963553419 ], [ 7.293939019510486, 51.215116136006436 ], [ 7.293915760099345, 51.215745308383802 ], [ 7.294917553915188, 51.215759912341419 ], [ 7.295919348569819, 51.215774507726707 ], [ 7.29692114406275, 51.215789094539645 ], [ 7.297922940393491, 51.215803672780218 ], [ 7.297946145238256, 51.215174499098708 ], [ 7.297969349245747, 51.214545325341568 ] ] ], [ [ [ 7.288790152901251, 51.218818012590638 ], [ 7.288766820231998, 51.219447182879463 ], [ 7.288743486720763, 51.22007635309263 ], [ 7.288720152367508, 51.22070552323013 ], [ 7.289722051130393, 51.220720172667725 ], [ 7.290723950734846, 51.22073481353155 ], [ 7.290747257797525, 51.22010564273954 ], [ 7.291749144597707, 51.220120274702595 ], [ 7.291725851180375, 51.220749445821582 ], [ 7.291702556922457, 51.221378616864918 ], [ 7.292704471854451, 51.221393240907929 ], [ 7.293706387626578, 51.221407856376906 ], [ 7.294708304238347, 51.221422463271871 ], [ 7.294731557558507, 51.220793291248739 ], [ 7.294754810039559, 51.220164119149992 ], [ 7.29477806168154, 51.219534946975628 ], [ 7.294801312484491, 51.218905774725634 ], [ 7.293799450453607, 51.218891169136256 ], [ 7.292797589262205, 51.218876554973605 ], [ 7.291795728910777, 51.218861932237694 ], [ 7.291819019806593, 51.218232760891766 ], [ 7.290817173939502, 51.21821812990958 ], [ 7.290840477638275, 51.217588958814943 ], [ 7.291842309861984, 51.217603589470208 ], [ 7.29186559907699, 51.216974417973006 ], [ 7.290863780496169, 51.216959787644662 ], [ 7.289861962756184, 51.21694514874369 ], [ 7.288860145857528, 51.216930501270085 ], [ 7.288883475159261, 51.216301330678561 ], [ 7.287881672744704, 51.216286674959846 ], [ 7.286879871172418, 51.216272010668725 ], [ 7.286856514586171, 51.216901180605063 ], [ 7.285854700214454, 51.21688650741369 ], [ 7.285831329142714, 51.217515676946448 ], [ 7.28580795722764, 51.21814484640354 ], [ 7.286809798885228, 51.218159520250701 ], [ 7.287811641385701, 51.218174185524902 ], [ 7.287788295914635, 51.218803355561896 ], [ 7.288790152901251, 51.218818012590638 ] ] ], [ [ [ 7.29153947357729, 51.225782812050205 ], [ 7.291562773720424, 51.22515364153638 ], [ 7.291586073022691, 51.224524470946925 ], [ 7.29058409069475, 51.224509836694878 ], [ 7.290560777743693, 51.225139006957313 ], [ 7.289558782608318, 51.225124363803104 ], [ 7.288556788314793, 51.225109712073774 ], [ 7.288533447223933, 51.225738881605892 ], [ 7.288510105290693, 51.22636805106233 ], [ 7.289512126883116, 51.226382703446518 ], [ 7.290514149317465, 51.226397347255201 ], [ 7.290537463951277, 51.225768177144097 ], [ 7.29153947357729, 51.225782812050205 ] ] ], [ [ [ 7.300441698956138, 51.229060006422401 ], [ 7.30041851663888, 51.229689179417598 ], [ 7.301420616560218, 51.229703730520505 ], [ 7.301397447059369, 51.23033290376533 ], [ 7.302399561470095, 51.230347446616584 ], [ 7.302422717317781, 51.229718273046757 ], [ 7.302445872329736, 51.229089099401399 ], [ 7.302469026505998, 51.22845992568049 ], [ 7.302492179846609, 51.227830751884028 ], [ 7.302515332351606, 51.227201578012028 ], [ 7.302538484021031, 51.226572404064463 ], [ 7.30153645152191, 51.226557863163066 ], [ 7.300534419858813, 51.226543313685973 ], [ 7.300557597993091, 51.225914140312945 ], [ 7.299555580816645, 51.225899582585498 ], [ 7.299532389032235, 51.226528755633197 ], [ 7.299509196410815, 51.227157928605315 ], [ 7.299486002952349, 51.227787101501853 ], [ 7.300488061080669, 51.227801660205316 ], [ 7.300464880436723, 51.228430833351645 ], [ 7.300441698956138, 51.229060006422401 ] ] ], [ [ [ 7.288276639618554, 51.232659741464794 ], [ 7.289278797734977, 51.232674397123802 ], [ 7.290280956693729, 51.232689044205415 ], [ 7.291283116494316, 51.232703682709591 ], [ 7.291259806257687, 51.233332852315662 ], [ 7.291236495179674, 51.233962021846075 ], [ 7.292238683132553, 51.233976652426726 ], [ 7.293240871926364, 51.233991274429535 ], [ 7.293217587319388, 51.234620444538066 ], [ 7.29421979060993, 51.234635058289605 ], [ 7.294243061560615, 51.23400588785448 ], [ 7.29426633167135, 51.233376717343745 ], [ 7.29428960094218, 51.232747546757373 ], [ 7.293287438619035, 51.232732933985581 ], [ 7.292285277136249, 51.232718312636315 ], [ 7.2923085728768, 51.232089142627643 ], [ 7.291306425889601, 51.232074513027861 ], [ 7.291329734443581, 51.231445343270501 ], [ 7.291353042156296, 51.230816173437503 ], [ 7.290350923318314, 51.230801535914722 ], [ 7.290374243843024, 51.230172366333193 ], [ 7.289372139499939, 51.230157720560854 ], [ 7.288370035999021, 51.23014306621188 ], [ 7.288346688167994, 51.230772235138609 ], [ 7.288323339494269, 51.231401403989672 ], [ 7.288299989977802, 51.232030572765062 ], [ 7.288276639618554, 51.232659741464794 ] ] ], [ [ [ 7.287227751787329, 51.233903413745331 ], [ 7.287251117487818, 51.233274245524697 ], [ 7.287274482344953, 51.232645077228376 ], [ 7.286272325914664, 51.232630404414586 ], [ 7.286295703583023, 51.232001236370479 ], [ 7.285293561651035, 51.231986555307415 ], [ 7.285270170328181, 51.232615723023429 ], [ 7.285246778161032, 51.23324489066372 ], [ 7.285223385149546, 51.233874058228317 ], [ 7.285199991293682, 51.234503225717226 ], [ 7.2862021878466, 51.23451790809272 ], [ 7.286178806802781, 51.235147075834057 ], [ 7.287181017856128, 51.235161749959566 ], [ 7.287204385243445, 51.234532581890292 ], [ 7.287227751787329, 51.233903413745331 ] ] ], [ [ [ 7.293171015583958, 51.235878784528254 ], [ 7.293194301871933, 51.235249614570975 ], [ 7.292192085765128, 51.235234991914595 ], [ 7.292168785819916, 51.235864161545067 ], [ 7.292145485033652, 51.236493331099901 ], [ 7.293147728455422, 51.236507954409909 ], [ 7.293171015583958, 51.235878784528254 ] ] ], [ [ [ 7.285991728066078, 51.240180415039866 ], [ 7.286994048389176, 51.240195091789225 ], [ 7.287017422525405, 51.239565924325404 ], [ 7.286015115862749, 51.23955124790406 ], [ 7.285991728066078, 51.240180415039866 ] ] ], [ [ [ 7.296994059579126, 51.24097055805565 ], [ 7.297996402818252, 51.240985140753551 ], [ 7.298019627525352, 51.240355969769809 ], [ 7.2970172979476, 51.240341387397834 ], [ 7.296994059579126, 51.24097055805565 ] ] ], [ [ [ 7.286923920917563, 51.242082593726593 ], [ 7.286947297585296, 51.241453426489826 ], [ 7.286970673409153, 51.240824259177366 ], [ 7.28596833942512, 51.240809582099978 ], [ 7.285944949939836, 51.241438749084409 ], [ 7.284942603138743, 51.241424063098954 ], [ 7.28491919914721, 51.242053229679449 ], [ 7.285921559610184, 51.24206791599314 ], [ 7.286923920917563, 51.242082593726593 ] ] ], [ [ [ 7.297973177272736, 51.241614311661699 ], [ 7.298975535012187, 51.241628886105289 ], [ 7.298998746895796, 51.2409997148714 ], [ 7.297996402818252, 51.240985140753551 ], [ 7.297973177272736, 51.241614311661699 ] ] ], [ [ [ 7.301003437564163, 51.241028837366862 ], [ 7.300980253004488, 51.241658009251637 ], [ 7.301982613256354, 51.241672557954374 ], [ 7.302984974344707, 51.241687098076802 ], [ 7.303008131580289, 51.241057925541902 ], [ 7.302005784154002, 51.241043385744433 ], [ 7.301003437564163, 51.241028837366862 ] ] ], [ [ [ 7.300980253004488, 51.241658009251637 ], [ 7.2999778935896, 51.241643451968599 ], [ 7.298975535012187, 51.241628886105289 ], [ 7.298952322290614, 51.242258057263591 ], [ 7.299954694530467, 51.242272623452457 ], [ 7.299931494633821, 51.242901794860749 ], [ 7.299908293899624, 51.243530966193475 ], [ 7.300910694303427, 51.2435455244526 ], [ 7.30093388137416, 51.242916352794509 ], [ 7.300957067607833, 51.242287181060853 ], [ 7.300980253004488, 51.241658009251637 ] ] ], [ [ [ 7.288671747639892, 51.249032765273945 ], [ 7.288648388178317, 51.249661932258235 ], [ 7.28965091599887, 51.24967658818116 ], [ 7.289674261792493, 51.249047420869296 ], [ 7.288671747639892, 51.249032765273945 ] ] ], [ [ [ 7.305575827398363, 51.253055777204771 ], [ 7.305598958674877, 51.252426605055383 ], [ 7.305622089116201, 51.251797432830479 ], [ 7.305645218722372, 51.251168260530058 ], [ 7.305668347493433, 51.25053908815412 ], [ 7.304665792576251, 51.250524569230322 ], [ 7.304688934181321, 51.249895397103394 ], [ 7.303686393768747, 51.249880869921263 ], [ 7.302683854192191, 51.249866334156295 ], [ 7.302707022298799, 51.249237162603428 ], [ 7.301704497227225, 51.249222618580724 ], [ 7.301681315452146, 51.24985178980851 ], [ 7.301658132840063, 51.250480960960743 ], [ 7.301634949390937, 51.251110132037446 ], [ 7.301611765104726, 51.251739303038583 ], [ 7.301588579981392, 51.252368473964168 ], [ 7.301565394020896, 51.252997644814208 ], [ 7.30256800111069, 51.25301219078753 ], [ 7.303570609037195, 51.253026728177083 ], [ 7.304573217799917, 51.253041256982826 ], [ 7.305575827398363, 51.253055777204771 ] ] ] ] } },
{ "type": "Feature", "properties": { "spot": "hotspot" }, "geometry": { "type": "MultiPolygon", "coordinates": [ [ [ [ 7.048999015405377, 51.223878397429885 ], [ 7.048972409516539, 51.224507482907306 ], [ 7.049974256706104, 51.224524185447997 ], [ 7.050976104855234, 51.224540879416942 ], [ 7.050949525289242, 51.225169965562621 ], [ 7.05092294476413, 51.225799051630389 ], [ 7.049921069331561, 51.225782356915417 ], [ 7.049947663498638, 51.22515327122067 ], [ 7.048945802667645, 51.225136568306773 ], [ 7.048919194858647, 51.225765653628301 ], [ 7.047917321345882, 51.225748941769076 ], [ 7.047890698934371, 51.226378026639246 ], [ 7.047864075562172, 51.227007111431448 ], [ 7.047837451229244, 51.22763619614571 ], [ 7.046835537748684, 51.227619474593531 ], [ 7.046808898811183, 51.228248558856194 ], [ 7.047810825935538, 51.228265280781997 ], [ 7.047784199681009, 51.228894365340352 ], [ 7.048786141410518, 51.228911079066755 ], [ 7.048759527839946, 51.229540163920596 ], [ 7.048732913308949, 51.230169248696505 ], [ 7.049734883289064, 51.230185954596394 ], [ 7.050736854229155, 51.230202651922809 ], [ 7.050763441469384, 51.229573566400532 ], [ 7.051765399723508, 51.229590254780547 ], [ 7.051791972359339, 51.228961168807452 ], [ 7.052793917927404, 51.228977848241449 ], [ 7.052820475959817, 51.228348761817735 ], [ 7.052847033033866, 51.227719675316123 ], [ 7.052873589149595, 51.227090588736608 ], [ 7.053875494743867, 51.22710725847999 ], [ 7.054877401295921, 51.227123919650772 ], [ 7.054850872467392, 51.227753006975057 ], [ 7.055852793620405, 51.227769659945331 ], [ 7.056854715730264, 51.227786304342771 ], [ 7.057856638796475, 51.227802940167379 ], [ 7.058858562818548, 51.227819567419125 ], [ 7.058832087609591, 51.228448656152793 ], [ 7.058805611445218, 51.229077744808649 ], [ 7.059807563711836, 51.229094364230193 ], [ 7.059781100237325, 51.229723453179538 ], [ 7.060783067104282, 51.229740064398982 ], [ 7.061785034925761, 51.229756667044917 ], [ 7.061758597788003, 51.230385756658606 ], [ 7.062760580209468, 51.23040235110183 ], [ 7.062734155764075, 51.231031441008504 ], [ 7.063736152785614, 51.231048027248626 ], [ 7.063709741033571, 51.231677117448122 ], [ 7.064711752655273, 51.231693695484758 ], [ 7.064685353597564, 51.232322785976898 ], [ 7.065687379819521, 51.232339355809636 ], [ 7.066689406993726, 51.232355917068006 ], [ 7.066663034279429, 51.23298500822272 ], [ 7.067665076053535, 51.233001561276609 ], [ 7.068667118778947, 51.233018105755903 ], [ 7.068640772410169, 51.233647197572424 ], [ 7.069642829735124, 51.233663733846626 ], [ 7.069616496064705, 51.234292825954924 ], [ 7.070618567989293, 51.234309354023651 ], [ 7.070592247018213, 51.234938446423556 ], [ 7.070565925097163, 51.235567538745727 ], [ 7.071568025271769, 51.235584058977729 ], [ 7.072570126395896, 51.23560057063429 ], [ 7.072543830826447, 51.236229663616882 ], [ 7.073545946550478, 51.236246167066803 ], [ 7.073572228469055, 51.235617073715424 ], [ 7.07457433149075, 51.235633568221076 ], [ 7.075576435460494, 51.235650054151257 ], [ 7.07560268912963, 51.235020959985221 ], [ 7.076604780396409, 51.235037436971702 ], [ 7.077606872610207, 51.235053905382856 ], [ 7.07860896577053, 51.235070365218654 ], [ 7.078582753053082, 51.235699460488703 ], [ 7.079584860810092, 51.23571591211676 ], [ 7.079558660797709, 51.236345007676817 ], [ 7.079532459839693, 51.236974103159241 ], [ 7.080534595845161, 51.236990546946615 ], [ 7.080508407593641, 51.237619642718862 ], [ 7.080482218396891, 51.238248738413482 ], [ 7.080456028254867, 51.238877834030475 ], [ 7.08145820616365, 51.238894270343714 ], [ 7.081432028729999, 51.239523366250381 ], [ 7.082434221237349, 51.239539794354165 ], [ 7.082408056513057, 51.240168890550336 ], [ 7.082381890844338, 51.240797986668916 ], [ 7.083384111605112, 51.240814406929779 ], [ 7.083357958647182, 51.241443503337685 ], [ 7.083331804745229, 51.242072599667992 ], [ 7.083305649899208, 51.242701695920715 ], [ 7.083279494109072, 51.243330792095819 ], [ 7.083253337374779, 51.243959888193345 ], [ 7.083227179696282, 51.244588984213266 ], [ 7.083201021073537, 51.245218080155581 ], [ 7.0831748615065, 51.245847176020305 ], [ 7.084177192467472, 51.245863590638329 ], [ 7.084151045615338, 51.246492686792294 ], [ 7.085153391179441, 51.24650909319822 ], [ 7.086155737686943, 51.24652549102521 ], [ 7.087158085137349, 51.246541880273234 ], [ 7.087131978320797, 51.247170977449009 ], [ 7.088134340373531, 51.247187358484133 ], [ 7.089136703368231, 51.247203730940051 ], [ 7.089110622930078, 51.247832828770264 ], [ 7.090113000526747, 51.247849193012691 ], [ 7.091115379064443, 51.247865548675684 ], [ 7.091089325006791, 51.248494647159589 ], [ 7.09106327000856, 51.249123745565974 ], [ 7.091037214069705, 51.249752843894846 ], [ 7.092039634532644, 51.249769192074432 ], [ 7.092013591315674, 51.250398290691159 ], [ 7.093016026381388, 51.250414630655897 ], [ 7.09298999588729, 51.251043729560287 ], [ 7.093992445555868, 51.251060061309765 ], [ 7.093966427785626, 51.251689160501655 ], [ 7.094968892057156, 51.251705484035483 ], [ 7.094942887011755, 51.252334583514703 ], [ 7.093940409076059, 51.252318259616047 ], [ 7.093914389427123, 51.252947358652968 ], [ 7.093888368838773, 51.253576457612397 ], [ 7.093862347310965, 51.25420555649432 ], [ 7.093836324843654, 51.254834655298765 ], [ 7.094838857440936, 51.254850980656798 ], [ 7.094812847700704, 51.255480079748615 ], [ 7.094786837021371, 51.256109178762962 ], [ 7.09578939789155, 51.256125496268744 ], [ 7.096791959700379, 51.256141805192499 ], [ 7.096817943045336, 51.255512705448972 ], [ 7.097820492125071, 51.255529005426361 ], [ 7.097846460865151, 51.254899905241075 ], [ 7.098848997215701, 51.254916196272511 ], [ 7.099851534503336, 51.254932478722232 ], [ 7.100854072727566, 51.254948752590238 ], [ 7.101856611887894, 51.254965017876515 ], [ 7.10285915198383, 51.25498127458102 ], [ 7.103861693014879, 51.254997522703768 ], [ 7.103887578818829, 51.254368420259347 ], [ 7.104890107117919, 51.254384659437349 ], [ 7.104915978321201, 51.253755556552591 ], [ 7.104941848590442, 51.253126453590468 ], [ 7.104967717925686, 51.252497350550946 ], [ 7.105970206161942, 51.252513580059123 ], [ 7.105996060898579, 51.251884476579519 ], [ 7.106021914701802, 51.251255373022524 ], [ 7.107024376542609, 51.251271593224608 ], [ 7.108026839316294, 51.25128780484598 ], [ 7.108052664858672, 51.250658700486817 ], [ 7.107050215748746, 51.250642489227758 ], [ 7.107076054022048, 51.250013385153537 ], [ 7.107101891362563, 51.249384281001952 ], [ 7.106099470511422, 51.249368061887353 ], [ 7.106125320581429, 51.248738958020887 ], [ 7.107127727770331, 51.248755176773024 ], [ 7.108130135891935, 51.248771386945208 ], [ 7.109132544945747, 51.248787588537446 ], [ 7.110134954931275, 51.248803781549718 ], [ 7.110109159510485, 51.249432886864923 ], [ 7.111111584089651, 51.249449071658901 ], [ 7.111137365848025, 51.248819965981987 ], [ 7.112139777695509, 51.248836141834261 ], [ 7.112114009599591, 51.249465247872692 ], [ 7.113116436039816, 51.249481415506267 ], [ 7.113142190473229, 51.248852309106503 ], [ 7.113167943976896, 51.24822320262944 ], [ 7.112165544861186, 51.248207035718515 ], [ 7.112191311096669, 51.247577929525448 ], [ 7.111188926572628, 51.247561754396187 ], [ 7.111214705538944, 51.246932648487295 ], [ 7.11124048357466, 51.246303542501089 ], [ 7.110238127302645, 51.246287359515549 ], [ 7.110263918067759, 51.24565825381368 ], [ 7.110289707901873, 51.245029148034483 ], [ 7.109287379880229, 51.245012957193403 ], [ 7.108285052790033, 51.244996757773507 ], [ 7.107282726631782, 51.244980549774787 ], [ 7.107256895819552, 51.245609654467891 ], [ 7.106254556934451, 51.24559343752798 ], [ 7.105252218982321, 51.24557721200911 ], [ 7.105226359918105, 51.246206315899819 ], [ 7.105200499920382, 51.24683541971315 ], [ 7.10419813558185, 51.246819184889709 ], [ 7.104172260989902, 51.247448288262831 ], [ 7.103169883924787, 51.247432044497074 ], [ 7.102167507794253, 51.247415792151855 ], [ 7.101165132598794, 51.24739953122716 ], [ 7.10119104817249, 51.24677042894367 ], [ 7.10018868757309, 51.246754159803139 ], [ 7.100214615871265, 51.24612505780582 ], [ 7.099212269867836, 51.246108780449831 ], [ 7.099238210889508, 51.245479678738832 ], [ 7.098235879481962, 51.245463393167782 ], [ 7.097233549011323, 51.24544709901793 ], [ 7.097207580670856, 51.246076200000815 ], [ 7.096205237478289, 51.24605989690783 ], [ 7.09520289522366, 51.246043585235874 ], [ 7.094200553907463, 51.246027264984981 ], [ 7.093198213530187, 51.246010936155173 ], [ 7.093224236507711, 51.245381836630791 ], [ 7.093250258545865, 51.244752737028904 ], [ 7.093276279644694, 51.244123637349524 ], [ 7.094278579045852, 51.244139965084628 ], [ 7.094304585547679, 51.243510864962857 ], [ 7.09433059111076, 51.242881764763595 ], [ 7.094356595735142, 51.242252664486855 ], [ 7.094382599420867, 51.241623564132638 ], [ 7.094408602167983, 51.240994463700915 ], [ 7.094434603976532, 51.240365363191707 ], [ 7.094460604846561, 51.239736262605007 ], [ 7.09345840103911, 51.239719937423878 ], [ 7.093484414624937, 51.239090837124515 ], [ 7.092482225410687, 51.239074503731395 ], [ 7.09250825171133, 51.238445403719524 ], [ 7.091506077090191, 51.238429062114811 ], [ 7.090503903408916, 51.238412711933535 ], [ 7.090529956076547, 51.237783612574702 ], [ 7.089527796988741, 51.23776725418243 ], [ 7.089553862368683, 51.237138155111616 ], [ 7.089579926807867, 51.236509055963268 ], [ 7.089605990306337, 51.235879956737392 ], [ 7.088603873115587, 51.235863590865968 ], [ 7.088629949324491, 51.23523449192826 ], [ 7.087627846725958, 51.235218117846998 ], [ 7.087653935644309, 51.234589019197635 ], [ 7.086651847637905, 51.234572636906911 ], [ 7.08667794926472, 51.233943538546065 ], [ 7.085675875850353, 51.233927148046291 ], [ 7.084673803378488, 51.23391074897139 ], [ 7.084699931362232, 51.233281651265685 ], [ 7.083697873482762, 51.233265243982324 ], [ 7.082695816546733, 51.233248828124069 ], [ 7.081693760554634, 51.233232403690955 ], [ 7.080691705506959, 51.233215970682991 ], [ 7.079689651404202, 51.233199529100183 ], [ 7.078687598246852, 51.233183078942567 ], [ 7.077685546035401, 51.233166620210163 ], [ 7.077711768617624, 51.232537524997284 ], [ 7.076709731001159, 51.232521058058062 ], [ 7.076735966285139, 51.231891963135489 ], [ 7.075733943263573, 51.231875487989861 ], [ 7.075760191248326, 51.231246393357772 ], [ 7.074758182821565, 51.231229910006114 ], [ 7.07478444350611, 51.230600815664673 ], [ 7.074810703242971, 51.229971721245533 ], [ 7.073808723057419, 51.22995523005676 ], [ 7.07383499549264, 51.229326135928432 ], [ 7.072833029901179, 51.229309636534587 ], [ 7.072859315033778, 51.228680542697234 ], [ 7.071857364036317, 51.228664035098717 ], [ 7.071883661865311, 51.228034941552529 ], [ 7.070881725461759, 51.228018425749745 ], [ 7.070908035986164, 51.227389332494866 ], [ 7.069906114176431, 51.227372808488191 ], [ 7.069932437395265, 51.226743715524819 ], [ 7.068930530179262, 51.226727183314651 ], [ 7.067928623913623, 51.226710642531799 ], [ 7.06692671859884, 51.226694093176285 ], [ 7.065924814235408, 51.226677535248108 ], [ 7.065951191077373, 51.226048443685734 ], [ 7.064949301308917, 51.22603187755508 ], [ 7.064975690841734, 51.225402786285088 ], [ 7.063973815668166, 51.225386211952362 ], [ 7.064000217890853, 51.224757120974921 ], [ 7.064026619160854, 51.224128029919676 ], [ 7.063024772223655, 51.224111447755789 ], [ 7.063051186182096, 51.223482356993259 ], [ 7.063077599187451, 51.222853266152931 ], [ 7.062075780484966, 51.222836676158607 ], [ 7.061073962736017, 51.222820077592885 ], [ 7.060072145941091, 51.222803470455766 ], [ 7.060045692014236, 51.223432560183461 ], [ 7.059043862533418, 51.223415944103714 ], [ 7.058042034007651, 51.223399319452426 ], [ 7.05704020643743, 51.223382686229606 ], [ 7.056038379823242, 51.223366044435281 ], [ 7.056064888311464, 51.222736956193778 ], [ 7.055063076294031, 51.22272030620001 ], [ 7.054061265233572, 51.222703647634937 ], [ 7.054087800044739, 51.222074560059788 ], [ 7.053086003581389, 51.222057893295876 ], [ 7.053112551074292, 51.221428806015211 ], [ 7.052110769207961, 51.221412131052837 ], [ 7.052137329381616, 51.220783044066842 ], [ 7.051135562112213, 51.220766360906389 ], [ 7.050133795801611, 51.220749669175319 ], [ 7.049132030450301, 51.220732968873627 ], [ 7.049105429361068, 51.221362054740766 ], [ 7.048103651331105, 51.221345345495173 ], [ 7.048077035643114, 51.221974430911011 ], [ 7.048050418994757, 51.222603516248924 ], [ 7.048023801385987, 51.223232601508862 ], [ 7.047997182816761, 51.223861686690846 ], [ 7.048999015405377, 51.223878397429885 ] ] ], [ [ [ 7.040209254645383, 51.241987831901213 ], [ 7.039207033979728, 51.241971041713867 ], [ 7.039180277335991, 51.242600121560805 ], [ 7.040182511656432, 51.242616912123367 ], [ 7.040155767702161, 51.243245992267497 ], [ 7.041158016643242, 51.243262774627951 ], [ 7.04118474694219, 51.242633694108797 ], [ 7.042186983192773, 51.242650467517066 ], [ 7.042213698872018, 51.242021386545083 ], [ 7.04121147627631, 51.242004613511625 ], [ 7.040209254645383, 51.241987831901213 ] ] ], [ [ [ 7.097389339370252, 51.241672491493951 ], [ 7.097363376653526, 51.242301592941594 ], [ 7.096361115409564, 51.242285292034488 ], [ 7.096335138098787, 51.242914393040387 ], [ 7.096309159850297, 51.243543493968808 ], [ 7.097311448408493, 51.243559795604504 ], [ 7.097285482880097, 51.244188896819779 ], [ 7.09828778603346, 51.244205190241374 ], [ 7.098261833226142, 51.244834291743302 ], [ 7.099264150974761, 51.244850576950405 ], [ 7.099290090123644, 51.244221475084537 ], [ 7.100292395150155, 51.244237751349253 ], [ 7.101294701112502, 51.244254019035523 ], [ 7.101320612009036, 51.243624916364922 ], [ 7.10134652197027, 51.242995813616922 ], [ 7.101372430996249, 51.242366710791494 ], [ 7.102374696921185, 51.242382968809245 ], [ 7.102400591355353, 51.241753865543075 ], [ 7.102426484854846, 51.241124762199505 ], [ 7.101424246242619, 51.241108504908375 ], [ 7.101450152463101, 51.240479401850699 ], [ 7.101476057748505, 51.239850298715595 ], [ 7.101501962098877, 51.23922119550307 ], [ 7.101527865514261, 51.238592092213132 ], [ 7.101553767994702, 51.23796298884578 ], [ 7.100551598590533, 51.237946724794497 ], [ 7.099549430121757, 51.237930452166673 ], [ 7.098547262588863, 51.237914170962327 ], [ 7.098521319147745, 51.238543273238754 ], [ 7.097519138897757, 51.238526983093863 ], [ 7.097493180866257, 51.239156084928794 ], [ 7.097467221897802, 51.239785186686269 ], [ 7.097441261992346, 51.240414288366281 ], [ 7.097415301149844, 51.241043389968851 ], [ 7.097389339370252, 51.241672491493951 ] ] ], [ [ [ 7.129283055118639, 51.246593369172288 ], [ 7.128280682171976, 51.246577340615971 ], [ 7.128255136370578, 51.24720645272123 ], [ 7.127252750684905, 51.247190415226946 ], [ 7.127227190299592, 51.247819526896627 ], [ 7.126224791874996, 51.247803480463986 ], [ 7.126199216904784, 51.248432591697892 ], [ 7.125196805741354, 51.248416536326538 ], [ 7.125171216185257, 51.249045647124426 ], [ 7.12416879228308, 51.249029582813975 ], [ 7.124143188140115, 51.249658693175661 ], [ 7.124117583072775, 51.250287803460154 ], [ 7.125120034301509, 51.250303868488665 ], [ 7.125094441973769, 51.250932979055015 ], [ 7.126096907790488, 51.250949035861737 ], [ 7.126071328203332, 51.251578146709761 ], [ 7.127073808608125, 51.251594195294281 ], [ 7.127048241762539, 51.252223306423815 ], [ 7.128050736755494, 51.252239346785757 ], [ 7.128025182652463, 51.252868458196616 ], [ 7.127999627626809, 51.253497569530325 ], [ 7.127974071678489, 51.254126680786882 ], [ 7.128976608592511, 51.254142713642487 ], [ 7.128951065388628, 51.254771825180221 ], [ 7.12995361689206, 51.254787849812118 ], [ 7.129928086433599, 51.255416961630843 ], [ 7.13093065252653, 51.255432978038613 ], [ 7.13193321954078, 51.255448985864078 ], [ 7.13195872266374, 51.254819873329616 ], [ 7.132961276931002, 51.254835872215175 ], [ 7.133963832118554, 51.254851862518613 ], [ 7.134966388225906, 51.25486784423989 ], [ 7.134940926106527, 51.255496957846532 ], [ 7.134915463067796, 51.256126071376102 ], [ 7.134889999109674, 51.25675518482857 ], [ 7.134864534232115, 51.257384298203952 ], [ 7.134839068435075, 51.25801341150224 ], [ 7.134813601718511, 51.258642524723435 ], [ 7.134788134082378, 51.25927163786757 ], [ 7.134762665526634, 51.259900750934584 ], [ 7.134737196051233, 51.260529863924518 ], [ 7.134711725656135, 51.261158976837365 ], [ 7.13571441938444, 51.261174953546956 ], [ 7.135688961742473, 51.261804066739806 ], [ 7.135663503181212, 51.262433179855599 ], [ 7.136666225175099, 51.262449148694905 ], [ 7.136640779368406, 51.263078262090552 ], [ 7.137643515955086, 51.263094222702101 ], [ 7.138646253460164, 51.263110174728908 ], [ 7.138620834083509, 51.263739288760775 ], [ 7.139623586181016, 51.263755232559227 ], [ 7.139598179561438, 51.264384346870415 ], [ 7.140600946251465, 51.264400282440086 ], [ 7.140575552389949, 51.265029397030425 ], [ 7.141578333672582, 51.265045324370938 ], [ 7.141552952570113, 51.265674439240264 ], [ 7.141527570551049, 51.266303554032561 ], [ 7.142530380103008, 51.266319473499365 ], [ 7.142505010844427, 51.266948588570486 ], [ 7.143507834989702, 51.266964499807152 ], [ 7.144510660050676, 51.266980402457833 ], [ 7.144485317231271, 51.267609518163049 ], [ 7.145488156885201, 51.267625412583001 ], [ 7.145462826828789, 51.268254528566523 ], [ 7.146465681075759, 51.268270414755357 ], [ 7.147468536237037, 51.268286292357764 ], [ 7.148471392312126, 51.268302161373732 ], [ 7.148446102377384, 51.268931278344986 ], [ 7.149448973044703, 51.268947139129018 ], [ 7.150451844624893, 51.268962991326383 ], [ 7.151454717117459, 51.268978834937059 ], [ 7.151429467307691, 51.269607952894397 ], [ 7.152432354391674, 51.269623788272334 ], [ 7.15343524238709, 51.269639615063348 ], [ 7.153410019025492, 51.270268733651513 ], [ 7.153384794752911, 51.270897852162776 ], [ 7.153359569569302, 51.271526970597129 ], [ 7.153334343474623, 51.272156088954574 ], [ 7.154337287104392, 51.272171908573057 ], [ 7.154312073780686, 51.272801027207215 ], [ 7.154286859546318, 51.273430145764479 ], [ 7.153283888551883, 51.273414325438729 ], [ 7.153258659723734, 51.274043443565454 ], [ 7.152255675957469, 51.274027614297772 ], [ 7.152230432534553, 51.274656731993744 ], [ 7.152205188199856, 51.275285849612793 ], [ 7.152179942953335, 51.275914967154911 ], [ 7.152154696794947, 51.276544084620113 ], [ 7.152129449724648, 51.277173202008413 ], [ 7.153132501913464, 51.277189033045417 ], [ 7.153107267617202, 51.277818150710686 ], [ 7.154110334403511, 51.277833973512166 ], [ 7.155113402100832, 51.277849787724179 ], [ 7.156116470708669, 51.277865593346746 ], [ 7.15711954022653, 51.277881390379818 ], [ 7.158122610653919, 51.277897178823395 ], [ 7.158097443879226, 51.278526298178399 ], [ 7.159100528902396, 51.278542078385208 ], [ 7.159125681990346, 51.277912958677447 ], [ 7.159150834169753, 51.277283838892842 ], [ 7.160153892728427, 51.277299609804807 ], [ 7.160179030313534, 51.276670489590799 ], [ 7.15917598544066, 51.276654719031377 ], [ 7.159201135803112, 51.27602559909306 ], [ 7.159226285257152, 51.275396479077905 ], [ 7.158223268662767, 51.275380700634756 ], [ 7.158248430892712, 51.274751580895462 ], [ 7.157245428891425, 51.274735794216468 ], [ 7.157270603896293, 51.274106674753185 ], [ 7.157295777991889, 51.273477555213034 ], [ 7.156292804266814, 51.273461760651649 ], [ 7.156317991135893, 51.272832641387687 ], [ 7.157320951178258, 51.272848435596018 ], [ 7.158323912129807, 51.272864221216366 ], [ 7.159326873990046, 51.272879998248747 ], [ 7.160329836758481, 51.272895766693111 ], [ 7.16133280043462, 51.272911526549464 ], [ 7.162335765017968, 51.272927277817772 ], [ 7.162310660245796, 51.273556399197219 ], [ 7.163313639418827, 51.273572142229384 ], [ 7.164316619498126, 51.273587876673282 ], [ 7.165319600483199, 51.273603602528887 ], [ 7.166322582373549, 51.273619319796197 ], [ 7.167325565168686, 51.273635028475184 ], [ 7.168328548868115, 51.273650728565819 ], [ 7.169331533471342, 51.27366642006811 ], [ 7.170334518977874, 51.273682102982015 ], [ 7.17035951428509, 51.27305297879267 ], [ 7.171362487011121, 51.273068652767805 ], [ 7.172365460639427, 51.273084318154716 ], [ 7.172390427678192, 51.272455193188087 ], [ 7.172415393815217, 51.271826068144712 ], [ 7.173418340979987, 51.27184172424343 ], [ 7.173443292533398, 51.271212598773367 ], [ 7.173468243185648, 51.270583473226587 ], [ 7.173493192936783, 51.26995434760309 ], [ 7.172490286816287, 51.269938692554234 ], [ 7.172515249346787, 51.269309567203955 ], [ 7.171512357808254, 51.269293903917941 ], [ 7.171537333117129, 51.268664778841057 ], [ 7.170534456160476, 51.268649107318289 ], [ 7.169531580106291, 51.268633427208663 ], [ 7.168528704955068, 51.268617738512177 ], [ 7.167525830707296, 51.268602041228888 ], [ 7.166522957363476, 51.268586335358769 ], [ 7.165520084924097, 51.268570620901876 ], [ 7.164517213389652, 51.268554897858216 ], [ 7.164542283551214, 51.267925775160712 ], [ 7.164567352807392, 51.267296652386428 ], [ 7.163564509536012, 51.267280921459282 ], [ 7.163589591564926, 51.266651798959799 ], [ 7.162586762877418, 51.266636059798124 ], [ 7.162611857678084, 51.266006937573657 ], [ 7.161609043574359, 51.265991190177822 ], [ 7.160606230377368, 51.265975434196072 ], [ 7.160631351625762, 51.265346312598929 ], [ 7.15962855301292, 51.265330548383645 ], [ 7.159653687030556, 51.264701427062036 ], [ 7.158650903001776, 51.264685654613587 ], [ 7.158676049787666, 51.264056533567661 ], [ 7.157673280342862, 51.264040752886473 ], [ 7.157698439896023, 51.263411632116409 ], [ 7.156695685035107, 51.263395843202844 ], [ 7.155692931083221, 51.263380045704203 ], [ 7.15571811707744, 51.262750925563282 ], [ 7.154715377709804, 51.262735119832882 ], [ 7.154740576468783, 51.262105999968355 ], [ 7.154765774317835, 51.26147688002694 ], [ 7.154790971257002, 51.260847760008609 ], [ 7.154816167286328, 51.260218639913404 ], [ 7.155818851959967, 51.260234444230747 ], [ 7.15682153754291, 51.26025023996398 ], [ 7.156846705317862, 51.25962111908558 ], [ 7.157849378137263, 51.259636905881855 ], [ 7.15885205186494, 51.259652684094185 ], [ 7.158877191387361, 51.25902356243337 ], [ 7.159879852350874, 51.259039331709282 ], [ 7.159904977294103, 51.258410209619178 ], [ 7.160907625493365, 51.258425969959028 ], [ 7.160932735858384, 51.257796847439828 ], [ 7.160957845316736, 51.257167724843782 ], [ 7.160982953868465, 51.256538602170885 ], [ 7.159980346680735, 51.25652284288779 ], [ 7.160005467995407, 51.255893720490285 ], [ 7.159002875384235, 51.255877952976562 ], [ 7.159028009460864, 51.25524883085464 ], [ 7.158025431426161, 51.255233055110708 ], [ 7.158050578263765, 51.254603933264512 ], [ 7.158075724193438, 51.253974811341443 ], [ 7.157073174403037, 51.253959027720477 ], [ 7.157098333092249, 51.253329906073304 ], [ 7.157123490873124, 51.252700784349258 ], [ 7.156120969325373, 51.252684992851997 ], [ 7.156146139864353, 51.252055871403996 ], [ 7.155143632891741, 51.252040071678067 ], [ 7.155168816187837, 51.251410950506312 ], [ 7.154166323790278, 51.251395142552099 ], [ 7.154191519842508, 51.250766021656737 ], [ 7.154216714985095, 51.250136900684488 ], [ 7.153214250827291, 51.250121084855856 ], [ 7.153239458724578, 51.249491964160171 ], [ 7.152237009141118, 51.24947614010425 ], [ 7.151234560468198, 51.249460307467558 ], [ 7.15023211270631, 51.249444466250104 ], [ 7.150257360684701, 51.248815346539033 ], [ 7.149254927497969, 51.248799497095092 ], [ 7.148252495223211, 51.248783639070624 ], [ 7.147250063860921, 51.248767772465641 ], [ 7.147275351917115, 51.248138653740874 ], [ 7.146272935130791, 51.248122778910208 ], [ 7.146298235936585, 51.247493660463235 ], [ 7.146323535829014, 51.246864541939289 ], [ 7.14532114728055, 51.246848659238303 ], [ 7.145346459921145, 51.246219540992328 ], [ 7.144344085947939, 51.246203650066619 ], [ 7.144369411335715, 51.245574532098793 ], [ 7.14336705193768, 51.245558632948736 ], [ 7.142364693454357, 51.245542725219238 ], [ 7.141362335886237, 51.245526808910299 ], [ 7.140359979233814, 51.245510884021947 ], [ 7.13935762349758, 51.245494950554189 ], [ 7.138355268678025, 51.245479008507068 ], [ 7.137352914775646, 51.245463057880585 ], [ 7.137378334871198, 51.244833942327013 ], [ 7.136375995546595, 51.244817983477851 ], [ 7.136401428384144, 51.24418886820385 ], [ 7.13539910363723, 51.244172901132387 ], [ 7.135424549215791, 51.243543786138169 ], [ 7.135449993875832, 51.242914671066849 ], [ 7.134447697365066, 51.242898696130496 ], [ 7.133445401773269, 51.242882712615632 ], [ 7.132443107100931, 51.242866720522265 ], [ 7.131440813348545, 51.242850719850409 ], [ 7.130438520516605, 51.242834710600093 ], [ 7.130413007564268, 51.243463823884419 ], [ 7.129410701994937, 51.243447805697677 ], [ 7.129385174462799, 51.244076918546888 ], [ 7.129359646009143, 51.24470603131897 ], [ 7.129334116633927, 51.245335144013879 ], [ 7.129308586337108, 51.245964256631659 ], [ 7.129283055118639, 51.246593369172288 ] ] ], [ [ [ 7.133868835726068, 51.207636213465705 ], [ 7.133843401540588, 51.208265331783721 ], [ 7.134844945755065, 51.208281304235179 ], [ 7.135846490886602, 51.208297268118663 ], [ 7.136848036934707, 51.208313223434153 ], [ 7.136873430227267, 51.207684104046159 ], [ 7.137874963560392, 51.207700050437353 ], [ 7.138876497809061, 51.207715988260695 ], [ 7.138901862924401, 51.207086868083266 ], [ 7.138927227124733, 51.206457747828779 ], [ 7.138952590410097, 51.205828627497226 ], [ 7.138977952780539, 51.205199507088608 ], [ 7.137976473051376, 51.20518357068952 ], [ 7.136974994237584, 51.205167625723369 ], [ 7.135973516339654, 51.205151672190148 ], [ 7.134972039358075, 51.205135710089877 ], [ 7.134946622471332, 51.205764829073132 ], [ 7.13394513277763, 51.205748858049027 ], [ 7.133970563293339, 51.205119739422585 ], [ 7.132969088145937, 51.205103760188287 ], [ 7.131967613916359, 51.205087772387003 ], [ 7.130966140605098, 51.205071776018755 ], [ 7.130940669202752, 51.205700893573599 ], [ 7.130915196881556, 51.206330011051307 ], [ 7.131916697450979, 51.206346008134354 ], [ 7.131891237840707, 51.206975125892349 ], [ 7.132892752958395, 51.206991114765252 ], [ 7.132867306060029, 51.207620232803329 ], [ 7.133868835726068, 51.207636213465705 ] ] ], [ [ [ 7.143631162952074, 51.214086764173011 ], [ 7.144632839019438, 51.214102654138763 ], [ 7.144607545653123, 51.214731775601614 ], [ 7.145609236269348, 51.214747657352333 ], [ 7.145583955627257, 51.215376779093035 ], [ 7.146585660792426, 51.215392652628324 ], [ 7.147587366869242, 51.215408517593318 ], [ 7.147612620237584, 51.214779395143466 ], [ 7.147637872694815, 51.214150272616664 ], [ 7.1466361938913, 51.214134408360607 ], [ 7.146661459073378, 51.213505286111264 ], [ 7.14668672334394, 51.212876163784941 ], [ 7.146711986703031, 51.21224704138163 ], [ 7.146737249150693, 51.211617918901332 ], [ 7.14676251068697, 51.210988796344054 ], [ 7.146787771311905, 51.210359673709789 ], [ 7.145786175227807, 51.210343803011554 ], [ 7.145811448574367, 51.209714680654891 ], [ 7.144809867034939, 51.209698801742682 ], [ 7.143808286407748, 51.209682914261926 ], [ 7.143782985795471, 51.210312035908842 ], [ 7.142781392448214, 51.210296139504401 ], [ 7.142756077289879, 51.210925260719122 ], [ 7.142730761218238, 51.211554381856814 ], [ 7.142705444233246, 51.21218350291749 ], [ 7.142680126334862, 51.212812623901158 ], [ 7.142654807523041, 51.213441744807788 ], [ 7.142629487797741, 51.214070865637382 ], [ 7.143631162952074, 51.214086764173011 ] ] ], [ [ [ 7.151115249901875, 51.227425230582455 ], [ 7.152117219728053, 51.227441059414325 ], [ 7.152142422183901, 51.226811936656617 ], [ 7.152167623730273, 51.226182813821985 ], [ 7.152192824367214, 51.225553690910417 ], [ 7.152218024094766, 51.224924567921931 ], [ 7.152243222912974, 51.224295444856502 ], [ 7.151241321314132, 51.224279617793037 ], [ 7.150239420625083, 51.224263782156505 ], [ 7.150214194517951, 51.224892904514412 ], [ 7.149212281094791, 51.224877059950785 ], [ 7.149187040432442, 51.225506181877691 ], [ 7.148185114275256, 51.225490328386577 ], [ 7.148159859056705, 51.226119449882255 ], [ 7.148134602926756, 51.22674857130098 ], [ 7.148109345885366, 51.22737769264274 ], [ 7.149111312980039, 51.227393547196641 ], [ 7.149086068673976, 51.228022668815719 ], [ 7.150088050326499, 51.22803851514972 ], [ 7.151090032889567, 51.228054352909531 ], [ 7.151115249901875, 51.227425230582455 ] ] ], [ [ [ 7.146004267970241, 51.229862439573665 ], [ 7.145002249021817, 51.229846557878403 ], [ 7.144976946476491, 51.23047567777121 ], [ 7.145978979073563, 51.230491559821374 ], [ 7.145953689264201, 51.231120679992074 ], [ 7.146955736423144, 51.231136553822054 ], [ 7.146981012583322, 51.230507433296644 ], [ 7.147006287831307, 51.229878312694233 ], [ 7.146004267970241, 51.229862439573665 ] ] ], [ [ [ 7.160078474524899, 51.279186969985766 ], [ 7.160053333307511, 51.2798160898924 ], [ 7.1610564475225, 51.279831853624508 ], [ 7.162059562645176, 51.279847608766467 ], [ 7.162084676486884, 51.279218488155244 ], [ 7.161081575052071, 51.27920273336548 ], [ 7.161106701674, 51.278573613029629 ], [ 7.160103614834151, 51.278557850002294 ], [ 7.160078474524899, 51.279186969985766 ] ] ], [ [ [ 7.163038330669555, 51.255311848003963 ], [ 7.163013251269142, 51.255940971534372 ], [ 7.162988170963175, 51.256570094987985 ], [ 7.162963089751613, 51.257199218364768 ], [ 7.162938007634413, 51.257828341664734 ], [ 7.163940644881195, 51.257844075902014 ], [ 7.163915575529447, 51.258473199476839 ], [ 7.164918227352594, 51.258488925482133 ], [ 7.164893170767281, 51.25911804933164 ], [ 7.165895837166882, 51.259133767104544 ], [ 7.165870793348993, 51.25976289122859 ], [ 7.165845748626771, 51.260392015275826 ], [ 7.16684844327565, 51.260407725167099 ], [ 7.166823411322288, 51.26103684948869 ], [ 7.167826120548325, 51.261052551146619 ], [ 7.167801101364807, 51.261681675742388 ], [ 7.16880382516809, 51.261697369166583 ], [ 7.169806549874355, 51.261713054006066 ], [ 7.170809275483108, 51.261728730260813 ], [ 7.170834253645057, 51.261099604613307 ], [ 7.170859230905053, 51.260470478889061 ], [ 7.170884207263138, 51.259841353088078 ], [ 7.169881522674603, 51.259825677884464 ], [ 7.169906511803242, 51.259196552357075 ], [ 7.169931500029562, 51.25856742675294 ], [ 7.16995648735361, 51.257938301072045 ], [ 7.170959130926363, 51.257953975224623 ], [ 7.170984103677237, 51.25732484911665 ], [ 7.171009075526416, 51.256695722931937 ], [ 7.17103404647394, 51.256066596670486 ], [ 7.171059016519854, 51.255437470332289 ], [ 7.170056427627908, 51.255421797580986 ], [ 7.16905383963802, 51.255406116246867 ], [ 7.169078836120265, 51.254776990532697 ], [ 7.168076262701814, 51.25476130096645 ], [ 7.167073690186368, 51.254745602817614 ], [ 7.166071118574416, 51.254729896086204 ], [ 7.165068547866452, 51.254714180772233 ], [ 7.164065978062969, 51.25469845687573 ], [ 7.164040913236733, 51.25532758083461 ], [ 7.163038330669555, 51.255311848003963 ] ] ], [ [ [ 7.174845110399079, 51.261162222384968 ], [ 7.174820186933154, 51.261791349432102 ], [ 7.174795262567205, 51.262420476402539 ], [ 7.174770337301188, 51.26304960329626 ], [ 7.174745411135062, 51.263678730113291 ], [ 7.174720484068784, 51.264307856853598 ], [ 7.175723268883971, 51.264323491582218 ], [ 7.175698354594076, 51.264952618595302 ], [ 7.176701153985586, 51.264968245087587 ], [ 7.17770395427635, 51.264983862994065 ], [ 7.177679066440982, 51.265612990628846 ], [ 7.178681881307702, 51.265628600298392 ], [ 7.178657006251225, 51.266257728205424 ], [ 7.17965983569399, 51.266273329637656 ], [ 7.179634973417392, 51.266902457816741 ], [ 7.180637817436287, 51.266918051011267 ], [ 7.180612967940553, 51.267547179462269 ], [ 7.179610110242894, 51.267531585919194 ], [ 7.179585246170451, 51.268160713944965 ], [ 7.179560381200024, 51.268789841894097 ], [ 7.179535515331568, 51.269418969766548 ], [ 7.17951064856504, 51.270048097562338 ], [ 7.179485780900396, 51.270677225281489 ], [ 7.178482855699671, 51.270661621407889 ], [ 7.178457973455189, 51.271290748701567 ], [ 7.178433090312014, 51.271919875918584 ], [ 7.178408206270106, 51.27254900305892 ], [ 7.179411172517361, 51.272564607978957 ], [ 7.180414139662901, 51.27258020431082 ], [ 7.181417107706233, 51.272595792054503 ], [ 7.182420076646861, 51.272611371209955 ], [ 7.183423046484297, 51.272626941777183 ], [ 7.183398229959849, 51.273256070583095 ], [ 7.184401214376971, 51.273271632909953 ], [ 7.185404199689951, 51.273287186648375 ], [ 7.185379409636933, 51.27391631607324 ], [ 7.185354618688502, 51.274545445421502 ], [ 7.18532982684462, 51.275174574693168 ], [ 7.184326800478421, 51.275159019911662 ], [ 7.184301994053651, 51.275788148759005 ], [ 7.183298954898091, 51.275772585040549 ], [ 7.183274133891447, 51.276401713463351 ], [ 7.183249311988238, 51.277030841809527 ], [ 7.183224489188416, 51.277659970079092 ], [ 7.183199665491942, 51.278289098272026 ], [ 7.183174840898775, 51.278918226388349 ], [ 7.183150015408868, 51.279547354428033 ], [ 7.183125189022182, 51.280176482391106 ], [ 7.184128323989014, 51.280192048545203 ], [ 7.184103510394803, 51.280821176779646 ], [ 7.185106659947309, 51.280836734690972 ], [ 7.185081859146561, 51.281465863196601 ], [ 7.186085023284821, 51.281481412864771 ], [ 7.187088188318509, 51.281496953941954 ], [ 7.187063414002629, 51.282126083066039 ], [ 7.188066593621707, 51.282141615899462 ], [ 7.189069774135269, 51.28215714014167 ], [ 7.190072955542818, 51.28217265579265 ], [ 7.19107613784386, 51.282188162852385 ], [ 7.191100857397656, 51.281559032340503 ], [ 7.192104026901073, 51.281574530462493 ], [ 7.193107197296953, 51.281590019993402 ], [ 7.193131888577482, 51.280960888712237 ], [ 7.194135046175115, 51.280976369305961 ], [ 7.19415972287399, 51.2803472376022 ], [ 7.194184398681473, 51.279718105821907 ], [ 7.195187529791498, 51.279733577132951 ], [ 7.195212191018853, 51.279104444930297 ], [ 7.196215309330912, 51.279119907305088 ], [ 7.197218428533292, 51.279135361089494 ], [ 7.198221548625497, 51.279150806283482 ], [ 7.198196928464736, 51.279779939522562 ], [ 7.198172307414602, 51.28040907268516 ], [ 7.19917545577453, 51.280424509978907 ], [ 7.199150847524917, 51.281053643410139 ], [ 7.199126238386336, 51.281682776764896 ], [ 7.200129415015642, 51.28169820615765 ], [ 7.200104818679019, 51.282327339780878 ], [ 7.201108009887847, 51.28234276092715 ], [ 7.202111201984737, 51.282358173481974 ], [ 7.203114394969194, 51.282373577445348 ], [ 7.204117588840726, 51.28238897281723 ], [ 7.20512078359884, 51.282404359597614 ], [ 7.205096254831599, 51.283033494866231 ], [ 7.206099464167512, 51.28304887339889 ], [ 7.207102674389059, 51.28306424333983 ], [ 7.208105885495748, 51.283079604689028 ], [ 7.209109097487088, 51.283094957446458 ], [ 7.2090846226028, 51.28372409401274 ], [ 7.210087849170665, 51.283739438521437 ], [ 7.211091076622234, 51.283754774438137 ], [ 7.211066628239537, 51.284383911613929 ], [ 7.212069870267265, 51.284399239281299 ], [ 7.212094304957009, 51.283770101762855 ], [ 7.2130975341745, 51.283785420495526 ], [ 7.213121954289027, 51.283156282558252 ], [ 7.214125170696192, 51.283171592356624 ], [ 7.214149576236493, 51.282542454000748 ], [ 7.215152779833248, 51.282557754865188 ], [ 7.215128387985041, 51.283186893563119 ], [ 7.216131606155079, 51.283202186177739 ], [ 7.217134825205813, 51.283217470200448 ], [ 7.217110459861714, 51.283846609505652 ], [ 7.218113693485361, 51.28386188527795 ], [ 7.218089340954223, 51.284491024848343 ], [ 7.218064987543295, 51.285120164342459 ], [ 7.218040633252532, 51.285749303760262 ], [ 7.219043908837155, 51.285764571964421 ], [ 7.219019567361247, 51.286393711647278 ], [ 7.218016278081894, 51.286378443101789 ], [ 7.217991922031337, 51.287007582367011 ], [ 7.217967565100823, 51.287636721555941 ], [ 7.217943207290306, 51.288265860668552 ], [ 7.218946537656814, 51.288281130238168 ], [ 7.21892219266296, 51.288910269615883 ], [ 7.219925537605764, 51.288925530933184 ], [ 7.220928883427667, 51.288940783656791 ], [ 7.220953201027982, 51.288311643596884 ], [ 7.221956534031654, 51.288326887385956 ], [ 7.222959867913391, 51.288342122581504 ], [ 7.22298415724243, 51.28771298176391 ], [ 7.22398747830532, 51.287728208025463 ], [ 7.2240117530609, 51.287099066791221 ], [ 7.224036026939485, 51.286469925480731 ], [ 7.224060299941117, 51.285840784093992 ], [ 7.224084572065837, 51.28521164263104 ], [ 7.225087839224853, 51.285226858938394 ], [ 7.22506358079462, 51.285856000741553 ], [ 7.22606686252454, 51.28587120879628 ], [ 7.227070145130384, 51.285886408258165 ], [ 7.227045913213818, 51.286515550664902 ], [ 7.227021680421784, 51.287144692995433 ], [ 7.226997446754235, 51.287773835249759 ], [ 7.228000771322307, 51.287789027137656 ], [ 7.227976550475793, 51.288418169655408 ], [ 7.227952328754177, 51.289047312096955 ], [ 7.227928106157417, 51.289676454462303 ], [ 7.227903882685473, 51.290305596751459 ], [ 7.228907262918087, 51.290320781403786 ], [ 7.228883052269524, 51.290949923956212 ], [ 7.229886447075521, 51.290965100353617 ], [ 7.229910644025437, 51.290335957461878 ], [ 7.230914026007023, 51.290351124925706 ], [ 7.230938208384508, 51.289721981618683 ], [ 7.231941577541601, 51.28973714014932 ], [ 7.232944947571904, 51.289752290085872 ], [ 7.232969101680158, 51.289123146025055 ], [ 7.232993254915739, 51.288494001888104 ], [ 7.233996598423599, 51.288509142553501 ], [ 7.234020737089709, 51.287879998001884 ], [ 7.234044874883725, 51.287250853374125 ], [ 7.235048191870457, 51.287265984769171 ], [ 7.23507231509653, 51.286636839726974 ], [ 7.23406901180569, 51.286621708670211 ], [ 7.234093147855639, 51.285992563890147 ], [ 7.235096437451085, 51.286007694608621 ], [ 7.235120558934161, 51.285378549414162 ], [ 7.23411728303362, 51.285363419033942 ], [ 7.234141417339668, 51.284734274101588 ], [ 7.235144679545801, 51.28474940414354 ], [ 7.236147942623329, 51.284764525592884 ], [ 7.237151206571755, 51.284779638449564 ], [ 7.238154471390589, 51.284794742713601 ], [ 7.238178550048842, 51.284165596353255 ], [ 7.238202627837226, 51.283536449916788 ], [ 7.238226704755781, 51.28290730340423 ], [ 7.239229929363768, 51.282922398063164 ], [ 7.239253991719936, 51.28229325113702 ], [ 7.240257203504576, 51.282308336866592 ], [ 7.241260416157972, 51.282323414004217 ], [ 7.241236381187123, 51.282952561604695 ], [ 7.242239608401507, 51.282967630487242 ], [ 7.243242836483702, 51.282982690777636 ], [ 7.244246065433216, 51.282997742475835 ], [ 7.244270059325773, 51.282368593865293 ], [ 7.245273275449264, 51.282383636634989 ], [ 7.246276492439043, 51.282398670812654 ], [ 7.247279710294617, 51.282413696398287 ], [ 7.248282929015491, 51.282428713391845 ], [ 7.248258989894568, 51.28305786334645 ], [ 7.24926222317326, 51.283072872083466 ], [ 7.250265457316306, 51.283087872228201 ], [ 7.250241544717586, 51.283717022777672 ], [ 7.25124479341808, 51.283732014665269 ], [ 7.25224804298198, 51.283746997960336 ], [ 7.253251293408794, 51.283761972662887 ], [ 7.25322742102854, 51.284391124141301 ], [ 7.254230686011977, 51.284406090585897 ], [ 7.254254544698027, 51.283776938772874 ], [ 7.255257796849184, 51.283791896290296 ], [ 7.256261049861773, 51.283806845215146 ], [ 7.256284880298352, 51.283177692657574 ], [ 7.256308709874037, 51.282548540024045 ], [ 7.257311936360389, 51.282563479688278 ], [ 7.257335751382374, 51.281934326644816 ], [ 7.2583389650362, 51.281949257383012 ], [ 7.258315163707102, 51.282578410760273 ], [ 7.259318391913683, 51.282593333240008 ], [ 7.25929460341814, 51.283222486874969 ], [ 7.259270814063184, 51.283851640433994 ], [ 7.259247023848772, 51.284480793917112 ], [ 7.260250293996594, 51.284495708804883 ], [ 7.261253565003417, 51.284510615099798 ], [ 7.262256836868749, 51.284525512801835 ], [ 7.263260109592095, 51.284540401910974 ], [ 7.264263383172959, 51.284555282427206 ], [ 7.265266657610849, 51.284570154350497 ], [ 7.26626993290527, 51.284585017680854 ], [ 7.267273209055727, 51.284599872418227 ], [ 7.267296889713392, 51.28397071627294 ], [ 7.267320569515554, 51.283341560051809 ], [ 7.267344248462254, 51.282712403754815 ], [ 7.268347484385407, 51.282727248903505 ], [ 7.269350721163487, 51.282742085459788 ], [ 7.269374371868135, 51.282112928423395 ], [ 7.270377595807272, 51.282127756055729 ], [ 7.270401231964646, 51.281498598612004 ], [ 7.270424867268164, 51.280869441092477 ], [ 7.270448501717864, 51.280240283497115 ], [ 7.271451685433613, 51.280255101543318 ], [ 7.271475305338095, 51.279625943540871 ], [ 7.271498924389336, 51.278996785462617 ], [ 7.270495768055976, 51.278981968078938 ], [ 7.270519399944469, 51.278352810256123 ], [ 7.270543030979308, 51.277723652357487 ], [ 7.269539902879973, 51.277708827045387 ], [ 7.269563546750622, 51.277079669402355 ], [ 7.26856043319478, 51.27706483583097 ], [ 7.267557320493499, 51.277049993668882 ], [ 7.26758099088782, 51.276420836613433 ], [ 7.266577892730403, 51.276405986192657 ], [ 7.266601575958028, 51.275776829393337 ], [ 7.265598492344391, 51.275761970714278 ], [ 7.264595409586716, 51.275747103444935 ], [ 7.263592327685495, 51.275732227585351 ], [ 7.262589246641222, 51.275717343135547 ], [ 7.261586166454392, 51.275702450095537 ], [ 7.261562414785803, 51.276331605232059 ], [ 7.260559321768837, 51.276316703268705 ], [ 7.259556229610343, 51.276301792715003 ], [ 7.259580008655032, 51.275672638244934 ], [ 7.25857693104349, 51.275657719434392 ], [ 7.258600722916752, 51.275028565221916 ], [ 7.257597659852081, 51.275013638154938 ], [ 7.256594597647279, 51.274998702498017 ], [ 7.255591536302841, 51.274983758251182 ], [ 7.255615368377486, 51.274354604964444 ], [ 7.254612321580743, 51.274339652461975 ], [ 7.254588475819262, 51.274968805414446 ], [ 7.253585416197032, 51.274953843987838 ], [ 7.253609275645309, 51.274324691369827 ], [ 7.252606230571681, 51.274309721688006 ], [ 7.252582357436647, 51.274938873971365 ], [ 7.251579299538599, 51.274923895365049 ], [ 7.250576242503385, 51.274908908168889 ], [ 7.249573186331495, 51.274893912382929 ], [ 7.249549271272621, 51.275523063585183 ], [ 7.248546202277466, 51.275508058873996 ], [ 7.247543134146664, 51.275493045572844 ], [ 7.247519190848813, 51.276122196028027 ], [ 7.247495246686073, 51.276751346407174 ], [ 7.247471301658404, 51.2773804967103 ], [ 7.248474410853299, 51.277395511018355 ], [ 7.248450478649676, 51.278024661581107 ], [ 7.248426545581534, 51.278653812067844 ], [ 7.248402611648834, 51.279282962478561 ], [ 7.248378676851532, 51.27991211281325 ], [ 7.247375512897598, 51.279897097162511 ], [ 7.2463723498088, 51.279882072920479 ], [ 7.246348386764908, 51.28051122250757 ], [ 7.245345210850828, 51.280496189338187 ], [ 7.245369187585631, 51.279867040087169 ], [ 7.244366026228586, 51.279851998662593 ], [ 7.24336286573816, 51.279836948646782 ], [ 7.243386868987552, 51.279207799992427 ], [ 7.243410871369873, 51.278578651261988 ], [ 7.243434872885167, 51.277949502455499 ], [ 7.242431754331252, 51.27793444485836 ], [ 7.242455768668372, 51.277305296312427 ], [ 7.243458873533473, 51.277320353572946 ], [ 7.243482873314831, 51.276691204614323 ], [ 7.243506872229285, 51.276062055579651 ], [ 7.244509950585106, 51.276077103576895 ], [ 7.245513029807297, 51.276092142984055 ], [ 7.2455370004801, 51.275462993200698 ], [ 7.245560970287068, 51.274833843341298 ], [ 7.245584939228242, 51.274204693405864 ], [ 7.244581901066812, 51.274189655007298 ], [ 7.24357886377163, 51.274174608019209 ], [ 7.242575827343188, 51.274159552441617 ], [ 7.241572791781978, 51.274144488274551 ], [ 7.241548768095344, 51.274773636864097 ], [ 7.240545719715601, 51.274758563770604 ], [ 7.240521681474444, 51.275387711947111 ], [ 7.240497642364983, 51.276016860047527 ], [ 7.23949456747958, 51.276001777690084 ], [ 7.239470513814072, 51.276630925377233 ], [ 7.239446459279684, 51.277260072988277 ], [ 7.239422403876374, 51.277889220523221 ], [ 7.238419288795348, 51.277874128563667 ], [ 7.237416174583778, 51.277859028013538 ], [ 7.237392090933264, 51.278488174797417 ], [ 7.236388963902587, 51.27847306531897 ], [ 7.236364865692529, 51.279102211688944 ], [ 7.236340766611944, 51.279731357982783 ], [ 7.235337613072237, 51.279716239237658 ], [ 7.235361725842826, 51.279087093281809 ], [ 7.235385837742395, 51.278457947249812 ], [ 7.235409948770984, 51.277828801141681 ], [ 7.235434058928637, 51.277199654957407 ], [ 7.23545816821539, 51.276570508697006 ], [ 7.234455083991624, 51.276555383051587 ], [ 7.23447920609502, 51.275926237053177 ], [ 7.233476136430053, 51.275911103155984 ], [ 7.233500271349102, 51.275281957419729 ], [ 7.234503327327107, 51.275297090978626 ], [ 7.234527447687929, 51.274667944827911 ], [ 7.235530490850694, 51.274683069458959 ], [ 7.236533534884188, 51.274698185500455 ], [ 7.236557627001717, 51.274069038597588 ], [ 7.237560658219354, 51.274084145711804 ], [ 7.237584735781083, 51.273454998395103 ], [ 7.237608812473153, 51.272825851002281 ], [ 7.237632888295605, 51.272196703533332 ], [ 7.23765696324848, 51.271567555988263 ], [ 7.237681037331816, 51.270938408367094 ], [ 7.237705110545657, 51.270309260669798 ], [ 7.236702161434235, 51.270294155581709 ], [ 7.236726247461264, 51.26966500814595 ], [ 7.237729182890046, 51.269680112896381 ], [ 7.237753254365023, 51.269050965046844 ], [ 7.237777324970627, 51.268421817121194 ], [ 7.237801394706902, 51.267792669119416 ], [ 7.23782546357389, 51.267163521041532 ], [ 7.237849531571629, 51.26653437288752 ], [ 7.237873598700165, 51.265905224657395 ], [ 7.237897664959536, 51.265276076351135 ], [ 7.237921730349783, 51.264646927968776 ], [ 7.236918904364371, 51.26463182591926 ], [ 7.236942982563738, 51.264002677798345 ], [ 7.235940171126062, 51.263987567500102 ], [ 7.235964262133562, 51.263358419640809 ], [ 7.235988352271078, 51.262729271705396 ], [ 7.234985569058183, 51.262714153496738 ], [ 7.235009672002395, 51.26208500582311 ], [ 7.234006903336534, 51.262069879366678 ], [ 7.233982786715728, 51.262699026702187 ], [ 7.232980005244201, 51.26268389132175 ], [ 7.232955874075413, 51.263313038242785 ], [ 7.23395866922399, 51.263328173961526 ], [ 7.23393455086128, 51.263957321144723 ], [ 7.233910431627558, 51.264586468251778 ], [ 7.233886311522781, 51.265215615282649 ], [ 7.233862190546906, 51.265844762237379 ], [ 7.233838068699897, 51.266473909115952 ], [ 7.232835205158677, 51.266458771705459 ], [ 7.231832342489128, 51.266443625707957 ], [ 7.231808192410965, 51.26707277183344 ], [ 7.230805316933655, 51.267057616910201 ], [ 7.229802442329049, 51.267042453399803 ], [ 7.229778264017879, 51.267671598771379 ], [ 7.22877537660613, 51.267656426334661 ], [ 7.227772490068109, 51.267641245310649 ], [ 7.226769604404311, 51.267626055699331 ], [ 7.225766719615227, 51.267610857500713 ], [ 7.225790952647491, 51.266981713486913 ], [ 7.224788082413786, 51.266966507040962 ], [ 7.223785213055741, 51.266951292007953 ], [ 7.222782344573851, 51.266936068387906 ], [ 7.222758070501202, 51.267565211381367 ], [ 7.221755189215913, 51.267549978833806 ], [ 7.220752308807807, 51.267534737699052 ], [ 7.219749429277377, 51.267519487977111 ], [ 7.219725113286552, 51.26814862987225 ], [ 7.218722220953876, 51.268133371222063 ], [ 7.218697890403933, 51.268762512699837 ], [ 7.2176949852691, 51.268747245121048 ], [ 7.217670640159051, 51.269376386181236 ], [ 7.216667722222141, 51.26936110967344 ], [ 7.215664805165004, 51.269345824577982 ], [ 7.215640431812099, 51.269974964878685 ], [ 7.214637501953505, 51.26995967085368 ], [ 7.213634572975713, 51.269944368240843 ], [ 7.213658973692027, 51.269315228624073 ], [ 7.212656059277174, 51.269299917765665 ], [ 7.21268047279338, 51.268670778414801 ], [ 7.212704885427883, 51.268041638987597 ], [ 7.212729297180719, 51.267412499484024 ], [ 7.211726424689453, 51.267397181065299 ], [ 7.211750849240294, 51.26676804182781 ], [ 7.210747991310727, 51.266752715164671 ], [ 7.209745134263729, 51.266737379914716 ], [ 7.208742278099789, 51.266722036077958 ], [ 7.208717812510321, 51.267351174287079 ], [ 7.207714943550476, 51.267335821520376 ], [ 7.206712075474721, 51.267320460166729 ], [ 7.205709208283548, 51.267305090226145 ], [ 7.205684700770756, 51.26793422732873 ], [ 7.204681820784833, 51.267918848457477 ], [ 7.204706341977451, 51.267289711698645 ], [ 7.203703476556921, 51.267274324584271 ], [ 7.202700612022454, 51.267258928882995 ], [ 7.202725159688042, 51.266629792735827 ], [ 7.201722309719336, 51.266614388792036 ], [ 7.201746870177121, 51.265985252912756 ], [ 7.200744034774092, 51.265969840726818 ], [ 7.199741200258519, 51.265954419954447 ], [ 7.199765787185652, 51.265325284687897 ], [ 7.198762967236124, 51.265309855673991 ], [ 7.197760148174997, 51.265294418073857 ], [ 7.196757330002765, 51.26527897188754 ], [ 7.195754512719922, 51.265263517115045 ], [ 7.194751696326959, 51.265248053756387 ], [ 7.194776350753756, 51.264618920139675 ], [ 7.193773548928558, 51.264603448540697 ], [ 7.192770747994182, 51.264587968355798 ], [ 7.191767947951125, 51.264572479584984 ], [ 7.191792642518147, 51.2639433469298 ], [ 7.19078985704367, 51.26392784991949 ], [ 7.190765148799881, 51.264556982228285 ], [ 7.189762350540939, 51.264541476285693 ], [ 7.189787072461455, 51.263912344323508 ], [ 7.188784288771995, 51.263896830141839 ], [ 7.188809023475944, 51.263267698449845 ], [ 7.18780625435588, 51.263252176029496 ], [ 7.187831001842276, 51.262623044607899 ], [ 7.186828247291523, 51.262607513949249 ], [ 7.185825493634921, 51.262591974705359 ], [ 7.18482274087296, 51.262576426876279 ], [ 7.183819989006136, 51.262560870461989 ], [ 7.182817238034941, 51.262545305462517 ], [ 7.181814487959868, 51.262529731877898 ], [ 7.181839316602676, 51.261900602465417 ], [ 7.180836581099083, 51.261885020643938 ], [ 7.180861422519688, 51.261255891503112 ], [ 7.179858701587486, 51.261240301445163 ], [ 7.179833846492554, 51.261869430237525 ], [ 7.178831112783583, 51.261853831246199 ], [ 7.177828379972667, 51.261838223669969 ], [ 7.177803496630664, 51.262467351688144 ], [ 7.176800751043598, 51.262451735177983 ], [ 7.175798006355614, 51.262436110082781 ], [ 7.175822917046958, 51.261806982762913 ], [ 7.17584782683877, 51.261177855366334 ], [ 7.175872735731092, 51.260548727893081 ], [ 7.175897643723972, 51.259919600343125 ], [ 7.176900333716318, 51.259935224041406 ], [ 7.176925227137118, 51.259306096065536 ], [ 7.177927904355653, 51.259321710830513 ], [ 7.177952783205358, 51.258692582428949 ], [ 7.17695011965905, 51.258676968012978 ], [ 7.176975011282157, 51.258047839883751 ], [ 7.175972362306363, 51.258032217233065 ], [ 7.175947457011564, 51.258661345013117 ], [ 7.174944795263396, 51.258645713429352 ], [ 7.174919875397139, 51.259274840783313 ], [ 7.174894954631029, 51.259903968060577 ], [ 7.174870032965023, 51.260533095261131 ], [ 7.174845110399079, 51.261162222384968 ] ], [ [ 7.233186449389155, 51.283460846050758 ], [ 7.233162303133461, 51.284089990796978 ], [ 7.233138156005424, 51.284719135467036 ], [ 7.232134895543561, 51.284703988239897 ], [ 7.231131635954575, 51.284688832420194 ], [ 7.230128377238957, 51.284673668007947 ], [ 7.230152565448364, 51.284044524354357 ], [ 7.230176752783947, 51.283415380624589 ], [ 7.229173522329113, 51.283400208298211 ], [ 7.229197722483634, 51.282771064831451 ], [ 7.228194506595753, 51.282755884252325 ], [ 7.228218719568226, 51.282126741048742 ], [ 7.227215518247212, 51.282111552217259 ], [ 7.227239744036648, 51.281482409277039 ], [ 7.228242931666013, 51.281497597768968 ], [ 7.22924612017002, 51.281512777669356 ], [ 7.229270317701967, 51.280883633974 ], [ 7.230273493388888, 51.280898804943682 ], [ 7.230297676355983, 51.280269660832985 ], [ 7.230321858449506, 51.279640516646126 ], [ 7.230346039669496, 51.279011372383067 ], [ 7.230370220015998, 51.278382228043839 ], [ 7.229367099089088, 51.278367058430725 ], [ 7.229391292250909, 51.277737914354418 ], [ 7.230394399489051, 51.277753083628411 ], [ 7.2313975076006, 51.277768244311972 ], [ 7.231373341816357, 51.27839738906632 ], [ 7.232376464489668, 51.278412541498184 ], [ 7.233379588035441, 51.278427685339395 ], [ 7.234382712453182, 51.278442820589952 ], [ 7.234358586864143, 51.27907196628378 ], [ 7.234334460403591, 51.279701111901453 ], [ 7.234310333071483, 51.280330257442991 ], [ 7.234286204867775, 51.280959402908373 ], [ 7.23426207579243, 51.281588548297606 ], [ 7.234237945845405, 51.282217693610697 ], [ 7.233234739283691, 51.282202556329857 ], [ 7.233210594772551, 51.282831701228389 ], [ 7.233186449389155, 51.283460846050758 ] ] ], [ [ [ 7.178308661114255, 51.275065510853594 ], [ 7.178333548751535, 51.274436384019921 ], [ 7.178358435489908, 51.273807257109588 ], [ 7.177355442774698, 51.273791642903333 ], [ 7.177330542352218, 51.274420769464633 ], [ 7.177305641030339, 51.275049895949238 ], [ 7.178308661114255, 51.275065510853594 ] ] ], [ [ [ 7.170937676660286, 51.283763759507146 ], [ 7.170962672726435, 51.283134636195207 ], [ 7.171965865347669, 51.283150307186226 ], [ 7.171990846820096, 51.282521183447194 ], [ 7.172015827390095, 51.28189205963146 ], [ 7.171012662149889, 51.281876389341093 ], [ 7.171037655507279, 51.281247265798932 ], [ 7.171062647961836, 51.280618142180032 ], [ 7.170059511003472, 51.280602463999763 ], [ 7.169056374948391, 51.280586777228969 ], [ 7.168053239797091, 51.280571081867699 ], [ 7.168028206274954, 51.281200204434541 ], [ 7.168003171848503, 51.281829326924623 ], [ 7.167978136517693, 51.282458449337945 ], [ 7.168981312737928, 51.28247414575187 ], [ 7.168956290193347, 51.283103268439334 ], [ 7.16893126674482, 51.28373239105003 ], [ 7.169934471250802, 51.283748079574323 ], [ 7.170937676660286, 51.283763759507146 ] ] ], [ [ [ 7.1865677396834, 51.294708649464475 ], [ 7.186592531906896, 51.294079521872135 ], [ 7.187595971738516, 51.294095061304901 ], [ 7.188599412465429, 51.294110592142808 ], [ 7.188624176393409, 51.29348146377923 ], [ 7.18962760431519, 51.293496985675212 ], [ 7.19063103313123, 51.293512498976519 ], [ 7.190655768765541, 51.292883369842507 ], [ 7.190680503506131, 51.292254240631941 ], [ 7.19070523735304, 51.291625111344835 ], [ 7.189701849633948, 51.291609599084012 ], [ 7.18869846280899, 51.29159407822906 ], [ 7.188673701565146, 51.292223206822349 ], [ 7.18767030193641, 51.292207677026092 ], [ 7.186666903202839, 51.292192138635563 ], [ 7.185663505364924, 51.292176591650765 ], [ 7.185688307703852, 51.291547464099651 ], [ 7.184684924460366, 51.291531908868372 ], [ 7.184660108423162, 51.292161036071718 ], [ 7.183656712378045, 51.292145471898444 ], [ 7.183631881745469, 51.292774598677212 ], [ 7.183607050215708, 51.293403725379356 ], [ 7.184610473658775, 51.293419290248586 ], [ 7.184585654931505, 51.294048417222108 ], [ 7.18558909297106, 51.294063973844544 ], [ 7.185564287047268, 51.294693101089273 ], [ 7.1865677396834, 51.294708649464475 ] ] ], [ [ [ 7.199137130598242, 51.230062759711103 ], [ 7.199161694281909, 51.229433620774778 ], [ 7.200163734508739, 51.229449038721015 ], [ 7.201165775621567, 51.229464448091932 ], [ 7.202167817619898, 51.22947984888755 ], [ 7.202143294886279, 51.230108988856941 ], [ 7.203145351419725, 51.230124381421192 ], [ 7.203169860503245, 51.229495241107841 ], [ 7.204171904271113, 51.22951062475277 ], [ 7.204196398820459, 51.228881484019198 ], [ 7.205198429822664, 51.228896858745195 ], [ 7.206200461708364, 51.228912224896 ], [ 7.207202494477068, 51.228927582471592 ], [ 7.207178040876926, 51.229556724235323 ], [ 7.208180088177961, 51.229572073578687 ], [ 7.208155647345576, 51.230201215609021 ], [ 7.209157709179024, 51.230216556719768 ], [ 7.209182136361058, 51.229587414346618 ], [ 7.210184185425726, 51.229602746539094 ], [ 7.211186235371472, 51.229618070156086 ], [ 7.211210634372088, 51.228988927021511 ], [ 7.211235032492161, 51.228359783810539 ], [ 7.212237056019014, 51.228375098167575 ], [ 7.212261439609581, 51.22774595453803 ], [ 7.2132634503674, 51.227761259977925 ], [ 7.213287819429445, 51.22713211592999 ], [ 7.214289817418147, 51.227147412453114 ], [ 7.214314171952656, 51.226518267987004 ], [ 7.214338525608263, 51.22588912344456 ], [ 7.21436287838501, 51.225259978825747 ], [ 7.213360921339138, 51.225244683328057 ], [ 7.212358965172578, 51.225229379256184 ], [ 7.211357009885819, 51.225214066610135 ], [ 7.210355055479353, 51.225198745389939 ], [ 7.209353101953673, 51.225183415595602 ], [ 7.209328680941752, 51.225812558503499 ], [ 7.208326714650439, 51.225797219792291 ], [ 7.207324749240936, 51.225781872506815 ], [ 7.206322784713738, 51.225766516647049 ], [ 7.205320821069332, 51.225751152213029 ], [ 7.204318858308213, 51.225735779204769 ], [ 7.203316896430871, 51.225720397622311 ], [ 7.202314935437799, 51.225705007465635 ], [ 7.201312975329489, 51.22568960873479 ], [ 7.201337505515511, 51.225060468574299 ], [ 7.200335559939027, 51.225045061613564 ], [ 7.199333615248245, 51.22502964607888 ], [ 7.19935817184118, 51.224400506530678 ], [ 7.198356241682589, 51.22438508276673 ], [ 7.197354312410645, 51.224369650429033 ], [ 7.197329728525757, 51.224998789287717 ], [ 7.197305143753693, 51.225627928069919 ], [ 7.197280558094408, 51.226257066775609 ], [ 7.197255971547861, 51.226886205404789 ], [ 7.197231384114011, 51.227515343957478 ], [ 7.197206795792813, 51.228144482433656 ], [ 7.197182206584225, 51.228773620833344 ], [ 7.196180182667696, 51.228758177506442 ], [ 7.196155578922323, 51.229387315484509 ], [ 7.19715761648821, 51.229402759156507 ], [ 7.19713302550472, 51.23003189740318 ], [ 7.19813507760797, 51.230047332844869 ], [ 7.199137130598242, 51.230062759711103 ] ], [ [ 7.205247388971525, 51.227638576361606 ], [ 7.206249393559231, 51.227653941825672 ], [ 7.207251399029858, 51.2276692987149 ], [ 7.207226947194698, 51.228298440631441 ], [ 7.206224928075279, 51.228283083399042 ], [ 7.20522290983882, 51.228267717591613 ], [ 7.205247388971525, 51.227638576361606 ] ] ], [ [ [ 7.188449398674147, 51.246894734178724 ], [ 7.189451812387412, 51.246910247581276 ], [ 7.189476522989693, 51.246281113821851 ], [ 7.188474122939271, 51.246265600766009 ], [ 7.188449398674147, 51.246894734178724 ] ] ], [ [ [ 7.189427100893027, 51.247539381264147 ], [ 7.190429529161768, 51.247554886432745 ], [ 7.190454226992776, 51.246925752403357 ], [ 7.189451812387412, 51.246910247581276 ], [ 7.189427100893027, 51.247539381264147 ] ] ], [ [ [ 7.198658495793621, 51.29363629597546 ], [ 7.198633868866847, 51.294265427800738 ], [ 7.199637319409343, 51.294280864094034 ], [ 7.199612705293561, 51.294909996187975 ], [ 7.20061617042631, 51.294925424231124 ], [ 7.201619636447964, 51.294940843678994 ], [ 7.201644223161921, 51.294311710895379 ], [ 7.201668808987508, 51.293682578035309 ], [ 7.201693393924764, 51.293053445098792 ], [ 7.201717977973733, 51.292424312085835 ], [ 7.201742561134459, 51.291795178996431 ], [ 7.201767143406982, 51.291166045830593 ], [ 7.201791724791344, 51.290536912588301 ], [ 7.201816305287591, 51.289907779269555 ], [ 7.200812948859559, 51.289892362579359 ], [ 7.20078835466584, 51.290521495553413 ], [ 7.199784985428947, 51.290506069924604 ], [ 7.19878161708116, 51.290490635701865 ], [ 7.198756994603022, 51.291119767909528 ], [ 7.197753613446995, 51.291104324747636 ], [ 7.19772897638088, 51.291733456533549 ], [ 7.197704338424586, 51.292362588242995 ], [ 7.196700930761618, 51.292347135796078 ], [ 7.19667627821582, 51.29297626708356 ], [ 7.196651624779265, 51.293605398294538 ], [ 7.19765505984129, 51.293620851432415 ], [ 7.198658495793621, 51.29363629597546 ] ] ], [ [ [ 7.219008316637822, 51.234773514563258 ], [ 7.21800615044122, 51.234758256823163 ], [ 7.217981839095596, 51.235387401662621 ], [ 7.217957526872453, 51.236016546425766 ], [ 7.21895972037896, 51.236031804847833 ], [ 7.219961914762534, 51.236047054692349 ], [ 7.220964110022683, 51.236062295959307 ], [ 7.221966306158918, 51.2360775286487 ], [ 7.221990563761015, 51.235448382522733 ], [ 7.222014820487563, 51.234819236320511 ], [ 7.222039076338604, 51.234190090041999 ], [ 7.221036921166865, 51.234174858373834 ], [ 7.220034766871085, 51.234159618128665 ], [ 7.219032613451755, 51.23414436930652 ], [ 7.219008316637822, 51.234773514563258 ] ] ], [ [ [ 7.237889548726496, 51.291715347654154 ], [ 7.237865459626566, 51.292344493101169 ], [ 7.238868889682816, 51.292359592823047 ], [ 7.239872320608982, 51.292374683949923 ], [ 7.239896382308849, 51.291745537827914 ], [ 7.239920443139338, 51.291116391629807 ], [ 7.239944503100489, 51.290487245355614 ], [ 7.238941113272996, 51.290472155240906 ], [ 7.237937724315294, 51.290457056531785 ], [ 7.237913636956058, 51.291086202131019 ], [ 7.237889548726496, 51.291715347654154 ] ] ], [ [ [ 7.253944314534304, 51.291955906416803 ], [ 7.252940885181869, 51.291940935956362 ], [ 7.251937456692387, 51.291925956900883 ], [ 7.251913559396363, 51.292555107056735 ], [ 7.25091011806978, 51.29254011907112 ], [ 7.249906677607181, 51.292525122490304 ], [ 7.249882752045626, 51.293154271899773 ], [ 7.248879298746544, 51.29313926638828 ], [ 7.248855358619018, 51.293768415386261 ], [ 7.247851892483537, 51.293753400943714 ], [ 7.24782793778905, 51.294382549529971 ], [ 7.247803982228976, 51.295011698040199 ], [ 7.24778002580327, 51.295640846474399 ], [ 7.247756068511893, 51.296269994832599 ], [ 7.247732110354802, 51.296899143114764 ], [ 7.24873564500476, 51.296914159235904 ], [ 7.248711699686294, 51.297543307777801 ], [ 7.248687753502528, 51.298172456243684 ], [ 7.248663806453421, 51.298801604633546 ], [ 7.248639858538929, 51.299430752947416 ], [ 7.248615909759011, 51.300059901185271 ], [ 7.247612306582215, 51.300044883385311 ], [ 7.247588343229981, 51.300674031211365 ], [ 7.247564379011746, 51.301303178961398 ], [ 7.247540413927468, 51.301932326635395 ], [ 7.248544058226305, 51.301947345442763 ], [ 7.249547703390731, 51.301962355652073 ], [ 7.250551349420252, 51.301977357263333 ], [ 7.250575273380884, 51.301348208582461 ], [ 7.250599196476955, 51.30071905982561 ], [ 7.25160281595564, 51.300734052168323 ], [ 7.25162672448022, 51.300104903000239 ], [ 7.252630331115912, 51.300119886410215 ], [ 7.252654225069988, 51.29949073683116 ], [ 7.252678118160619, 51.298861587176113 ], [ 7.253681698247166, 51.298876561318899 ], [ 7.253705576768819, 51.298247411253094 ], [ 7.254709144012662, 51.298262376464095 ], [ 7.25571271211888, 51.298277333078111 ], [ 7.255736562367382, 51.297648182267309 ], [ 7.255760411754043, 51.297019031380557 ], [ 7.256763953312233, 51.297033978729125 ], [ 7.257767495731724, 51.297048917481035 ], [ 7.257791316848119, 51.296419765850132 ], [ 7.258794846424126, 51.296434695671572 ], [ 7.258818652975953, 51.295805543630919 ], [ 7.258842458667551, 51.29517639151436 ], [ 7.258866263498954, 51.294547239321879 ], [ 7.258890067470205, 51.293918087053477 ], [ 7.257886592706436, 51.293903158567225 ], [ 7.257910409519402, 51.293274006556679 ], [ 7.257934225471805, 51.292644854470197 ], [ 7.256930778971709, 51.29262991805615 ], [ 7.256954607764383, 51.292000766227694 ], [ 7.255951175826056, 51.291985821552494 ], [ 7.254947744749199, 51.291970868282185 ], [ 7.253944314534304, 51.291955906416803 ] ] ], [ [ [ 7.256215514634472, 51.311504437598678 ], [ 7.256239369275483, 51.310875288048372 ], [ 7.256263223054289, 51.31024613842213 ], [ 7.255259393593351, 51.310231184053237 ], [ 7.255283260224593, 51.30960203468544 ], [ 7.255307125993217, 51.308972885241708 ], [ 7.25430332482357, 51.30895792294131 ], [ 7.253299524516994, 51.308942952040638 ], [ 7.253323416850144, 51.308313803190288 ], [ 7.252319631120626, 51.308298824024327 ], [ 7.252295725073988, 51.308927972539742 ], [ 7.252271818163286, 51.309557120979179 ], [ 7.252247910388481, 51.310186269342637 ], [ 7.252224001749529, 51.310815417630124 ], [ 7.253227842335975, 51.310830398135934 ], [ 7.253203946548308, 51.311459546682428 ], [ 7.254207801713956, 51.311474518922218 ], [ 7.255211657742842, 51.311489482560972 ], [ 7.256215514634472, 51.311504437598678 ] ] ] ] } }
]
}
