{
"type": "FeatureCollection",
"name": "2022_Essen_70m_gistar_urbanOnly_hotcold_dissolved_4326",
"crs": { "type": "name", "properties": { "name": "urn:ogc:def:crs:OGC:1.3:CRS84" } },
"features": [
{ "type": "Feature", "properties": { "spot": "coldspot" }, "geometry": { "type": "MultiPolygon", "coordinates": [ [ [ [ 6.929403880079192, 51.349015440124852 ], [ 6.929375517503677, 51.349644465937814 ], [ 6.929347153902449, 51.350273491671608 ], [ 6.929318789275461, 51.350902517326254 ], [ 6.930323316725038, 51.350920275014097 ], [ 6.931327845199927, 51.350938024093331 ], [ 6.931356182354316, 51.350308997644632 ], [ 6.931384518483935, 51.349679971116799 ], [ 6.930380017481198, 51.349662222831419 ], [ 6.93040836632143, 51.349033196621335 ], [ 6.929403880079192, 51.349015440124852 ] ] ], [ [ [ 6.941288580747234, 51.353002132155638 ], [ 6.941316783595428, 51.352373101985307 ], [ 6.942321350791252, 51.352390757158133 ], [ 6.942349538881636, 51.351761726513899 ], [ 6.941344985423664, 51.351744071735922 ], [ 6.941373186231994, 51.351115041407496 ], [ 6.940368647531237, 51.351097378415503 ], [ 6.940340432985602, 51.351726408348917 ], [ 6.939335881567943, 51.351708736352897 ], [ 6.938331331171184, 51.351691055747892 ], [ 6.938303088129684, 51.352320084811588 ], [ 6.93827484406674, 51.352949113796228 ], [ 6.938246598982302, 51.353578142701771 ], [ 6.939251190593667, 51.35359582449307 ], [ 6.939279421939407, 51.352966795192074 ], [ 6.94028400083307, 51.352984467978551 ], [ 6.941288580747234, 51.353002132155638 ] ] ], [ [ [ 6.931157800750711, 51.354712181123311 ], [ 6.93118614405474, 51.354083155149532 ], [ 6.930181546890794, 51.354065404085468 ], [ 6.930153189847467, 51.354694429662239 ], [ 6.931157800750711, 51.354712181123311 ] ] ], [ [ [ 6.943213211406456, 51.354924527086993 ], [ 6.94421783559746, 51.354942166619246 ], [ 6.944246000286165, 51.354313135501954 ], [ 6.943241389835094, 51.354295496364209 ], [ 6.943213211406456, 51.354924527086993 ] ] ], [ [ [ 6.933167025632036, 51.354747658216077 ], [ 6.93319534145732, 51.35411863144887 ], [ 6.932190742243747, 51.354100897604006 ], [ 6.932162412679066, 51.354729923974602 ], [ 6.933167025632036, 51.354747658216077 ] ] ], [ [ [ 6.91766998666684, 51.363916043024965 ], [ 6.917698524056465, 51.363287023416611 ], [ 6.917727060413844, 51.362658003728967 ], [ 6.917755595739026, 51.362028983961999 ], [ 6.916750833304732, 51.362011115780753 ], [ 6.916779381342379, 51.36138209633414 ], [ 6.91680792834743, 51.360753076808209 ], [ 6.915803194434414, 51.36073520081478 ], [ 6.914798461554439, 51.36071731620995 ], [ 6.9147698870613, 51.361346334936066 ], [ 6.914741311534573, 51.361975353582842 ], [ 6.914712734974211, 51.362604372150301 ], [ 6.914684157380161, 51.363233390638428 ], [ 6.914655578752377, 51.363862409047208 ], [ 6.914626999090807, 51.364491427376677 ], [ 6.915631814442339, 51.364509314381685 ], [ 6.916636630827207, 51.36452719277414 ], [ 6.916665182995728, 51.363898173644763 ], [ 6.91766998666684, 51.363916043024965 ] ] ], [ [ [ 6.930590719331806, 51.367292683976601 ], [ 6.931595606151292, 51.367310434766317 ], [ 6.931567255059432, 51.367939459474876 ], [ 6.932572156654327, 51.367957202047791 ], [ 6.932600493996372, 51.367328176942372 ], [ 6.93262883031332, 51.366699151757828 ], [ 6.933633705434127, 51.366716884923591 ], [ 6.933662026977155, 51.366087859263281 ], [ 6.933690347495681, 51.365458833523846 ], [ 6.932685499872123, 51.36544110115134 ], [ 6.931680653273514, 51.365423360165742 ], [ 6.931652305258284, 51.36605238511175 ], [ 6.930647445936843, 51.36603463511608 ], [ 6.930619083147344, 51.366663659585917 ], [ 6.930590719331806, 51.367292683976601 ] ] ], [ [ [ 6.947589538086134, 51.369480368798975 ], [ 6.948594483526459, 51.369497974335133 ], [ 6.949599429984082, 51.369515571256706 ], [ 6.950604377458509, 51.36953315956368 ], [ 6.951609325949241, 51.369550739256049 ], [ 6.951637404066988, 51.368921706805033 ], [ 6.951665481168973, 51.368292674275089 ], [ 6.951693557255246, 51.367663641666219 ], [ 6.950688650018228, 51.367646063153458 ], [ 6.949683743797369, 51.367628476026653 ], [ 6.948678838593167, 51.367610880285831 ], [ 6.948650721254816, 51.368239911714547 ], [ 6.947645803317172, 51.368222306965961 ], [ 6.947617671210526, 51.368851337921953 ], [ 6.946612740539535, 51.368833724165228 ], [ 6.946584593663604, 51.369462754648268 ], [ 6.947589538086134, 51.369480368798975 ] ] ], [ [ [ 6.933322100829694, 51.373636161964718 ], [ 6.933350433645473, 51.373007137174788 ], [ 6.934355447307347, 51.373024865692003 ], [ 6.934383765344199, 51.3723958404264 ], [ 6.935388766276683, 51.372413559931807 ], [ 6.935417069535602, 51.371784534190738 ], [ 6.935445371770572, 51.371155508370578 ], [ 6.935473672981643, 51.37052648247132 ], [ 6.934468713307984, 51.370508764154906 ], [ 6.934497027247152, 51.369879738572841 ], [ 6.933492082349742, 51.369862012038254 ], [ 6.933463754658675, 51.370491037223822 ], [ 6.932458797034209, 51.370473301678068 ], [ 6.931453840435084, 51.370455557517687 ], [ 6.931425484214526, 51.371084581830523 ], [ 6.931397126968082, 51.371713606064198 ], [ 6.931368768695703, 51.372342630218746 ], [ 6.931340409397339, 51.372971654294133 ], [ 6.932345421008637, 51.372989400042172 ], [ 6.932317074438525, 51.37361842443535 ], [ 6.933322100829694, 51.373636161964718 ] ] ], [ [ [ 6.927263541507279, 51.374158629882274 ], [ 6.928268576520139, 51.374176410887159 ], [ 6.929273612560621, 51.37419418327633 ], [ 6.929302001420518, 51.373565160153717 ], [ 6.92829697913467, 51.373547388162073 ], [ 6.927291957876395, 51.373529607554921 ], [ 6.926286937646187, 51.373511818332268 ], [ 6.926258507522535, 51.374140840261717 ], [ 6.927263541507279, 51.374158629882274 ] ] ], [ [ [ 6.922266867015977, 51.373440575287141 ], [ 6.922238381874669, 51.374069595623013 ], [ 6.92220989570276, 51.374698615879652 ], [ 6.923214939324904, 51.374716440361446 ], [ 6.9242199839772, 51.374734256227448 ], [ 6.924248442639386, 51.374105235173616 ], [ 6.925253474566405, 51.374123042025488 ], [ 6.925281918444545, 51.373494020494142 ], [ 6.924276900271964, 51.373476214040572 ], [ 6.923271883128943, 51.37345839897155 ], [ 6.922266867015977, 51.373440575287141 ] ] ], [ [ [ 6.944067394709458, 51.38075002149403 ], [ 6.94403920095586, 51.381379049687375 ], [ 6.943033998218837, 51.3813614021945 ], [ 6.943005789683699, 51.381990429914069 ], [ 6.942977580127808, 51.382619457554604 ], [ 6.941972350888433, 51.382601800653674 ], [ 6.941944126549464, 51.383230827820213 ], [ 6.941915901189143, 51.383859854907719 ], [ 6.94091064544612, 51.383842188597917 ], [ 6.940882405301183, 51.384471215211185 ], [ 6.940854164134302, 51.38510024174542 ], [ 6.941859447404261, 51.385117908845636 ], [ 6.941831218979601, 51.385746935696041 ], [ 6.94283651703532, 51.385764594572002 ], [ 6.942808301353875, 51.386393621738428 ], [ 6.941802989533397, 51.386375962467405 ], [ 6.941774759065599, 51.387004989159756 ], [ 6.942780084651335, 51.38702264882582 ], [ 6.942751866927648, 51.387651675834185 ], [ 6.942723648182771, 51.388280702763524 ], [ 6.943729002321755, 51.388298354599456 ], [ 6.943700796322431, 51.388927381844667 ], [ 6.944706165249007, 51.38894502545503 ], [ 6.944677971996231, 51.389574053015942 ], [ 6.945683355710495, 51.389591688400344 ], [ 6.945655175205266, 51.390220716276765 ], [ 6.946660573707316, 51.39023834343481 ], [ 6.947665973228764, 51.390255961971945 ], [ 6.948671373769113, 51.390273571888137 ], [ 6.94967677532787, 51.390291173183385 ], [ 6.949648648876776, 51.390920202557055 ], [ 6.950654065222068, 51.3909377956249 ], [ 6.950682177904531, 51.390308765857661 ], [ 6.951687581498603, 51.390326349910957 ], [ 6.952692986109588, 51.390343925343238 ], [ 6.953698391736988, 51.390361492154469 ], [ 6.954703798380305, 51.390379050344677 ], [ 6.955709206039043, 51.390396599913785 ], [ 6.955681162200459, 51.391025631646002 ], [ 6.954675740772848, 51.391008081684284 ], [ 6.954647682149922, 51.391637112944977 ], [ 6.953642247968459, 51.391619553969171 ], [ 6.95263681480301, 51.391601986371931 ], [ 6.952608727624978, 51.392231016767887 ], [ 6.952580639430384, 51.392860047084937 ], [ 6.951575179741507, 51.392842470079842 ], [ 6.950569721069736, 51.392824884452978 ], [ 6.95059783680472, 51.392195854922548 ], [ 6.949592392920676, 51.392178261067514 ], [ 6.949620521407729, 51.391549231851755 ], [ 6.948615092311313, 51.391531629768963 ], [ 6.947609664233402, 51.391514019064829 ], [ 6.946604237174487, 51.391496399739395 ], [ 6.946576067378852, 51.392125427773216 ], [ 6.946547896563672, 51.392754455728053 ], [ 6.947553351162042, 51.392772075841847 ], [ 6.947525193097741, 51.393401104111895 ], [ 6.948530662485729, 51.393418715998003 ], [ 6.948502517173303, 51.394047744583098 ], [ 6.947497034014297, 51.39403013230298 ], [ 6.947468873911657, 51.394659160415095 ], [ 6.947440712789776, 51.395288188448234 ], [ 6.946435203106529, 51.395270566757588 ], [ 6.945429694443069, 51.3952529364445 ], [ 6.945401504757018, 51.395881963609995 ], [ 6.945373314050634, 51.396510990696491 ], [ 6.94637885025942, 51.39652862179846 ], [ 6.947384387488093, 51.396546244277587 ], [ 6.947356223308193, 51.397175272073802 ], [ 6.948361775329761, 51.397192886324142 ], [ 6.949367328370268, 51.397210491951427 ], [ 6.949395465003104, 51.396581463367262 ], [ 6.949423600617548, 51.395952434704149 ], [ 6.949451735213647, 51.395323405962095 ], [ 6.950457247953277, 51.395341001785255 ], [ 6.951462761710703, 51.395358588985907 ], [ 6.951434654659872, 51.395987618515086 ], [ 6.95140654659169, 51.396616647965345 ], [ 6.951378437506111, 51.397245677336677 ], [ 6.95238399360045, 51.397263257094622 ], [ 6.952355897271624, 51.397892286780333 ], [ 6.95336146815716, 51.397909858308253 ], [ 6.954367040059197, 51.397927421212792 ], [ 6.955372612977236, 51.397944975493957 ], [ 6.955400667983175, 51.397315944629476 ], [ 6.956406228142326, 51.397333489894706 ], [ 6.957411789316436, 51.397351026536683 ], [ 6.957383761859331, 51.397980058186043 ], [ 6.957355733387718, 51.39860908975654 ], [ 6.957327703901549, 51.39923812124816 ], [ 6.957299673400771, 51.399867152660917 ], [ 6.95727164188534, 51.400496183994804 ], [ 6.958277272951337, 51.400513713974412 ], [ 6.959282905031541, 51.40053123532978 ], [ 6.96028853812545, 51.400548748060885 ], [ 6.961294172232572, 51.400566252167728 ], [ 6.962299807352404, 51.400583747650266 ], [ 6.962271843707646, 51.401212780864391 ], [ 6.963277493616914, 51.401230268113856 ], [ 6.963305443484453, 51.400601234508493 ], [ 6.963333392340274, 51.399972200824322 ], [ 6.963361340184426, 51.39934316706136 ], [ 6.963389287016958, 51.398714133219585 ], [ 6.963417232837919, 51.398085099299017 ], [ 6.964422814877586, 51.398102575968821 ], [ 6.964450745912242, 51.397473541578428 ], [ 6.964478675935922, 51.396844507109279 ], [ 6.965484231437455, 51.396861974373891 ], [ 6.965456315188107, 51.397491009233839 ], [ 6.96542839792828, 51.398120044015023 ], [ 6.9664339819895, 51.398137503437624 ], [ 6.966406077494518, 51.398766538530651 ], [ 6.967411676341192, 51.398783989720044 ], [ 6.967383784612052, 51.39941302512473 ], [ 6.967355891873281, 51.400042060450644 ], [ 6.967327998124833, 51.400671095697803 ], [ 6.967300103366661, 51.401300130866218 ], [ 6.967272207598712, 51.401929165955863 ], [ 6.966266539867459, 51.401911712814162 ], [ 6.96623862931128, 51.40254074743455 ], [ 6.965232948811988, 51.402523285277375 ], [ 6.964227269323559, 51.402505814495257 ], [ 6.963221590846495, 51.402488335088186 ], [ 6.962215913381293, 51.402470847056208 ], [ 6.962243879050624, 51.401841813999717 ], [ 6.96123821637595, 51.401824317734288 ], [ 6.960232554714084, 51.401806812844193 ], [ 6.960204561488465, 51.402435845117587 ], [ 6.96017656724949, 51.40306487731214 ], [ 6.960148571997113, 51.403693909427879 ], [ 6.960120575731282, 51.404322941464763 ], [ 6.961126292508613, 51.40434044792152 ], [ 6.962132010298945, 51.404357945752821 ], [ 6.962104040579884, 51.404986978494065 ], [ 6.962076069848271, 51.405616011156503 ], [ 6.96308181621202, 51.405633501144955 ], [ 6.963109773162929, 51.405004468091199 ], [ 6.963137729101782, 51.404375434958659 ], [ 6.964143448916626, 51.404392915538992 ], [ 6.965149169742978, 51.404410387493812 ], [ 6.965121241364685, 51.405039421408397 ], [ 6.965093311975332, 51.405668455244211 ], [ 6.965065381574871, 51.406297489001226 ], [ 6.965037450163256, 51.406926522679463 ], [ 6.965009517740437, 51.407555556278922 ], [ 6.964003728007583, 51.407538082369385 ], [ 6.962997939286482, 51.407520599833376 ], [ 6.961992151577629, 51.407503108670909 ], [ 6.960986364881522, 51.407485608882013 ], [ 6.95998057919866, 51.407468100466687 ], [ 6.958974794529539, 51.407450583424989 ], [ 6.95894677839943, 51.408079614596922 ], [ 6.958918761255032, 51.40870864569002 ], [ 6.958890743096296, 51.409337676704261 ], [ 6.958862723923175, 51.409966707639668 ], [ 6.95986856372549, 51.409984226249193 ], [ 6.960874404541744, 51.41000173623155 ], [ 6.961880246371433, 51.410019237586717 ], [ 6.962886089214063, 51.410036730314687 ], [ 6.963891933069135, 51.410054214415432 ], [ 6.963863981804785, 51.410683247229947 ], [ 6.964869840456585, 51.410700723094465 ], [ 6.964841901965529, 51.411329756221214 ], [ 6.964813962462927, 51.411958789269185 ], [ 6.96380807624006, 51.411941312622616 ], [ 6.963780121939588, 51.412570345200763 ], [ 6.96375216662698, 51.41319937770011 ], [ 6.963724210302187, 51.413828410120658 ], [ 6.963696252965161, 51.414457442462414 ], [ 6.963668294615852, 51.415086474725378 ], [ 6.96266234046893, 51.415068987494671 ], [ 6.961656387334835, 51.41505149163519 ], [ 6.960650435214069, 51.415033987146963 ], [ 6.959644484107126, 51.415016474030004 ], [ 6.958638534014508, 51.414998952284336 ], [ 6.957632584936712, 51.414981421909985 ], [ 6.956626636874235, 51.41496388290696 ], [ 6.956654691740103, 51.414334853387039 ], [ 6.956682745590201, 51.413705823788234 ], [ 6.957688666077307, 51.413723362006394 ], [ 6.958694587579636, 51.413740891596255 ], [ 6.959700510096689, 51.413758412557819 ], [ 6.96070643362797, 51.41377592489107 ], [ 6.961712358172979, 51.413793428595973 ], [ 6.96174034207218, 51.413164396958138 ], [ 6.961768324958202, 51.412535365241482 ], [ 6.961796306831087, 51.411906333446012 ], [ 6.960790423645981, 51.41188883091602 ], [ 6.959784541474455, 51.411871319758276 ], [ 6.959812549905484, 51.41124228866741 ], [ 6.958806682533582, 51.411224769273922 ], [ 6.95780081617621, 51.411207241252889 ], [ 6.957828851163241, 51.410578210867364 ], [ 6.957856885135293, 51.40994918040299 ], [ 6.957884918092411, 51.409320149859759 ], [ 6.95687909410341, 51.409302614388302 ], [ 6.956907139829097, 51.408673584158556 ], [ 6.95693518453945, 51.408044553849933 ], [ 6.956963228234518, 51.407415523462447 ], [ 6.95699127091435, 51.406786492996083 ], [ 6.957019312578995, 51.406157462450857 ], [ 6.9570473532285, 51.405528431826767 ], [ 6.957075392862914, 51.404899401123807 ], [ 6.956069666362655, 51.404881859772992 ], [ 6.955063940877936, 51.404864309796622 ], [ 6.954058216409257, 51.404846751194732 ], [ 6.954030135433744, 51.405475780719698 ], [ 6.953024398201331, 51.405458213099259 ], [ 6.952018661986, 51.405440636853136 ], [ 6.951990552432417, 51.406069665512881 ], [ 6.951962441861204, 51.406698694093706 ], [ 6.950956679101616, 51.406681108435031 ], [ 6.949950917360203, 51.406663514150338 ], [ 6.94992277820803, 51.407292541865118 ], [ 6.95092855373106, 51.407310136543472 ], [ 6.95090042734228, 51.40793916457298 ], [ 6.951906217665698, 51.407956751018602 ], [ 6.951878104041307, 51.408585779362674 ], [ 6.951849989399092, 51.409214807627812 ], [ 6.952855808306205, 51.409232386233612 ], [ 6.95386162823069, 51.409249956212584 ], [ 6.953833540138065, 51.409878985185259 ], [ 6.952827706429824, 51.40986141481315 ], [ 6.951821873739005, 51.409843835814023 ], [ 6.950816042066108, 51.409826248187912 ], [ 6.950787911603945, 51.410455275901676 ], [ 6.949782067165359, 51.410437679254862 ], [ 6.948776223745738, 51.410420073980873 ], [ 6.948804381776068, 51.409791047054725 ], [ 6.948832538786981, 51.409162020049621 ], [ 6.947826723954345, 51.40914440693669 ], [ 6.947854893728908, 51.408515380246712 ], [ 6.946849093699101, 51.408497758901333 ], [ 6.945843294689609, 51.40848012892944 ], [ 6.945815097349165, 51.409109154830681 ], [ 6.944809285577616, 51.409091515837638 ], [ 6.944781073432946, 51.409720541265223 ], [ 6.945786898987861, 51.409738180652951 ], [ 6.946792725563684, 51.409755811413788 ], [ 6.946764539965384, 51.410384837551547 ], [ 6.946736353346624, 51.411013863610329 ], [ 6.946708165707357, 51.411642889590127 ], [ 6.946679977047531, 51.412271915490969 ], [ 6.946651787367099, 51.412900941312827 ], [ 6.946623596666013, 51.413529967055688 ], [ 6.946595404944224, 51.414158992719592 ], [ 6.947601329038649, 51.414176617613798 ], [ 6.948607254153327, 51.414194233879734 ], [ 6.94857908898573, 51.4148232602532 ], [ 6.947573150083556, 51.414805643593084 ], [ 6.947544970108161, 51.415434669493401 ], [ 6.947516789112414, 51.416063695314769 ], [ 6.947488607096266, 51.41669272105716 ], [ 6.948494587363923, 51.416710338899861 ], [ 6.949500568651529, 51.416727948113504 ], [ 6.949472413193964, 51.417356974565166 ], [ 6.949444256716896, 51.417986000937873 ], [ 6.950450266603627, 51.418003602310108 ], [ 6.950422122897596, 51.418632628997742 ], [ 6.949416099220278, 51.418615027231652 ], [ 6.949387940704065, 51.419244053446469 ], [ 6.949359781168202, 51.419873079582345 ], [ 6.949331620612645, 51.420502105639272 ], [ 6.950337685664704, 51.420519708586994 ], [ 6.951343751736009, 51.420537302904442 ], [ 6.952349818826062, 51.420554888591617 ], [ 6.952377938005236, 51.419925861353612 ], [ 6.953383992321312, 51.419943438017178 ], [ 6.953355886934364, 51.420572465648505 ], [ 6.954361956060417, 51.420590034075055 ], [ 6.955368026203722, 51.42060759387126 ], [ 6.95637409736378, 51.420625145037114 ], [ 6.957380169540092, 51.420642687572581 ], [ 6.957408219757651, 51.42001365836996 ], [ 6.958414279157252, 51.420031191882686 ], [ 6.959420339572063, 51.420048716765173 ], [ 6.959448361189925, 51.419419686699207 ], [ 6.959476381793126, 51.418790656554407 ], [ 6.960482415639013, 51.418808172022771 ], [ 6.960510421436529, 51.418179141407201 ], [ 6.961516442505411, 51.418196647853939 ], [ 6.961544433498241, 51.417567616767826 ], [ 6.961572423477549, 51.416938585602892 ], [ 6.961600412443385, 51.416309554359152 ], [ 6.962606393155328, 51.416327051001616 ], [ 6.962634367318567, 51.415698019287539 ], [ 6.963640335254213, 51.415715506909535 ], [ 6.964646304202239, 51.415732985902558 ], [ 6.965652274162143, 51.415750456266579 ], [ 6.965680205946191, 51.415121423300398 ], [ 6.965708136718904, 51.414492390255454 ], [ 6.965736066480332, 51.413863357131731 ], [ 6.966741996086507, 51.413880817694626 ], [ 6.966769911049325, 51.413251784101433 ], [ 6.966797825001452, 51.412622750429485 ], [ 6.966825737942937, 51.411993716678772 ], [ 6.967831627199081, 51.41201116744174 ], [ 6.968837517465321, 51.412028609576815 ], [ 6.969843408741159, 51.412046043083954 ], [ 6.970849301026097, 51.412063467963151 ], [ 6.971855194319636, 51.412080884214376 ], [ 6.972861088621277, 51.412098291837601 ], [ 6.972888917835881, 51.41146925566828 ], [ 6.973894799358911, 51.411486654274206 ], [ 6.973922613780241, 51.410857617636879 ], [ 6.974928482524564, 51.410875007225869 ], [ 6.975934352275399, 51.4108923881872 ], [ 6.975962138119133, 51.410263350693199 ], [ 6.976967995090619, 51.410280722638142 ], [ 6.976995766143522, 51.409651684676781 ], [ 6.97800161033556, 51.409669047605711 ], [ 6.978029366598627, 51.409040009177211 ], [ 6.97805712185682, 51.408410970670062 ], [ 6.979062939485352, 51.408428324195064 ], [ 6.979090679955251, 51.407799285221003 ], [ 6.980096484804593, 51.407816629730974 ], [ 6.98006875811821, 51.408445669093112 ], [ 6.981074577754899, 51.408463005364162 ], [ 6.981046863848746, 51.409092045035585 ], [ 6.981019148939215, 51.409721084628401 ], [ 6.980991433026256, 51.41035012414261 ], [ 6.980963716109822, 51.410979163578197 ], [ 6.979957841333898, 51.410961825755486 ], [ 6.979930109627887, 51.411590864724516 ], [ 6.978924222069978, 51.411573517885898 ], [ 6.978896475573392, 51.412202556388152 ], [ 6.978868728072191, 51.412831594811799 ], [ 6.978840979566326, 51.413460633156788 ], [ 6.978813230055749, 51.414089671423149 ], [ 6.978785479540415, 51.41471870961086 ], [ 6.979791436035828, 51.414736058390311 ], [ 6.979819172762666, 51.414107019814402 ], [ 6.980825116473843, 51.414124359576924 ], [ 6.980852838408373, 51.413495320534409 ], [ 6.981858769335219, 51.413512651280413 ], [ 6.982864701265281, 51.413529973397821 ], [ 6.982892394620854, 51.412900933501319 ], [ 6.981886476478436, 51.412883611771498 ], [ 6.981914182618486, 51.412254572183961 ], [ 6.982920086973756, 51.412271893526231 ], [ 6.982947778324037, 51.411642853472536 ], [ 6.983953669895233, 51.411660165799198 ], [ 6.983981346456741, 51.41103112527955 ], [ 6.984987225243768, 51.411048428591009 ], [ 6.984959562468508, 51.411677469497825 ], [ 6.98596545604336, 51.411694764568402 ], [ 6.985993105032327, 51.411065723274604 ], [ 6.986998985821917, 51.411083009330312 ], [ 6.98702662002401, 51.410453967571186 ], [ 6.988032488028244, 51.410471244612403 ], [ 6.988060107444457, 51.409842202388148 ], [ 6.989065962663238, 51.409859470415249 ], [ 6.989093567294568, 51.409230427726094 ], [ 6.990099409727802, 51.409247686739469 ], [ 6.990126999575246, 51.408618643585598 ], [ 6.991132829222837, 51.408635893585618 ], [ 6.99116040428739, 51.408006849967286 ], [ 6.992166221149242, 51.408024090954314 ], [ 6.993172039008898, 51.408041323314308 ], [ 6.994177857865861, 51.408058547047247 ], [ 6.994150324153718, 51.408687591822314 ], [ 6.995156157791722, 51.408704807313356 ], [ 6.996161992426083, 51.408722014177108 ], [ 6.996134485286593, 51.409351059643924 ], [ 6.996106977151196, 51.409980105032261 ], [ 6.997112840351566, 51.409997304038356 ], [ 6.998118704547393, 51.410014494416707 ], [ 6.998146185112097, 51.409385448258902 ], [ 6.998173664681889, 51.408756402022647 ], [ 6.998201143256817, 51.408127355707975 ], [ 6.99822862083693, 51.407498309314846 ], [ 6.997222811779598, 51.407481120474976 ], [ 6.996217003717533, 51.407463923008137 ], [ 6.996244507869586, 51.406834877305954 ], [ 6.995238714586569, 51.406817671597182 ], [ 6.99526623152569, 51.406188626201519 ], [ 6.994260453021626, 51.40617141225119 ], [ 6.994232922299768, 51.406800457261667 ], [ 6.99322713100968, 51.406783234299482 ], [ 6.992221340716802, 51.406766002710619 ], [ 6.992248899003996, 51.406136958471016 ], [ 6.991243123491422, 51.406119718641243 ], [ 6.99023734897701, 51.406102470185004 ], [ 6.989231575461257, 51.406085213102344 ], [ 6.989203975826422, 51.406714256184152 ], [ 6.988198189527371, 51.406696990088783 ], [ 6.988170575110383, 51.407326032705718 ], [ 6.988142959693645, 51.407955075244139 ], [ 6.988115343277109, 51.408584117704017 ], [ 6.98710951662756, 51.408566841822477 ], [ 6.986103690978353, 51.408549557313805 ], [ 6.985097866329988, 51.408532264178021 ], [ 6.985125524098075, 51.407903222878346 ], [ 6.984119714234803, 51.407885921502597 ], [ 6.983113905373321, 51.407868611499957 ], [ 6.982108097514128, 51.407851292870461 ], [ 6.982135795630551, 51.407222252654115 ], [ 6.982163492744236, 51.406593212359176 ], [ 6.982191188855231, 51.405964171985644 ], [ 6.982218883963585, 51.405335131533491 ], [ 6.983224636693122, 51.40535244861308 ], [ 6.984230390424756, 51.405369757066573 ], [ 6.984258056968129, 51.404740715761129 ], [ 6.985263797920095, 51.404758015201445 ], [ 6.985291449681151, 51.404128973430346 ], [ 6.985319100441202, 51.403499931580697 ], [ 6.984313387050272, 51.403482632914468 ], [ 6.984341050589137, 51.40285359137328 ], [ 6.984368713126596, 51.402224549753505 ], [ 6.984396374662696, 51.401595508055152 ], [ 6.984424035197484, 51.400966466278227 ], [ 6.983418377923915, 51.400949160535305 ], [ 6.982412721652105, 51.400931846167659 ], [ 6.982440408741047, 51.400302805086724 ], [ 6.981434767249135, 51.40028548248192 ], [ 6.98042912675993, 51.400268151252618 ], [ 6.979423487273932, 51.400250811398834 ], [ 6.979395758852227, 51.400879851316482 ], [ 6.979368029426768, 51.401508891155508 ], [ 6.978362363388992, 51.401491541900953 ], [ 6.977356698355514, 51.401474184021545 ], [ 6.976351034326833, 51.401456817517342 ], [ 6.976323262562254, 51.402085856112663 ], [ 6.976295489792331, 51.402714894629298 ], [ 6.976267716017021, 51.403343933067276 ], [ 6.975262011657107, 51.403326556772001 ], [ 6.974256308303128, 51.403309171851369 ], [ 6.974228505962751, 51.403938209432944 ], [ 6.974200702615892, 51.404567246935819 ], [ 6.973194972708367, 51.404549852611524 ], [ 6.973167154574242, 51.405178889646528 ], [ 6.974172898262504, 51.405196284360024 ], [ 6.974145092902538, 51.405825321705528 ], [ 6.975150851378664, 51.405842708182107 ], [ 6.975123058793852, 51.406471745837941 ], [ 6.976128832057935, 51.406489124077218 ], [ 6.976101052249277, 51.407118162043211 ], [ 6.976073271434891, 51.40774719993054 ], [ 6.976045489614733, 51.408376237739198 ], [ 6.977051305233114, 51.408393608518104 ], [ 6.977023536191004, 51.409022646636771 ], [ 6.976017706788753, 51.409005275469198 ], [ 6.975989922956902, 51.409634313120527 ], [ 6.974984080776201, 51.409616932936991 ], [ 6.973978239601917, 51.409599544126159 ], [ 6.972972399434545, 51.409582146688074 ], [ 6.971966560274588, 51.409564740622763 ], [ 6.971994399243428, 51.408935704528083 ], [ 6.972022237204408, 51.408306668354697 ], [ 6.971016426620118, 51.408289254441442 ], [ 6.97001061704414, 51.408271831901374 ], [ 6.969004808476972, 51.408254400734521 ], [ 6.967999000919113, 51.40823696094089 ], [ 6.966993194371059, 51.408219512520517 ], [ 6.967021100239398, 51.407590478218481 ], [ 6.967049005097482, 51.406961443837666 ], [ 6.967076908945358, 51.406332409378109 ], [ 6.968082674146088, 51.406349856627337 ], [ 6.969088440356481, 51.406367295250384 ], [ 6.970094207576039, 51.406384725247236 ], [ 6.971099975804262, 51.406402146617886 ], [ 6.971127823515911, 51.40577311051927 ], [ 6.971155670219439, 51.405144074341912 ], [ 6.971183515914896, 51.404515038085862 ], [ 6.972189243807868, 51.404532449661538 ], [ 6.972217074715158, 51.40390341293719 ], [ 6.97224490461497, 51.403274376134149 ], [ 6.971239204281787, 51.403256965337597 ], [ 6.97023350495653, 51.403239545915774 ], [ 6.969227806639698, 51.403222117868701 ], [ 6.968222109331791, 51.403204681196385 ], [ 6.967216413033303, 51.403187235898876 ], [ 6.967244310820942, 51.402558200966752 ], [ 6.968249993340476, 51.402575645873945 ], [ 6.969255676869381, 51.402593082156145 ], [ 6.969283546090187, 51.401964046364846 ], [ 6.969311414302169, 51.401335010494819 ], [ 6.96933928150537, 51.400705974546042 ], [ 6.969367147699842, 51.400076938518545 ], [ 6.969395012885632, 51.399447902412298 ], [ 6.969422877062788, 51.398818866227323 ], [ 6.970428478936712, 51.398836291545145 ], [ 6.971434081818725, 51.398853708239059 ], [ 6.971461917436113, 51.398224671195841 ], [ 6.972467507550054, 51.398242078876372 ], [ 6.972495328384733, 51.397613041364977 ], [ 6.973500905730504, 51.397630440032501 ], [ 6.974506484082775, 51.397647830076458 ], [ 6.974534276360976, 51.397018791708049 ], [ 6.974562067633227, 51.396389753260955 ], [ 6.975567619442371, 51.396407133903594 ], [ 6.976573172256924, 51.396424505922994 ], [ 6.977578726076386, 51.396441869319155 ], [ 6.978584280900261, 51.396459224092041 ], [ 6.97861201607105, 51.395830184012027 ], [ 6.978639750237972, 51.395201143853399 ], [ 6.978667483401075, 51.394572103616113 ], [ 6.978695215560408, 51.393943063300185 ], [ 6.978722946716017, 51.393314022905621 ], [ 6.977717460756971, 51.393296670073966 ], [ 6.976711975802097, 51.393279308620009 ], [ 6.975706491851892, 51.393261938543759 ], [ 6.975678719380515, 51.393890977773076 ], [ 6.974673222663653, 51.393873598685737 ], [ 6.974645435414735, 51.394502637447573 ], [ 6.973639925931311, 51.394485249348804 ], [ 6.972634417454143, 51.394467852627436 ], [ 6.971628909983733, 51.394450447283454 ], [ 6.971601080410878, 51.39507948479897 ], [ 6.971573249830721, 51.395708522235779 ], [ 6.971545418243214, 51.39633755959386 ], [ 6.970539870460676, 51.396320144458507 ], [ 6.969534323686032, 51.396302720700021 ], [ 6.969562182820741, 51.395673684121348 ], [ 6.969590040947105, 51.395044647463948 ], [ 6.96961789806517, 51.394415610727812 ], [ 6.969645754174987, 51.393786573912934 ], [ 6.969673609276604, 51.39315753701932 ], [ 6.970679087188339, 51.393174958828887 ], [ 6.971684566107729, 51.393192372016266 ], [ 6.972690046034278, 51.393209776581479 ], [ 6.97271785881433, 51.392580738440437 ], [ 6.973723325976306, 51.392598133994255 ], [ 6.97375112397901, 51.391969095385363 ], [ 6.973778920975649, 51.391340056697764 ], [ 6.972773481354647, 51.391322661922281 ], [ 6.972801291115007, 51.390693623545125 ], [ 6.9728290998689, 51.390064585089284 ], [ 6.972856907616373, 51.389435546554729 ], [ 6.973862305929645, 51.389452940162826 ], [ 6.973834511950917, 51.390081979086503 ], [ 6.974839925038857, 51.390099364462458 ], [ 6.97486770524879, 51.389470325149851 ], [ 6.974895484453344, 51.388841285758573 ], [ 6.974923262652571, 51.38821224628861 ], [ 6.974951039846516, 51.387583206739968 ], [ 6.974978816035227, 51.386954167112634 ], [ 6.975006591218754, 51.386325127406629 ], [ 6.976011922706527, 51.386342501829027 ], [ 6.977017255198939, 51.386359867631271 ], [ 6.976989507548171, 51.386988908114468 ], [ 6.977994854811179, 51.387006265684839 ], [ 6.97796711992317, 51.387635306477669 ], [ 6.978972481956866, 51.387652655815792 ], [ 6.97900020307788, 51.387023614634835 ], [ 6.980005552347776, 51.387040954964426 ], [ 6.980033258699046, 51.386411913316913 ], [ 6.980060964047665, 51.385782871590777 ], [ 6.980088668393678, 51.38515382978602 ], [ 6.981093977367983, 51.385171160332057 ], [ 6.981121666946339, 51.384542118060978 ], [ 6.98011637173714, 51.384524787902642 ], [ 6.980144074078092, 51.38389574594062 ], [ 6.979138793635959, 51.383878407550498 ], [ 6.979166508738513, 51.383249365897719 ], [ 6.978161243063349, 51.383232019276207 ], [ 6.97818897092651, 51.382602977932834 ], [ 6.977183720018221, 51.382585623080331 ], [ 6.977211460640995, 51.381956582046548 ], [ 6.976206224499484, 51.381939218963453 ], [ 6.976233977880876, 51.38131017823941 ], [ 6.975228756506048, 51.381292806926119 ], [ 6.975256522645066, 51.380663766511994 ], [ 6.974251316036826, 51.380646386968891 ], [ 6.974279094932474, 51.380017346864854 ], [ 6.975284287779377, 51.380034726019183 ], [ 6.97531205190903, 51.379405685447708 ], [ 6.976317231999706, 51.379423055595261 ], [ 6.976344981364358, 51.378794014556554 ], [ 6.977350148698708, 51.378811375697715 ], [ 6.977377883299354, 51.378182334191976 ], [ 6.976372729724947, 51.378164973439169 ], [ 6.976400477081518, 51.377535932243113 ], [ 6.975395338270522, 51.377518563261205 ], [ 6.974390200463993, 51.377501185661856 ], [ 6.973385063662428, 51.377483799445088 ], [ 6.972379927866322, 51.377466404610942 ], [ 6.971374793076173, 51.377449001159412 ], [ 6.970369659292476, 51.377431589090527 ], [ 6.970341829380247, 51.378060627952465 ], [ 6.969336682844394, 51.378043206876562 ], [ 6.968331537316035, 51.378025777183133 ], [ 6.967326392795669, 51.378008338872249 ], [ 6.96735426398508, 51.37737930117995 ], [ 6.966349134232169, 51.377361854641855 ], [ 6.965344005488194, 51.377344399486503 ], [ 6.964338877753655, 51.377326935713917 ], [ 6.964366789209882, 51.376697899114234 ], [ 6.963361676243597, 51.376680427115268 ], [ 6.963333751029048, 51.377309463324131 ], [ 6.96330582480407, 51.377938499454196 ], [ 6.963277897568615, 51.378567535505439 ], [ 6.964283051811358, 51.378585008676936 ], [ 6.96528820706413, 51.378602473230835 ], [ 6.965260306337824, 51.37923150998482 ], [ 6.966265476360037, 51.379248966311593 ], [ 6.966237588384558, 51.379878003377293 ], [ 6.967242773176309, 51.379895451476521 ], [ 6.968247958976693, 51.379912890957712 ], [ 6.968275819431214, 51.379283853111609 ], [ 6.969280992479183, 51.37930128358483 ], [ 6.970286166534744, 51.379318705440156 ], [ 6.9712913415974, 51.379336118677571 ], [ 6.972296517666653, 51.379353523297048 ], [ 6.973301694742007, 51.37937091929858 ], [ 6.973273903090723, 51.379999959092345 ], [ 6.973246110433788, 51.38062899880741 ], [ 6.973218316771153, 51.381258038443775 ], [ 6.974223536135975, 51.381275426994229 ], [ 6.974195755229874, 51.381904466940881 ], [ 6.975200989362278, 51.381921847261552 ], [ 6.975173221213707, 51.382550887518313 ], [ 6.974167973318475, 51.382533506808834 ], [ 6.974140190401728, 51.383162546598101 ], [ 6.973134929748568, 51.383145156880666 ], [ 6.973107132062654, 51.383774196202232 ], [ 6.973079333370799, 51.384403235445099 ], [ 6.974084621552004, 51.384420625940578 ], [ 6.974056835618931, 51.385049665493781 ], [ 6.974029048680318, 51.385678704968285 ], [ 6.974001260736119, 51.386307744364103 ], [ 6.973973471786286, 51.386936783681236 ], [ 6.973945681830767, 51.387565822919683 ], [ 6.973917890869521, 51.388194862079423 ], [ 6.973890098902496, 51.388823901160478 ], [ 6.972884714357473, 51.388806507941489 ], [ 6.97291252009225, 51.388177469249541 ], [ 6.971907150321255, 51.388160067798992 ], [ 6.971879330818775, 51.388789106101648 ], [ 6.971851510309474, 51.389418144325596 ], [ 6.970846114009444, 51.389400733475412 ], [ 6.970818278724622, 51.390029771231141 ], [ 6.970790442432388, 51.390658808908135 ], [ 6.97076260513269, 51.391287846506415 ], [ 6.969757168532729, 51.39127042586609 ], [ 6.969729316455425, 51.391899462995902 ], [ 6.968723867093428, 51.391882033344082 ], [ 6.967718418739983, 51.391864595070516 ], [ 6.96671297139559, 51.391847148175231 ], [ 6.966685076998745, 51.39247618405593 ], [ 6.966657181592303, 51.393105219857858 ], [ 6.966629285176217, 51.393734255581016 ], [ 6.966601387750437, 51.39436329122541 ], [ 6.965595886331011, 51.394345834146307 ], [ 6.9655679741231, 51.394974869321381 ], [ 6.965540060904905, 51.395603904417662 ], [ 6.964534532950539, 51.395586437934597 ], [ 6.964506604948671, 51.396215472561337 ], [ 6.963501064231851, 51.39619799706449 ], [ 6.963529006007008, 51.395568962828719 ], [ 6.962523480074806, 51.395551479100043 ], [ 6.962551434611373, 51.394922445176618 ], [ 6.96257938813616, 51.394293411174374 ], [ 6.962607340649216, 51.393664377093316 ], [ 6.962635292150587, 51.393035342933459 ], [ 6.962663242640325, 51.392406308694781 ], [ 6.962691192118475, 51.391777274377304 ], [ 6.962719140585087, 51.391148239981028 ], [ 6.96274708804021, 51.390519205505903 ], [ 6.961741673287454, 51.390501716284867 ], [ 6.960736259546636, 51.390484218442609 ], [ 6.960764233527696, 51.38985518467139 ], [ 6.959758834567932, 51.389837678599577 ], [ 6.959730846818256, 51.390466711979144 ], [ 6.959702858055644, 51.391095745279891 ], [ 6.958697432571131, 51.391078229803412 ], [ 6.958669429025976, 51.391707262633446 ], [ 6.957663990785426, 51.39168973814359 ], [ 6.956658553558902, 51.391672205032215 ], [ 6.956686584643041, 51.391043172986457 ], [ 6.957692008100098, 51.391060705705591 ], [ 6.957720024400793, 51.390431673188736 ], [ 6.957748039687559, 51.389802640593018 ], [ 6.957776053960444, 51.38917360791843 ], [ 6.957804067219498, 51.388544575164985 ], [ 6.957832079464769, 51.387915542332671 ], [ 6.957860090696305, 51.387286509421514 ], [ 6.957888100914153, 51.386657476431473 ], [ 6.957916110118363, 51.386028443362569 ], [ 6.95892142445118, 51.386045964324424 ], [ 6.958949418876761, 51.385416930784714 ], [ 6.958977412289299, 51.384787897166163 ], [ 6.959005404688839, 51.384158863468762 ], [ 6.960010678740976, 51.384176374635572 ], [ 6.960038656363973, 51.383547340467594 ], [ 6.960066632974567, 51.382918306220773 ], [ 6.959061386449127, 51.382900795837394 ], [ 6.959089375809969, 51.382271761903446 ], [ 6.958084144059934, 51.382254243293119 ], [ 6.957078913323198, 51.38223671606417 ], [ 6.956073683600258, 51.382219180216609 ], [ 6.955068454891613, 51.382201635750462 ], [ 6.954063227197758, 51.382184082665745 ], [ 6.953058000519191, 51.382166520962471 ], [ 6.953086071438848, 51.381537489303852 ], [ 6.953114141342768, 51.380908457566335 ], [ 6.953142210231, 51.38027942574989 ], [ 6.954147395625612, 51.380296986274651 ], [ 6.955152582035368, 51.380314538181445 ], [ 6.956157769459768, 51.380332081470229 ], [ 6.956185796051244, 51.379703048397026 ], [ 6.956213821628619, 51.37907401524491 ], [ 6.955208661724564, 51.37905647274097 ], [ 6.954203502835056, 51.379038921619411 ], [ 6.953198344960595, 51.37902136188027 ], [ 6.953226410802053, 51.378392329827086 ], [ 6.952221267702416, 51.378374761863363 ], [ 6.951216125618769, 51.378357185282283 ], [ 6.951244217962255, 51.377728153936339 ], [ 6.951272309289303, 51.377099122511439 ], [ 6.951300399599959, 51.376470091007626 ], [ 6.952305500408887, 51.376487666409233 ], [ 6.952333575945954, 51.375858634433342 ], [ 6.952361650467225, 51.375229602378539 ], [ 6.952389723972747, 51.374600570244795 ], [ 6.951384664434066, 51.374582996022568 ], [ 6.951412750679642, 51.373953964203004 ], [ 6.950407705912868, 51.373936381757886 ], [ 6.950379605911583, 51.374565413184143 ], [ 6.950351504893605, 51.375194444531459 ], [ 6.949346433631661, 51.375176852683381 ], [ 6.949318317840288, 51.375805883558243 ], [ 6.949290201031627, 51.376434914354149 ], [ 6.948285103273218, 51.376417313102337 ], [ 6.948256971689625, 51.377046343425569 ], [ 6.9472518611915, 51.377028733163144 ], [ 6.946246751711752, 51.377011114283839 ], [ 6.946218591594235, 51.377640143740059 ], [ 6.945213469375414, 51.377622515849609 ], [ 6.945185294480528, 51.378251544832523 ], [ 6.945157118566175, 51.378880573736431 ], [ 6.944151969849485, 51.378862936439923 ], [ 6.944123779156222, 51.379491964870297 ], [ 6.944095587442896, 51.380120993221659 ], [ 6.944067394709458, 51.38075002149403 ] ], [ [ 6.95358610013587, 51.392877615468237 ], [ 6.954591561857468, 51.392895175229718 ], [ 6.954563500187844, 51.39352420625373 ], [ 6.953558024695432, 51.393506646099418 ], [ 6.952552550219181, 51.393489077323082 ], [ 6.952580639430384, 51.392860047084937 ], [ 6.95358610013587, 51.392877615468237 ] ], [ [ 6.954619622511478, 51.3922661441268 ], [ 6.955625071478326, 51.392283694873782 ], [ 6.955597024594679, 51.392912726369353 ], [ 6.954591561857468, 51.392895175229718 ], [ 6.954619622511478, 51.3922661441268 ] ], [ [ 6.963473121445317, 51.396827031221463 ], [ 6.96246756796614, 51.396809546710472 ], [ 6.962495524526411, 51.39618051294466 ], [ 6.963501064231851, 51.39619799706449 ], [ 6.963473121445317, 51.396827031221463 ] ], [ [ 6.946162268302382, 51.378898202415527 ], [ 6.946190430457794, 51.378269173117296 ], [ 6.947195567454033, 51.378286792784834 ], [ 6.947167419057611, 51.378915822477211 ], [ 6.948172570831364, 51.378933433921446 ], [ 6.948200705468746, 51.378304403835116 ], [ 6.949205844501438, 51.378322006268142 ], [ 6.949233964362252, 51.377692975709103 ], [ 6.950239090653786, 51.377710569131281 ], [ 6.950210984551611, 51.378339600083862 ], [ 6.950182877432453, 51.378968630957516 ], [ 6.950154769296262, 51.379597661752214 ], [ 6.950126660142987, 51.380226692467971 ], [ 6.950098549972582, 51.380855723104794 ], [ 6.950070438784999, 51.381484753662654 ], [ 6.950042326580189, 51.38211378414158 ], [ 6.949037103967743, 51.382096187964315 ], [ 6.948031882373071, 51.382078583168607 ], [ 6.947026661796669, 51.382060969754477 ], [ 6.946021442239035, 51.382043347721925 ], [ 6.946049609490037, 51.381414318818628 ], [ 6.945044404713092, 51.381396688562091 ], [ 6.94507258470581, 51.380767659974168 ], [ 6.945100763678863, 51.380138631307261 ], [ 6.945128941632302, 51.379509602561342 ], [ 6.945157118566175, 51.378880573736431 ], [ 6.946162268302382, 51.378898202415527 ] ], [ [ 6.952024689158705, 51.382777981827317 ], [ 6.95302992858375, 51.38279555254217 ], [ 6.953001855632476, 51.383424584042956 ], [ 6.952973781665319, 51.384053615464829 ], [ 6.951968514714255, 51.38403604396386 ], [ 6.95199660244467, 51.383407012935059 ], [ 6.952024689158705, 51.382777981827317 ] ], [ [ 6.950675379570133, 51.412971385967445 ], [ 6.950703514106459, 51.412342358569397 ], [ 6.950731647624169, 51.411713331092429 ], [ 6.950759780123315, 51.411084303536526 ], [ 6.951765639365023, 51.411101891949698 ], [ 6.952771499624749, 51.411119471735496 ], [ 6.953777360901993, 51.41113704289387 ], [ 6.95374926975845, 51.411766071629827 ], [ 6.953721177597837, 51.412395100286886 ], [ 6.953693084420103, 51.413024128865047 ], [ 6.953664990225202, 51.413653157364294 ], [ 6.95467090766365, 51.41367072146717 ], [ 6.954642826238826, 51.414299750280534 ], [ 6.954614743797235, 51.414928779014993 ], [ 6.953608798783707, 51.414911214126093 ], [ 6.953636895013087, 51.414282185784643 ], [ 6.952630964804613, 51.414264612660375 ], [ 6.951625035613902, 51.414247030907717 ], [ 6.950619107441451, 51.414229440526718 ], [ 6.94961318028776, 51.414211841517385 ], [ 6.949641330648554, 51.413582814670995 ], [ 6.949669479990138, 51.412953787745657 ], [ 6.950675379570133, 51.412971385967445 ] ] ], [ [ [ 6.93301037218952, 51.380555429431553 ], [ 6.933038716283964, 51.379926405512023 ], [ 6.932033552322136, 51.379908664014579 ], [ 6.932005194467894, 51.380537687537242 ], [ 6.931976835587527, 51.381166710980764 ], [ 6.932982027069449, 51.381184453271949 ], [ 6.93301037218952, 51.380555429431553 ] ] ], [ [ [ 6.933845547399749, 51.384347306943852 ], [ 6.933817209888216, 51.384976330706223 ], [ 6.933788871351211, 51.385605354389476 ], [ 6.933760531788683, 51.386234377993596 ], [ 6.934765835422495, 51.386252106221249 ], [ 6.934737508599264, 51.386881130142861 ], [ 6.934709180750911, 51.387510153985339 ], [ 6.935714512940125, 51.387527874386294 ], [ 6.936719846154014, 51.38754558616732 ], [ 6.937725180392079, 51.387563289328419 ], [ 6.93769689281643, 51.388192314280481 ], [ 6.93870224184423, 51.38821000921746 ], [ 6.938730515653822, 51.387580983869569 ], [ 6.938758788440232, 51.386951958442594 ], [ 6.937753466944048, 51.386934264297288 ], [ 6.937781752472385, 51.38630523918706 ], [ 6.936776445764844, 51.386287536818003 ], [ 6.936804744034117, 51.385658512024712 ], [ 6.935799452115122, 51.385640801432281 ], [ 6.935827763124334, 51.385011776956105 ], [ 6.935856073109069, 51.384382752400811 ], [ 6.935884382069375, 51.383753727766411 ], [ 6.935912690005299, 51.383124703052935 ], [ 6.934907454163533, 51.383106985426615 ], [ 6.93493577483706, 51.382477961030354 ], [ 6.933930553782007, 51.382460235182016 ], [ 6.93292533375223, 51.382442500715356 ], [ 6.931920114748228, 51.382424757630375 ], [ 6.930914896770495, 51.382407005927099 ], [ 6.930886521049726, 51.3830360287361 ], [ 6.93085814430214, 51.383665051465961 ], [ 6.931863389803844, 51.383682803963438 ], [ 6.932868636331916, 51.383700547842253 ], [ 6.932840286082977, 51.384329571287005 ], [ 6.933845547399749, 51.384347306943852 ] ] ], [ [ [ 6.946971987191964, 51.450677633019552 ], [ 6.947978713828387, 51.450695263525986 ], [ 6.948985441486898, 51.450712885392925 ], [ 6.948957244723056, 51.451341907975603 ], [ 6.949963987219734, 51.45135952159724 ], [ 6.949935803251337, 51.451988544495222 ], [ 6.95094256058628, 51.452006149871153 ], [ 6.951949318941908, 51.452023746607153 ], [ 6.951977475275998, 51.4513947229213 ], [ 6.952005630589951, 51.450765699156527 ], [ 6.950998899868179, 51.450748103208213 ], [ 6.951027067978224, 51.450119079758352 ], [ 6.950020352093169, 51.450101475564495 ], [ 6.950048532998306, 51.449472452429724 ], [ 6.949041831949872, 51.449454839990707 ], [ 6.949070025649101, 51.448825817171205 ], [ 6.94806333943719, 51.448808196487441 ], [ 6.947056654247219, 51.448790567164764 ], [ 6.946049970079685, 51.448772929203173 ], [ 6.945043286935093, 51.448755282602711 ], [ 6.944036604813937, 51.448737627363386 ], [ 6.944064866563909, 51.448108606438709 ], [ 6.943058199280979, 51.448090942955879 ], [ 6.943029923716719, 51.448719963485225 ], [ 6.942023243643939, 51.448702290968242 ], [ 6.941994953240501, 51.449331311023037 ], [ 6.941966661812078, 51.449960330998813 ], [ 6.942973369514839, 51.449978004306878 ], [ 6.942945090877121, 51.450607024599201 ], [ 6.943951813420204, 51.450624689663435 ], [ 6.944958536987372, 51.450642346088252 ], [ 6.945965261578126, 51.450659993873629 ], [ 6.946971987191964, 51.450677633019552 ] ] ], [ [ [ 6.917176017603304, 51.463371789179931 ], [ 6.917147370759805, 51.464000797780997 ], [ 6.917118722878141, 51.464629806302781 ], [ 6.918125737529463, 51.4646476965533 ], [ 6.9191327532185, 51.464665578160478 ], [ 6.919161373448012, 51.46403656883799 ], [ 6.920168376348113, 51.464054441401743 ], [ 6.92019698171481, 51.463425431599951 ], [ 6.921203971825873, 51.463443295120655 ], [ 6.922210962973054, 51.463461149998324 ], [ 6.922239539652687, 51.462832139317783 ], [ 6.923246518010181, 51.462849985152971 ], [ 6.923275079829452, 51.46222097399373 ], [ 6.922268115296755, 51.462203128558002 ], [ 6.922296689905308, 51.461574117718975 ], [ 6.921289740232378, 51.461556264040226 ], [ 6.920282791595414, 51.461538401719032 ], [ 6.919275843994915, 51.461520530755401 ], [ 6.919304459039101, 51.460891521036608 ], [ 6.918297526299169, 51.460873641830794 ], [ 6.918268897431382, 51.461502651149395 ], [ 6.918240267526127, 51.462131660388742 ], [ 6.918211636583359, 51.4627606695488 ], [ 6.91720466340869, 51.462742780499575 ], [ 6.917176017603304, 51.463371789179931 ] ] ], [ [ [ 6.940195325744161, 51.466926147837334 ], [ 6.940166991767044, 51.467555165204374 ], [ 6.94013865676302, 51.468184182492379 ], [ 6.940110320732039, 51.468813199701344 ], [ 6.941117442097883, 51.468830893525968 ], [ 6.942124564490234, 51.468848578705604 ], [ 6.942152872860792, 51.468219560704703 ], [ 6.942181180205391, 51.467590542624784 ], [ 6.941174085473014, 51.467572858236871 ], [ 6.941202405620942, 51.466943840473782 ], [ 6.940195325744161, 51.466926147837334 ] ] ], [ [ [ 6.902645593131868, 51.472555465664911 ], [ 6.903652772977802, 51.472573482162012 ], [ 6.9046599538691, 51.472591490013563 ], [ 6.904688781238181, 51.471962487344683 ], [ 6.905695949342387, 51.471980486147757 ], [ 6.905724761835199, 51.471351482996553 ], [ 6.904717607562448, 51.4713334845964 ], [ 6.904746432841953, 51.470704481768692 ], [ 6.903739293444871, 51.470686475126406 ], [ 6.902732155093005, 51.470668459839153 ], [ 6.90270330215174, 51.471297461860516 ], [ 6.902674448164711, 51.471926463802433 ], [ 6.901667283196448, 51.471908439063263 ], [ 6.9006601192745, 51.471890405678764 ], [ 6.900631236578096, 51.472519406734072 ], [ 6.901638414331799, 51.472537440522245 ], [ 6.902645593131868, 51.472555465664911 ] ] ], [ [ [ 6.903422005732586, 51.477605497428549 ], [ 6.903450855297889, 51.476976495798247 ], [ 6.902443578614954, 51.476958476477776 ], [ 6.901436302978234, 51.476940448510398 ], [ 6.900429028388229, 51.47692241189614 ], [ 6.900400137315501, 51.477551412315705 ], [ 6.900371245195505, 51.478180412655796 ], [ 6.899363943980798, 51.478162366586751 ], [ 6.899335036976777, 51.47879136644341 ], [ 6.900342352028194, 51.478809412916426 ], [ 6.901349668126977, 51.478827450742024 ], [ 6.902356985272627, 51.47884547992016 ], [ 6.902385850766367, 51.478216478852133 ], [ 6.90339315512152, 51.478234498979397 ], [ 6.903422005732586, 51.477605497428549 ] ] ], [ [ [ 6.918445556431915, 51.479761778119659 ], [ 6.917438208766387, 51.479743886903101 ], [ 6.916430862139765, 51.479725987038563 ], [ 6.916402188287847, 51.480354993578075 ], [ 6.916373513396473, 51.480984000038298 ], [ 6.917380887700716, 51.481001900704285 ], [ 6.91740954875303, 51.480372893843338 ], [ 6.918416910257167, 51.480390785460422 ], [ 6.918445556431915, 51.479761778119659 ] ] ], [ [ [ 6.923396576274852, 51.481738132265832 ], [ 6.92342515532776, 51.481109123083776 ], [ 6.922417774796996, 51.481091274308298 ], [ 6.922389181904228, 51.48172028309078 ], [ 6.922360587974908, 51.482349291794037 ], [ 6.923367996185892, 51.482367141368684 ], [ 6.923396576274852, 51.481738132265832 ] ] ], [ [ [ 6.953427730048316, 51.35132632581611 ], [ 6.954432281968574, 51.351343876891605 ], [ 6.955436834902244, 51.351361419358014 ], [ 6.956441388848833, 51.351378953215288 ], [ 6.956469382579313, 51.350749916905684 ], [ 6.957473923800737, 51.350767441761874 ], [ 6.95847846603404, 51.3507849580091 ], [ 6.958506431277918, 51.350155920836961 ], [ 6.959510960785415, 51.350173428083657 ], [ 6.960515491303751, 51.350190926721517 ], [ 6.960487553534294, 51.350819964676553 ], [ 6.960459614754448, 51.351449002552748 ], [ 6.961464173758188, 51.351466493364107 ], [ 6.962468733771868, 51.351483975566218 ], [ 6.963473294794998, 51.351501449159073 ], [ 6.964477856827077, 51.351518914142623 ], [ 6.964449971990181, 51.352147953503554 ], [ 6.965454548769182, 51.352165410268206 ], [ 6.965482419867611, 51.351536370516882 ], [ 6.966486983916105, 51.351553818281808 ], [ 6.966514840268554, 51.350924778061483 ], [ 6.966542695613589, 51.350295737762394 ], [ 6.967547233193906, 51.350313176137966 ], [ 6.967575073794499, 51.349684135370097 ], [ 6.967602913388268, 51.349055094523472 ], [ 6.966598403281607, 51.349037656927877 ], [ 6.965593894182216, 51.349020210723708 ], [ 6.964589386090593, 51.349002755910988 ], [ 6.964617265885695, 51.34837371615609 ], [ 6.964645144672582, 51.347744676322385 ], [ 6.963640665060606, 51.347727213682212 ], [ 6.962636186457292, 51.347709742433914 ], [ 6.962608280199563, 51.348338781486341 ], [ 6.962580372932629, 51.348967820459947 ], [ 6.961575867867282, 51.348950339821684 ], [ 6.960571363811682, 51.34893285057494 ], [ 6.960599298550257, 51.348303812383378 ], [ 6.960627232278633, 51.347674774112996 ], [ 6.95962275670428, 51.347657277040412 ], [ 6.958618282140573, 51.347639771359781 ], [ 6.958590320941741, 51.348268808847372 ], [ 6.95856235873172, 51.348897846256101 ], [ 6.957557857708347, 51.348880331184048 ], [ 6.956553357696705, 51.3488628075036 ], [ 6.955548858697294, 51.348845275214785 ], [ 6.954544360710606, 51.348827734317602 ], [ 6.95451634254505, 51.349456770079456 ], [ 6.95351183183563, 51.349439220181466 ], [ 6.953483798920355, 51.350068255471932 ], [ 6.953455764991267, 51.350697290683478 ], [ 6.953427730048316, 51.35132632581611 ] ] ], [ [ [ 6.952670403172446, 51.368310244566779 ], [ 6.953675326191134, 51.368327806244203 ], [ 6.953647276591769, 51.368956839559971 ], [ 6.95465221437656, 51.368974393015719 ], [ 6.954624177514306, 51.369603426645206 ], [ 6.955629130065296, 51.369620971878888 ], [ 6.955657153175622, 51.368991937856968 ], [ 6.955685175272173, 51.36836290375615 ], [ 6.955713196354997, 51.367733869576455 ], [ 6.955741216424144, 51.367104835317868 ], [ 6.955769235479661, 51.366475800980403 ], [ 6.954764351683345, 51.366458257708821 ], [ 6.954792383474726, 51.36582922368482 ], [ 6.953787514441886, 51.365811672192081 ], [ 6.953759468901107, 51.366440705823493 ], [ 6.952754587133444, 51.36642314532444 ], [ 6.952726526828246, 51.367052178484144 ], [ 6.952698465507931, 51.367681211564921 ], [ 6.952670403172446, 51.368310244566779 ] ] ], [ [ [ 6.954540060841436, 51.371490527060246 ], [ 6.954568100746791, 51.370861493667469 ], [ 6.953563121704875, 51.37084393903379 ], [ 6.953535068046147, 51.371472972033914 ], [ 6.953507013372459, 51.37210200495511 ], [ 6.954512019921614, 51.372119560374138 ], [ 6.954540060841436, 51.371490527060246 ] ] ], [ [ [ 6.945504859216785, 51.416028434531249 ], [ 6.94651082365415, 51.416046069237424 ], [ 6.946539018438342, 51.415417043810457 ], [ 6.945533067789372, 51.415399409498853 ], [ 6.945504859216785, 51.416028434531249 ] ] ], [ [ [ 6.958755915142707, 51.36715741462605 ], [ 6.958783892948109, 51.366528379112538 ], [ 6.958811869741419, 51.365899343520162 ], [ 6.958839845522685, 51.365270307848952 ], [ 6.9578349861858, 51.365252791202309 ], [ 6.957862974703668, 51.364623755844029 ], [ 6.956858130127822, 51.36460623097593 ], [ 6.956830127861406, 51.365235265942239 ], [ 6.956802124582, 51.365864300829671 ], [ 6.956774120289557, 51.366493335638225 ], [ 6.95674611498403, 51.367122370367916 ], [ 6.95671810866537, 51.367751405018701 ], [ 6.956690101333529, 51.368380439590624 ], [ 6.957695028408116, 51.36839796681074 ], [ 6.958699956495436, 51.368415485416485 ], [ 6.958727936325166, 51.367786450060699 ], [ 6.958755915142707, 51.36715741462605 ] ] ], [ [ [ 6.955751517383366, 51.457126246386331 ], [ 6.95675839139229, 51.457143803065712 ], [ 6.956786486782613, 51.456514778044422 ], [ 6.95681458115491, 51.455885752944255 ], [ 6.955807734788326, 51.455868197050791 ], [ 6.954800889440221, 51.455850632516132 ], [ 6.954829010435331, 51.455221608123182 ], [ 6.953822179926528, 51.455204035340664 ], [ 6.952815350437154, 51.455186453917158 ], [ 6.952843498052931, 51.454557430232178 ], [ 6.951836683403213, 51.454539840561424 ], [ 6.951808521967709, 51.455168863852705 ], [ 6.951780359511776, 51.455797887065074 ], [ 6.951752196035367, 51.45642691019853 ], [ 6.95172403153843, 51.457055933253066 ], [ 6.95273090147005, 51.457073524498703 ], [ 6.952702749774263, 51.45770254786806 ], [ 6.953709634547732, 51.457720130865731 ], [ 6.954716520340828, 51.457737705221646 ], [ 6.955723407153046, 51.457755270935785 ], [ 6.955751517383366, 51.457126246386331 ] ] ], [ [ [ 6.966152629090846, 51.359102294781067 ], [ 6.966180497536024, 51.35847325550607 ], [ 6.967185213743458, 51.358490698952522 ], [ 6.967213067437121, 51.357861659208616 ], [ 6.967240920123336, 51.357232619385947 ], [ 6.968245609851619, 51.357250053441042 ], [ 6.968273447787855, 51.356621013149685 ], [ 6.968301284717234, 51.355991972779577 ], [ 6.967296622473614, 51.355974539504309 ], [ 6.966291961237299, 51.355957097618308 ], [ 6.966264096823799, 51.356586137208417 ], [ 6.965259422853295, 51.356568686321445 ], [ 6.965231543689465, 51.357197725442475 ], [ 6.965203663517242, 51.357826764484713 ], [ 6.965175782336581, 51.358455803448166 ], [ 6.964171068145625, 51.358438342778818 ], [ 6.964143172212552, 51.359067381272958 ], [ 6.964115275270446, 51.359696419688269 ], [ 6.965120016949746, 51.359713881138696 ], [ 6.96612475963763, 51.35973133397728 ], [ 6.966152629090846, 51.359102294781067 ] ] ], [ [ [ 6.96280219102928, 51.411923827348218 ], [ 6.962830158103396, 51.411294795082512 ], [ 6.961824287690891, 51.411277301571729 ], [ 6.961796306831087, 51.411906333446012 ], [ 6.96280219102928, 51.411923827348218 ] ] ], [ [ [ 6.965426676662747, 51.352794449940738 ], [ 6.966431268188767, 51.352811898486124 ], [ 6.966459126556192, 51.352182858423362 ], [ 6.965454548769182, 51.352165410268206 ], [ 6.965426676662747, 51.352794449940738 ] ] ], [ [ [ 6.967632920422856, 51.371088919925143 ], [ 6.968637913621412, 51.371106353945791 ], [ 6.969642907827431, 51.371123779351059 ], [ 6.970647903040416, 51.371141196140947 ], [ 6.970675721878831, 51.370512156412971 ], [ 6.970703539710824, 51.369883116606282 ], [ 6.971708508423393, 51.369900524001999 ], [ 6.971736311496313, 51.369271483727196 ], [ 6.970731356536443, 51.369254076720843 ], [ 6.970759172355735, 51.36862503675669 ], [ 6.971764113563403, 51.368642443373695 ], [ 6.972769055776853, 51.368659841376044 ], [ 6.972796843086408, 51.368030800554671 ], [ 6.972824629390725, 51.367401759654605 ], [ 6.971819714680286, 51.367384362430535 ], [ 6.971791914624711, 51.368013402941472 ], [ 6.970786987168749, 51.367995996713809 ], [ 6.969782060719016, 51.367978581871697 ], [ 6.968777135276011, 51.367961158415149 ], [ 6.967772210840228, 51.367943726344208 ], [ 6.966767287412166, 51.367926285658868 ], [ 6.966739417592811, 51.36855532414247 ], [ 6.967744354772386, 51.368572765217905 ], [ 6.967716497696776, 51.36920180401286 ], [ 6.966711546765191, 51.369184362547294 ], [ 6.966683674929256, 51.369813400873362 ], [ 6.96768863961335, 51.369830842729058 ], [ 6.967660780522059, 51.370459881366479 ], [ 6.967632920422856, 51.371088919925143 ] ] ], [ [ [ 6.963836029528442, 51.411312279965685 ], [ 6.963863981804785, 51.410683247229947 ], [ 6.962858124164976, 51.410665762738006 ], [ 6.962830158103396, 51.411294795082512 ], [ 6.963836029528442, 51.411312279965685 ] ] ], [ [ [ 6.964366792812173, 51.422023307322043 ], [ 6.964338836105965, 51.422652339030655 ], [ 6.964310878387344, 51.423281370660497 ], [ 6.965317013851965, 51.423298845716261 ], [ 6.966323150328548, 51.423316312140685 ], [ 6.966295219188115, 51.423945344473637 ], [ 6.967301370471559, 51.42396280265735 ], [ 6.967273452115509, 51.424591835302216 ], [ 6.967245532748399, 51.425220867868305 ], [ 6.966239353872665, 51.425203408903236 ], [ 6.966211419697553, 51.425832440999891 ], [ 6.967217612370179, 51.425849900355658 ], [ 6.967189690980802, 51.426478932764248 ], [ 6.966183484510784, 51.42646147301776 ], [ 6.966155548312308, 51.42709050495688 ], [ 6.967161768580217, 51.427107965094081 ], [ 6.967133845168378, 51.427736997345164 ], [ 6.968140080245978, 51.427754449240361 ], [ 6.96816798985938, 51.427125416598756 ], [ 6.969174212149297, 51.427142859470855 ], [ 6.969202106953957, 51.426513826360164 ], [ 6.970208316456097, 51.426531260209565 ], [ 6.970236196453009, 51.425902226630022 ], [ 6.969230000748406, 51.425884793170752 ], [ 6.969257893532697, 51.425255759902598 ], [ 6.969285785306874, 51.424626726555701 ], [ 6.969313676070987, 51.423997693130083 ], [ 6.970319830385974, 51.424015125419039 ], [ 6.97034770634453, 51.423386091524598 ], [ 6.971353847873444, 51.423403514792035 ], [ 6.971381709027441, 51.422774480428991 ], [ 6.970375581293618, 51.422757057551429 ], [ 6.970403455233285, 51.422128023499553 ], [ 6.970431328163579, 51.421498989368935 ], [ 6.969425229027768, 51.421481558640245 ], [ 6.968419130901778, 51.421464119280721 ], [ 6.968447030409795, 51.420835085851664 ], [ 6.967440947087578, 51.420817638251741 ], [ 6.96741303378611, 51.421446671290376 ], [ 6.967385119473823, 51.422075704250247 ], [ 6.966379009575073, 51.422058247238489 ], [ 6.96537290068769, 51.422040781595733 ], [ 6.964366792812173, 51.422023307322043 ] ] ], [ [ [ 6.966015852142672, 51.430235663470953 ], [ 6.966043793400395, 51.429606631925679 ], [ 6.965037518947885, 51.429589161592226 ], [ 6.9650654729935, 51.42896013035913 ], [ 6.964059213353224, 51.428942651783551 ], [ 6.964031245507821, 51.429571682625507 ], [ 6.9630249730807, 51.429554195025538 ], [ 6.962996990422114, 51.430183225397357 ], [ 6.962969006750035, 51.430812255690377 ], [ 6.962941022064418, 51.431441285904597 ], [ 6.962913036365212, 51.432070316040004 ], [ 6.962885049652368, 51.432699346096626 ], [ 6.962857061925839, 51.433328376074428 ], [ 6.962829073185577, 51.433957405973437 ], [ 6.963835442224847, 51.433974896313067 ], [ 6.963807466274535, 51.434603926524709 ], [ 6.96377948931089, 51.435232956657543 ], [ 6.963751511333865, 51.435861986711593 ], [ 6.963723532343412, 51.436491016686858 ], [ 6.963695552339481, 51.437120046583317 ], [ 6.963667571322026, 51.437749076401005 ], [ 6.964674024204748, 51.437766560453568 ], [ 6.965680478100543, 51.437784035870358 ], [ 6.965708431505399, 51.437155005270313 ], [ 6.964701991415927, 51.437137530244605 ], [ 6.964729957614081, 51.436508499956865 ], [ 6.964757922799257, 51.435879469590347 ], [ 6.965764335277578, 51.435896943833889 ], [ 6.965792285644997, 51.435267912997531 ], [ 6.966798685330874, 51.435285378214999 ], [ 6.967805086028633, 51.43530283479744 ], [ 6.968811487737777, 51.435320282744804 ], [ 6.968839395679542, 51.434691250657693 ], [ 6.968867302610471, 51.434062218491839 ], [ 6.968895208530611, 51.433433186247242 ], [ 6.968923113440012, 51.432804153923918 ], [ 6.968951017338722, 51.432175121521851 ], [ 6.967944684646952, 51.432157675526724 ], [ 6.967972601336995, 51.431528643436344 ], [ 6.968000517015945, 51.430899611267215 ], [ 6.96802843168385, 51.430270579019322 ], [ 6.967022141407512, 51.430253125561883 ], [ 6.966015852142672, 51.430235663470953 ] ] ], [ [ [ 6.966658992398354, 51.438430533563533 ], [ 6.966686933008914, 51.437801502651361 ], [ 6.965680478100543, 51.437784035870358 ], [ 6.965652523683111, 51.438413066391632 ], [ 6.966658992398354, 51.438430533563533 ] ] ], [ [ [ 6.972347724710567, 51.355432577766614 ], [ 6.972319943754823, 51.356061619773158 ], [ 6.973324611027518, 51.356079009994552 ], [ 6.974329279304539, 51.356096391605135 ], [ 6.97435703277658, 51.35546734882093 ], [ 6.974384785244839, 51.354838305958033 ], [ 6.975389427042341, 51.354855678180662 ], [ 6.975417164765934, 51.354226634850519 ], [ 6.975444901486335, 51.353597591441712 ], [ 6.975472637203594, 51.35296854795422 ], [ 6.975500371917756, 51.352339504388056 ], [ 6.974495785081002, 51.352322133719476 ], [ 6.973491199247791, 51.352304754441199 ], [ 6.97346343705479, 51.352933797230186 ], [ 6.973435673857702, 51.353562839940459 ], [ 6.973407909656478, 51.354191882572039 ], [ 6.973380144451072, 51.354820925124919 ], [ 6.972375504661535, 51.35480353568137 ], [ 6.972347724710567, 51.355432577766614 ] ] ], [ [ [ 6.972319943754823, 51.356061619773158 ], [ 6.971315277486951, 51.356044220940923 ], [ 6.97128748178411, 51.35667326247961 ], [ 6.971259685075901, 51.357302303939562 ], [ 6.97226437882882, 51.357319703550068 ], [ 6.972292161794257, 51.356690661700974 ], [ 6.972319943754823, 51.356061619773158 ] ] ], [ [ [ 6.973468423533709, 51.375596678883319 ], [ 6.972463329012379, 51.375579285216432 ], [ 6.972435529636237, 51.376208325093302 ], [ 6.972407729254233, 51.376837364891479 ], [ 6.973412851291585, 51.376854759336531 ], [ 6.974417974334346, 51.376872145164384 ], [ 6.975423098382024, 51.376889522375016 ], [ 6.97642822343412, 51.376906890968407 ], [ 6.977433349490137, 51.376924250944519 ], [ 6.978438476549578, 51.376941602303368 ], [ 6.979443604611947, 51.376958945044912 ], [ 6.979471308685133, 51.376329902527132 ], [ 6.979499011755936, 51.375700859930731 ], [ 6.978493911210162, 51.375683517965051 ], [ 6.977488811667221, 51.375666167382448 ], [ 6.977516541250746, 51.375037125483423 ], [ 6.97754426983099, 51.374408083505763 ], [ 6.976539198805794, 51.374390725082854 ], [ 6.975534128784327, 51.374373358043478 ], [ 6.975506372690211, 51.375002399244366 ], [ 6.975478615591819, 51.37563144036659 ], [ 6.974473519060355, 51.375614063933384 ], [ 6.973468423533709, 51.375596678883319 ] ] ], [ [ [ 6.972527059439082, 51.419646719731098 ], [ 6.972499217121861, 51.420275754877338 ], [ 6.972471373796409, 51.420904789944878 ], [ 6.973477462165005, 51.420922194391459 ], [ 6.973505291697264, 51.42029315893447 ], [ 6.9745113672804, 51.420310554361073 ], [ 6.975517443870769, 51.420327941157119 ], [ 6.975489641925041, 51.420956977392436 ], [ 6.97546183897253, 51.421586013549081 ], [ 6.975434035013188, 51.422215049627056 ], [ 6.975406230046966, 51.422844085626352 ], [ 6.975378424073816, 51.423473121546998 ], [ 6.974372278512013, 51.423455732805522 ], [ 6.973366133957684, 51.423438335432515 ], [ 6.973338299386041, 51.42406737049604 ], [ 6.972332142044, 51.424049964102046 ], [ 6.972304292668152, 51.424678998697367 ], [ 6.971298122538492, 51.424661583281988 ], [ 6.971270258357441, 51.425290617408898 ], [ 6.971242393167276, 51.425919651457086 ], [ 6.971214526967946, 51.42654868542656 ], [ 6.970208316456097, 51.426531260209565 ], [ 6.970180435449473, 51.427160293710394 ], [ 6.97015255343309, 51.427789327132487 ], [ 6.970124670406903, 51.428418360475867 ], [ 6.970096786370859, 51.429047393740504 ], [ 6.970068901324913, 51.429676426926434 ], [ 6.970041015269016, 51.43030546003363 ], [ 6.971047308576848, 51.430322887590442 ], [ 6.971019435312028, 51.430951921008933 ], [ 6.970991561037659, 51.431580954348703 ], [ 6.970963685753692, 51.432209987609745 ], [ 6.970935809460081, 51.43283902079208 ], [ 6.970907932156776, 51.433468053895702 ], [ 6.97088005384373, 51.434097086920609 ], [ 6.971886430975293, 51.434114508182894 ], [ 6.972892809116149, 51.434131920810422 ], [ 6.972920659821908, 51.433502887005979 ], [ 6.972948509518925, 51.432873853122835 ], [ 6.973954861061639, 51.432891256336632 ], [ 6.973982695947242, 51.432262221985333 ], [ 6.974010529824696, 51.431633187555363 ], [ 6.975016854770574, 51.431650581356216 ], [ 6.97504467383816, 51.431021546458311 ], [ 6.974038362694049, 51.431004153046693 ], [ 6.974066194555353, 51.430375118459338 ], [ 6.97409402540865, 51.429746083793312 ], [ 6.974121855253993, 51.4291170490486 ], [ 6.974149684091428, 51.428488014225209 ], [ 6.974177511921003, 51.427858979323133 ], [ 6.974205338742768, 51.427229944342372 ], [ 6.974233164556769, 51.426600909282932 ], [ 6.97523937910247, 51.426618299970116 ], [ 6.976245594655389, 51.426635682024795 ], [ 6.977251811215026, 51.426653055446948 ], [ 6.977224026795996, 51.427282091673334 ], [ 6.978230258160272, 51.427299456851543 ], [ 6.97825802878088, 51.426670420236569 ], [ 6.979264247352455, 51.426687776393614 ], [ 6.98027046692925, 51.426705123918083 ], [ 6.980242723905627, 51.427334161309673 ], [ 6.980214979877233, 51.427963198622628 ], [ 6.980187234844021, 51.428592235856975 ], [ 6.981193496822728, 51.428609575912915 ], [ 6.982199759805805, 51.428626907335648 ], [ 6.983206023792748, 51.428644230125165 ], [ 6.983178319154996, 51.429273268444454 ], [ 6.984184597945515, 51.429290582988195 ], [ 6.984156906105049, 51.429919621616371 ], [ 6.984129213261618, 51.430548660165968 ], [ 6.984101519415169, 51.431177698637008 ], [ 6.985107840612358, 51.431195005709178 ], [ 6.986114162812112, 51.431212304147294 ], [ 6.98712048601393, 51.431229593951329 ], [ 6.987148138454985, 51.43060055431895 ], [ 6.987175789894522, 51.429971514608049 ], [ 6.98720344033259, 51.429342474818583 ], [ 6.987231089769234, 51.428713434950588 ], [ 6.988237358768039, 51.428730714573682 ], [ 6.988264993403411, 51.428101674240445 ], [ 6.988292627037957, 51.427472633828678 ], [ 6.987286385638449, 51.427455354978939 ], [ 6.987258738204504, 51.428084395004035 ], [ 6.986252484006924, 51.428067107134488 ], [ 6.98628014524022, 51.427438067496269 ], [ 6.986307805471736, 51.426809027779484 ], [ 6.985301579874088, 51.426791732050944 ], [ 6.984295355278668, 51.426774427689708 ], [ 6.984323042105019, 51.426145388668644 ], [ 6.984350727928691, 51.425516349569008 ], [ 6.985356924928093, 51.425533653155796 ], [ 6.986363122929631, 51.425550948110271 ], [ 6.987369321932801, 51.425568234432397 ], [ 6.988375521937106, 51.425585512122183 ], [ 6.988403151568818, 51.424956471396271 ], [ 6.989409338776309, 51.42497374006723 ], [ 6.989436953610481, 51.424344698876361 ], [ 6.98946456744461, 51.423715657606976 ], [ 6.988458407830526, 51.423698389708875 ], [ 6.987452249216934, 51.423681113178972 ], [ 6.987479889642933, 51.423052072604072 ], [ 6.987507529067986, 51.422423031950636 ], [ 6.986501399046607, 51.422405747562529 ], [ 6.986473745826193, 51.423034787829181 ], [ 6.985467603010895, 51.423017494422716 ], [ 6.984461461197539, 51.423000192384727 ], [ 6.984489142008532, 51.422371152892218 ], [ 6.984516821817134, 51.421742113321123 ], [ 6.98454450062339, 51.421113073671464 ], [ 6.985550601052448, 51.421130374547985 ], [ 6.985578265062638, 51.420501334432629 ], [ 6.984572178427351, 51.420484033943232 ], [ 6.984599855229064, 51.419854994136422 ], [ 6.983593783389249, 51.419837685403593 ], [ 6.983621472981485, 51.419208645905535 ], [ 6.982615415937045, 51.419191328929664 ], [ 6.981609359895754, 51.419174003323469 ], [ 6.981637076069648, 51.418544964521985 ], [ 6.980631034824088, 51.418527630673353 ], [ 6.979624994582625, 51.418510288194625 ], [ 6.978618955345762, 51.418492937085823 ], [ 6.977612917113992, 51.41847557734696 ], [ 6.977640687450334, 51.417846540019511 ], [ 6.97663466401555, 51.417829172039248 ], [ 6.976606879887818, 51.418458208978073 ], [ 6.975600843667735, 51.418440831979154 ], [ 6.974594808454244, 51.418423446350246 ], [ 6.973588774247841, 51.418406052091356 ], [ 6.973560947738634, 51.419035087784415 ], [ 6.972554900748122, 51.419017684506159 ], [ 6.972527059439082, 51.419646719731098 ] ], [ [ 6.975545244809762, 51.419698904843131 ], [ 6.976551308614027, 51.419716282619738 ], [ 6.976523521467874, 51.420345319322585 ], [ 6.975517443870769, 51.420327941157119 ], [ 6.975545244809762, 51.419698904843131 ] ] ], [ [ [ 6.969678404614832, 51.43848288326312 ], [ 6.970684877375579, 51.438500315890877 ], [ 6.971691351146451, 51.438517739882549 ], [ 6.97171922272193, 51.437888707018715 ], [ 6.97272568369527, 51.437906121984525 ], [ 6.972753540454506, 51.437277088652245 ], [ 6.973759988630219, 51.437294494592571 ], [ 6.973787830574208, 51.436665460792057 ], [ 6.972781396204707, 51.436648055241271 ], [ 6.972809250945924, 51.436019021751591 ], [ 6.971802831391073, 51.436001607954978 ], [ 6.970796412845656, 51.435984185523019 ], [ 6.970768530493159, 51.436613218233063 ], [ 6.970740647130679, 51.437242250864387 ], [ 6.969734201983565, 51.43722481901689 ], [ 6.96872775784698, 51.437207378533714 ], [ 6.968699845861385, 51.437836410305884 ], [ 6.96769338892936, 51.437818960796534 ], [ 6.967665462125721, 51.438447992099434 ], [ 6.968671932864714, 51.438465441999305 ], [ 6.969678404614832, 51.43848288326312 ] ] ], [ [ [ 6.982228428941466, 51.359380362754436 ], [ 6.982256077476571, 51.358751317260243 ], [ 6.98326080974439, 51.358768622920579 ], [ 6.984265543011766, 51.358785919969108 ], [ 6.985270277278202, 51.358803208405817 ], [ 6.986275012543203, 51.358820488230677 ], [ 6.986302605100811, 51.358191441110804 ], [ 6.986330196660399, 51.357562393912367 ], [ 6.986357787222014, 51.356933346635365 ], [ 6.986385376785704, 51.356304299279813 ], [ 6.985380696495458, 51.356287021000789 ], [ 6.984376017203584, 51.356269734110697 ], [ 6.984348400154054, 51.356898780693172 ], [ 6.984320782105605, 51.357527827197075 ], [ 6.983316076326409, 51.357510530922255 ], [ 6.982311371546671, 51.35749322603602 ], [ 6.981306667766892, 51.357475912538384 ], [ 6.981334327045232, 51.356846867195593 ], [ 6.981361985323168, 51.356217821774187 ], [ 6.981389642600742, 51.355588776274153 ], [ 6.980384981049535, 51.355571455327365 ], [ 6.98035731002975, 51.356200500439996 ], [ 6.980329638009109, 51.356829545474007 ], [ 6.979324949973886, 51.356812215141247 ], [ 6.97929726320919, 51.357441259708999 ], [ 6.979269575443048, 51.358070304198129 ], [ 6.979241886675412, 51.358699348608624 ], [ 6.980246615941587, 51.358716680104244 ], [ 6.980218939917052, 51.359345724823733 ], [ 6.981223683928961, 51.359363048095062 ], [ 6.982228428941466, 51.359380362754436 ] ] ], [ [ [ 6.981979547115286, 51.365041768664767 ], [ 6.980974678377803, 51.365024450519599 ], [ 6.979969810641347, 51.365007123760741 ], [ 6.979942124603737, 51.365636167693914 ], [ 6.980947006089847, 51.36565349484033 ], [ 6.980919332800818, 51.366282539082441 ], [ 6.9819242290382, 51.366299858002357 ], [ 6.981896568498743, 51.366928902553219 ], [ 6.982901479487493, 51.366946213246237 ], [ 6.983906391476419, 51.36696351532494 ], [ 6.983934024514344, 51.366334469999863 ], [ 6.982929126276208, 51.366317168308164 ], [ 6.982956772064793, 51.365688123291484 ], [ 6.982984416853298, 51.365059078196225 ], [ 6.981979547115286, 51.365041768664767 ] ] ], [ [ [ 6.978091389969751, 51.430444638746806 ], [ 6.979097691339618, 51.430461997234424 ], [ 6.979125453188584, 51.429832960624204 ], [ 6.978119165619679, 51.429815602525039 ], [ 6.978091389969751, 51.430444638746806 ] ] ], [ [ [ 6.984800817324371, 51.369496990851019 ], [ 6.985805786320666, 51.369514277247617 ], [ 6.985778175790555, 51.370143322953268 ], [ 6.98575056426152, 51.37077236858034 ], [ 6.985722951733512, 51.37140141412884 ], [ 6.984717941475622, 51.371384126572202 ], [ 6.984690314193736, 51.372013171655439 ], [ 6.984662685912284, 51.37264221666009 ], [ 6.984635056631221, 51.373271261586162 ], [ 6.983630006106925, 51.373253964253138 ], [ 6.982624956582787, 51.373236658303853 ], [ 6.982597298789509, 51.373865702377302 ], [ 6.98256963999553, 51.374494746372157 ], [ 6.983574717032673, 51.374512053095678 ], [ 6.983547070995192, 51.375141097399059 ], [ 6.98455216278988, 51.375158395892889 ], [ 6.985557255584372, 51.375175685769875 ], [ 6.986562349378171, 51.375192967029996 ], [ 6.986589954143625, 51.37456392156637 ], [ 6.985584874107216, 51.374546640692799 ], [ 6.985612491630802, 51.373917595537151 ], [ 6.985640108155176, 51.373288550302924 ], [ 6.985667723680389, 51.372659504990139 ], [ 6.986672762447608, 51.372676784704076 ], [ 6.986700363218301, 51.372047738926206 ], [ 6.986727962990423, 51.371418693069764 ], [ 6.987732975245858, 51.371435963394951 ], [ 6.988737988499319, 51.371453225104403 ], [ 6.989743002750309, 51.37147047819807 ], [ 6.989770560260395, 51.370841431104743 ], [ 6.99077556175382, 51.370858675196892 ], [ 6.990748017998333, 51.371487722675958 ], [ 6.991753034242895, 51.371504958538026 ], [ 6.992758051483496, 51.371522185784272 ], [ 6.993763069719641, 51.371539404414655 ], [ 6.993790572211042, 51.370910355779579 ], [ 6.994795577687443, 51.370927565409133 ], [ 6.994823065429553, 51.370298516310619 ], [ 6.995828058146115, 51.370315716939729 ], [ 6.996833051856637, 51.370332908953323 ], [ 6.99783804656062, 51.370350092351359 ], [ 6.998843042257566, 51.37036726713383 ], [ 6.999848038946982, 51.370384433300728 ], [ 6.999820619977048, 51.371013484321082 ], [ 7.000825631413013, 51.371030642256166 ], [ 7.001830643840499, 51.371047791575421 ], [ 7.002835657259011, 51.371064932278841 ], [ 7.002808278562421, 51.37169398437161 ], [ 7.003813306726677, 51.371711116842398 ], [ 7.004818335881012, 51.371728240697124 ], [ 7.004845687067122, 51.371099187838091 ], [ 7.004873037263697, 51.370470134900707 ], [ 7.004900386470785, 51.369841081884928 ], [ 7.005905375350262, 51.369858195975077 ], [ 7.006910365218682, 51.369875301449682 ], [ 7.006937685928642, 51.369246247590119 ], [ 7.007942663031597, 51.369263344066752 ], [ 7.007915356075551, 51.36989239830875 ], [ 7.008920347920371, 51.369909486552231 ], [ 7.008893053730833, 51.370538541098128 ], [ 7.008865758553794, 51.371167595565687 ], [ 7.009870778895574, 51.3711846759577 ], [ 7.009843496486487, 51.371813730728981 ], [ 7.008838462389208, 51.371796649954909 ], [ 7.008811165237026, 51.372425704265808 ], [ 7.008783867097202, 51.373054758498391 ], [ 7.008756567969687, 51.373683812652637 ], [ 7.009761643336445, 51.373700894572977 ], [ 7.01076671969044, 51.373717967876566 ], [ 7.010739447090208, 51.374347022716506 ], [ 7.010712173503188, 51.374976077478145 ], [ 7.01068489892933, 51.375605132161475 ], [ 7.009679781301243, 51.3755880577121 ], [ 7.00867466466054, 51.37557097464537 ], [ 7.008647361581796, 51.376200028486302 ], [ 7.008620057515129, 51.376829082248904 ], [ 7.008592752460488, 51.377458135933161 ], [ 7.007587595529382, 51.377441043102088 ], [ 7.007560275726303, 51.378070096325651 ], [ 7.007532954934659, 51.378699149470883 ], [ 7.007505633154404, 51.379328202537764 ], [ 7.007478310385492, 51.3799572555263 ], [ 7.007450986627875, 51.380586308436492 ], [ 7.008456212366053, 51.380603403179514 ], [ 7.008428901382588, 51.381232456393796 ], [ 7.007423661881505, 51.38121536126836 ], [ 7.007396336146336, 51.38184441402187 ], [ 7.00736900942232, 51.38247346669705 ], [ 7.007341681709411, 51.383102519293878 ], [ 7.008346962502195, 51.383119615566635 ], [ 7.008319647565239, 51.383748668467582 ], [ 7.008292331639792, 51.384377721290214 ], [ 7.008265014725807, 51.385006774034494 ], [ 7.007259692636848, 51.384989676614317 ], [ 7.00625437153697, 51.384972570573964 ], [ 7.006227026101676, 51.385601622474738 ], [ 7.005221692225088, 51.385584507431325 ], [ 7.005194332033377, 51.386213558870864 ], [ 7.006199679676754, 51.386230674297153 ], [ 7.007205028309805, 51.386247781102902 ], [ 7.007232360967891, 51.385618728897775 ], [ 7.008237696823237, 51.385635826700451 ], [ 7.009243033667214, 51.385652915882702 ], [ 7.009215728542942, 51.386281968852629 ], [ 7.010221080142032, 51.386299049796584 ], [ 7.010193787797052, 51.386928103070318 ], [ 7.01016649446434, 51.387557156265736 ], [ 7.011171874586657, 51.387574229352936 ], [ 7.012177255696256, 51.387591293819085 ], [ 7.012149988912846, 51.388220347699921 ], [ 7.01315538477784, 51.388237403926595 ], [ 7.014160781629169, 51.388254451531985 ], [ 7.015166179466335, 51.388271490516075 ], [ 7.015193404943772, 51.387642435491109 ], [ 7.016198789997524, 51.3876594654729 ], [ 7.016226000721414, 51.387030409988697 ], [ 7.01723137299166, 51.387047430968558 ], [ 7.018236746246156, 51.387064443327461 ], [ 7.019242120484407, 51.38708144706537 ], [ 7.020247495705913, 51.387098442182264 ], [ 7.021252871910177, 51.38711542867815 ], [ 7.021280012809827, 51.386486371213721 ], [ 7.022285376228314, 51.386503348708736 ], [ 7.022312502378206, 51.385874290786298 ], [ 7.022339627546429, 51.385245232785685 ], [ 7.022366751733028, 51.384616174706871 ], [ 7.023372074831958, 51.384633142442198 ], [ 7.023399184270884, 51.384004083905623 ], [ 7.024404494584751, 51.384021042641244 ], [ 7.024377398911967, 51.384650101557213 ], [ 7.025382723972559, 51.384667052051896 ], [ 7.026388050013233, 51.384683993926238 ], [ 7.026360980893291, 51.38531305352226 ], [ 7.027366321680335, 51.385329987155046 ], [ 7.028371663446516, 51.385346912167236 ], [ 7.029377006191337, 51.385363828558823 ], [ 7.030382349914299, 51.385380736329793 ], [ 7.030409363966836, 51.384751675219626 ], [ 7.029404034010795, 51.384734767826913 ], [ 7.02943106085216, 51.384105707016872 ], [ 7.029458086715475, 51.383476646128727 ], [ 7.028452785269787, 51.383459730872417 ], [ 7.027447484802597, 51.383442806996094 ], [ 7.026442185314405, 51.383425874499743 ], [ 7.025436886805706, 51.383408933383414 ], [ 7.02546396675227, 51.382779873931938 ], [ 7.024458682988757, 51.38276292457482 ], [ 7.024485775720075, 51.38213386542435 ], [ 7.024512867470999, 51.381504806195707 ], [ 7.024539958241575, 51.380875746888911 ], [ 7.023534716750968, 51.380858790050077 ], [ 7.022529476241159, 51.380841824592075 ], [ 7.021524236712645, 51.380824850514962 ], [ 7.020518998165925, 51.380807867818703 ], [ 7.019513760601494, 51.380790876503355 ], [ 7.019540919207101, 51.380161819016969 ], [ 7.019568076829969, 51.379532761452346 ], [ 7.019595233470143, 51.378903703809527 ], [ 7.019622389127671, 51.378274646088471 ], [ 7.019649543802599, 51.377645588289205 ], [ 7.020654712557137, 51.377662577704164 ], [ 7.021659882293729, 51.377679558501001 ], [ 7.02266505301188, 51.377696530679664 ], [ 7.023670224711092, 51.377713494240162 ], [ 7.023643125080383, 51.37834255355849 ], [ 7.024648311521332, 51.378359508880067 ], [ 7.025653498942395, 51.378376455583243 ], [ 7.025680571050714, 51.377747395506532 ], [ 7.02467539739087, 51.377730449182451 ], [ 7.024702482280341, 51.377101389406654 ], [ 7.02472956618979, 51.376472329552712 ], [ 7.025734712328688, 51.37648927511863 ], [ 7.025761781498436, 51.375860214807453 ], [ 7.025788849688754, 51.37523115441811 ], [ 7.024783731068815, 51.375214209610306 ], [ 7.023778613428755, 51.375197256185061 ], [ 7.023805708157111, 51.374568196475856 ], [ 7.024810812038483, 51.374585149521884 ], [ 7.025815916899689, 51.374602093950642 ], [ 7.025842983131287, 51.373973033405001 ], [ 7.025870048383596, 51.3733439727812 ], [ 7.025897112656661, 51.372714912079246 ], [ 7.02592417595053, 51.372085851299161 ], [ 7.02595123826525, 51.371456790440909 ], [ 7.024946202190259, 51.371439847907212 ], [ 7.02491912611929, 51.372068908386467 ], [ 7.023914077267698, 51.372051956857284 ], [ 7.023941167094867, 51.37142289675721 ], [ 7.023968255941942, 51.370793836578969 ], [ 7.022963235582307, 51.370776877192064 ], [ 7.022990337204495, 51.370147817315001 ], [ 7.021985331580522, 51.370130849691577 ], [ 7.022012445976828, 51.369501790115862 ], [ 7.022039559392184, 51.368872730461966 ], [ 7.022066671826638, 51.368243670729861 ], [ 7.022093783280234, 51.367614610919567 ], [ 7.022120893753022, 51.366985551031092 ], [ 7.023125830608868, 51.367002516756919 ], [ 7.024130768444979, 51.367019473867835 ], [ 7.024157850432688, 51.366390413142376 ], [ 7.024184931440672, 51.365761352338751 ], [ 7.025189842752593, 51.36577830007657 ], [ 7.026194755043692, 51.365795239199812 ], [ 7.027199668313474, 51.365812169708484 ], [ 7.027226707087936, 51.365183107690029 ], [ 7.028231607584529, 51.365200029205589 ], [ 7.028258631629971, 51.364570966730497 ], [ 7.028285654697818, 51.363941904177274 ], [ 7.027280781702487, 51.363924983418677 ], [ 7.02730781754267, 51.363295921165793 ], [ 7.026302959275225, 51.363278992171843 ], [ 7.026275909685202, 51.363908054046057 ], [ 7.02527103864646, 51.363891116059442 ], [ 7.024266168586757, 51.363874169458846 ], [ 7.02423909051766, 51.364503230496986 ], [ 7.024212011468982, 51.365132291456952 ], [ 7.023207114887926, 51.365115335483871 ], [ 7.022202219286996, 51.365098370896476 ], [ 7.022175111756356, 51.365727431019536 ], [ 7.021170203384953, 51.365710457438169 ], [ 7.020165295994715, 51.36569347524231 ], [ 7.020192431027501, 51.365064415878756 ], [ 7.019187538369928, 51.365047425448488 ], [ 7.018182646694466, 51.365030426403962 ], [ 7.017177756001614, 51.365013418745214 ], [ 7.016172866291866, 51.364996402472258 ], [ 7.016200055344775, 51.364367344551766 ], [ 7.015195180368947, 51.364350320045425 ], [ 7.01419030637717, 51.364333286925088 ], [ 7.013185433369941, 51.364316245190807 ], [ 7.012180561347755, 51.364299194842587 ], [ 7.01117569031111, 51.364282135880444 ], [ 7.011202947129102, 51.363653079787575 ], [ 7.010198090828081, 51.363636012593282 ], [ 7.009193235513546, 51.363618936785308 ], [ 7.009220518843681, 51.362989881377821 ], [ 7.009247801186879, 51.362360825891997 ], [ 7.009275082543188, 51.36173177032785 ], [ 7.009302362912655, 51.361102714685373 ], [ 7.009329642295327, 51.360473658964573 ], [ 7.009356920691252, 51.359844603165456 ], [ 7.00835214885023, 51.359827521036422 ], [ 7.007347377996404, 51.359810430294885 ], [ 7.006342608130272, 51.359793330940896 ], [ 7.00533783925233, 51.359776222974432 ], [ 7.004333071363074, 51.359759106395536 ], [ 7.00430572423505, 51.360388160282355 ], [ 7.005310505870633, 51.360405277244098 ], [ 7.005283171500202, 51.361034331435384 ], [ 7.00525583614099, 51.361663385548333 ], [ 7.005228499792953, 51.362292439582902 ], [ 7.005201162456039, 51.362921493539105 ], [ 7.005173824130204, 51.363550547416935 ], [ 7.006178675493828, 51.363567657679461 ], [ 7.007183527845924, 51.363584759328369 ], [ 7.008188381185996, 51.363601852363665 ], [ 7.008161083119385, 51.364230907310699 ], [ 7.00813378406525, 51.364859962179388 ], [ 7.008106484023541, 51.36548901696974 ], [ 7.007101589433644, 51.365471922787421 ], [ 7.007074274653379, 51.366100977117071 ], [ 7.007046958884948, 51.366730031368377 ], [ 7.006042037780897, 51.366712927806752 ], [ 7.005037117665554, 51.36669581563055 ], [ 7.005064460936705, 51.366066762144555 ], [ 7.005091803218698, 51.36543770858021 ], [ 7.004086911594642, 51.365420588555345 ], [ 7.003082020960194, 51.36540345991633 ], [ 7.00207713131585, 51.365386322663198 ], [ 7.002049747781618, 51.366015375078156 ], [ 7.00202236325674, 51.36664442741472 ], [ 7.001017447101196, 51.366627280780428 ], [ 7.000012531936842, 51.366610125531679 ], [ 6.999985118918027, 51.367239177022576 ], [ 6.998980190993811, 51.367222012775457 ], [ 6.997975264061826, 51.367204839913697 ], [ 6.99794782254723, 51.367833890558117 ], [ 6.997920380039859, 51.368462941124086 ], [ 6.996915426596202, 51.368445758879098 ], [ 6.995910474145864, 51.368428568019134 ], [ 6.995883003139827, 51.369057617737788 ], [ 6.995855531139926, 51.369686667377998 ], [ 6.994850552177208, 51.369669467133626 ], [ 6.994878037930455, 51.369040417878153 ], [ 6.994905522689344, 51.368411368544223 ], [ 6.994933006453918, 51.367782319131798 ], [ 6.994960489224227, 51.367153269640909 ], [ 6.993955566266134, 51.367136062320874 ], [ 6.99398306179354, 51.366507013136378 ], [ 6.994010556326279, 51.365877963873409 ], [ 6.993005661864935, 51.365860748708982 ], [ 6.992000768398706, 51.365843524930447 ], [ 6.99099587592809, 51.365826292537804 ], [ 6.991023410716885, 51.365197244352096 ], [ 6.990018532992509, 51.365180003730998 ], [ 6.989990984453583, 51.36580905153108 ], [ 6.988986093975683, 51.365791801910298 ], [ 6.987981204494884, 51.365774543675471 ], [ 6.986976316011682, 51.365757276826642 ], [ 6.986948725224557, 51.36638632339011 ], [ 6.98692113343929, 51.36701536987502 ], [ 6.985916218452813, 51.36699809363936 ], [ 6.984911304465024, 51.366980808789329 ], [ 6.984883684178755, 51.367609854422611 ], [ 6.984856062893255, 51.368238899977328 ], [ 6.983851122401485, 51.368221605739301 ], [ 6.983823486364378, 51.368850650828591 ], [ 6.984828440608475, 51.368867945453459 ], [ 6.984800817324371, 51.369496990851019 ] ], [ [ 7.022800605256069, 51.374551234812607 ], [ 7.021795503335854, 51.374534264532144 ], [ 7.021822624600119, 51.373905205503789 ], [ 7.022827712762237, 51.373922175404651 ], [ 7.023832801905136, 51.373939136688477 ], [ 7.023805708157111, 51.374568196475856 ], [ 7.022800605256069, 51.374551234812607 ] ], [ [ 7.020817537419278, 51.373888226985933 ], [ 7.019812451220211, 51.373871239851098 ], [ 7.018807366003417, 51.373854244099292 ], [ 7.018834527558922, 51.3732251861327 ], [ 7.019839599018258, 51.373242181504324 ], [ 7.020844671459819, 51.373259168259175 ], [ 7.021849744883106, 51.373276146397245 ], [ 7.021822624600119, 51.373905205503789 ], [ 7.020817537419278, 51.373888226985933 ] ], [ [ 7.022936132979574, 51.371405936990953 ], [ 7.022909029396247, 51.372034996711641 ], [ 7.021903982505437, 51.372018027949558 ], [ 7.020898936595764, 51.37200105057105 ], [ 7.019893891667725, 51.371984064576132 ], [ 7.019921036519238, 51.371355005994708 ], [ 7.019948180388669, 51.370725947335082 ], [ 7.020953197805174, 51.370742932570103 ], [ 7.021958216203219, 51.370759909189097 ], [ 7.022963235582307, 51.370776877192064 ], [ 7.022936132979574, 51.371405936990953 ] ], [ [ 7.02013815998027, 51.366322534527662 ], [ 7.020111022984114, 51.36695159373479 ], [ 7.019106089072046, 51.366934602164356 ], [ 7.01810115614223, 51.366917601979104 ], [ 7.018128320642329, 51.366288543532285 ], [ 7.017123402447162, 51.366271535112674 ], [ 7.017150579715965, 51.36564247696807 ], [ 7.018155484159725, 51.365659485007242 ], [ 7.019160389586141, 51.365676484432001 ], [ 7.020165295994715, 51.36569347524231 ], [ 7.02013815998027, 51.366322534527662 ] ], [ [ 7.005009773405198, 51.367324869038171 ], [ 7.006014707272375, 51.367341981597136 ], [ 7.007019642128308, 51.367359085541352 ], [ 7.006992324383407, 51.367988139635962 ], [ 7.0069650056502, 51.368617193652213 ], [ 7.005960043289018, 51.368600088942827 ], [ 7.004955081916684, 51.368582975618295 ], [ 7.004982428155591, 51.367953922367413 ], [ 7.005009773405198, 51.367324869038171 ] ], [ [ 6.988930966406313, 51.367049896503204 ], [ 6.989935884385869, 51.367067146895671 ], [ 6.990940803362126, 51.367084388673675 ], [ 6.990913265584862, 51.367713436623838 ], [ 6.990885726811347, 51.368342484495479 ], [ 6.990858187041533, 51.368971532288619 ], [ 6.990830646275371, 51.369600580003215 ], [ 6.989825672289656, 51.369583336682489 ], [ 6.988820699300831, 51.369566084746538 ], [ 6.988848267573164, 51.368937037803512 ], [ 6.988875834848157, 51.368307990781943 ], [ 6.988903401125857, 51.367678943681838 ], [ 6.988930966406313, 51.367049896503204 ] ], [ [ 7.011417355132393, 51.381912744337761 ], [ 7.011444625813668, 51.381283690055682 ], [ 7.012449869264978, 51.381300750704781 ], [ 7.013455113702602, 51.381317802734735 ], [ 7.014460359126044, 51.381334846145535 ], [ 7.015465605534804, 51.38135188093716 ], [ 7.015438389908176, 51.381980936744739 ], [ 7.015411173296681, 51.38260999247403 ], [ 7.015383955700268, 51.38323904812507 ], [ 7.015356737118891, 51.383868103697857 ], [ 7.016362039570575, 51.38388513139391 ], [ 7.016334833769957, 51.384514187269367 ], [ 7.015329517552504, 51.384497159192385 ], [ 7.01530229700106, 51.385126214608654 ], [ 7.014296968002448, 51.385109177530374 ], [ 7.01432420232011, 51.384480122495241 ], [ 7.01331888807327, 51.384463077177955 ], [ 7.012313574812482, 51.384446023240571 ], [ 7.011308262538242, 51.384428960683074 ], [ 7.011335537167232, 51.383799906714181 ], [ 7.011362810809222, 51.383170852667021 ], [ 7.011390083464259, 51.382541798541546 ], [ 7.011417355132393, 51.381912744337761 ] ], [ [ 7.010984864973497, 51.368685526337913 ], [ 7.011989832271479, 51.368702587971271 ], [ 7.01196258131748, 51.369331643819308 ], [ 7.011935329377564, 51.369960699589072 ], [ 7.010930334571873, 51.369943637192414 ], [ 7.009925340752643, 51.369926566180126 ], [ 7.009952620200718, 51.369297511173876 ], [ 7.009979898661882, 51.368668456089296 ], [ 7.010984864973497, 51.368685526337913 ] ] ], [ [ [ 6.98647952908876, 51.377080102949556 ], [ 6.987484665156662, 51.377097376751962 ], [ 6.988489802223018, 51.377114641936878 ], [ 6.989494940287332, 51.377131898504295 ], [ 6.989467372804772, 51.377760944812337 ], [ 6.990472525626116, 51.377778193148075 ], [ 6.990500079349109, 51.377149146454187 ], [ 6.990527632075136, 51.376520099681791 ], [ 6.990555183804245, 51.375891052830887 ], [ 6.989550072260114, 51.37587380565261 ], [ 6.989577636750432, 51.375244759108973 ], [ 6.989605200243432, 51.374615712486822 ], [ 6.988600117212229, 51.374598457463392 ], [ 6.987595035178794, 51.374581193823232 ], [ 6.987567444170778, 51.375210239673237 ], [ 6.986562349378171, 51.375192967029996 ], [ 6.986534743613907, 51.375822012415085 ], [ 6.986507136850786, 51.376451057721603 ], [ 6.98647952908876, 51.377080102949556 ] ] ], [ [ [ 6.985678469252192, 51.395322380385416 ], [ 6.985650831500852, 51.395951423256463 ], [ 6.985623192749129, 51.396580466048931 ], [ 6.984617630908301, 51.396563171639521 ], [ 6.984589977381354, 51.397192213966477 ], [ 6.985595552996974, 51.397209508762835 ], [ 6.985567912244341, 51.397838551398173 ], [ 6.98657350263578, 51.397855837957643 ], [ 6.986545874658455, 51.398484880901179 ], [ 6.987551479825808, 51.398502159223384 ], [ 6.988557085992739, 51.398519428921531 ], [ 6.988584686418247, 51.397890385205059 ], [ 6.988612285844721, 51.397261341410065 ], [ 6.988639884272208, 51.396632297536527 ], [ 6.98763431943158, 51.396615028997466 ], [ 6.986628755590387, 51.396597751834925 ], [ 6.986656380567767, 51.39596870865573 ], [ 6.986684004545261, 51.395339665397969 ], [ 6.985678469252192, 51.395322380385416 ] ] ], [ [ [ 6.986750232973317, 51.416744381627758 ], [ 6.987756238858882, 51.416761662535279 ], [ 6.987728608440174, 51.417390703895599 ], [ 6.98770097702095, 51.418019745177368 ], [ 6.987673344601165, 51.418648786380608 ], [ 6.987645711180771, 51.419277827505304 ], [ 6.987618076759718, 51.41990686855145 ], [ 6.986612001914798, 51.419889585710365 ], [ 6.986584352699674, 51.420518626291241 ], [ 6.987590441337962, 51.42053590951906 ], [ 6.988596530977003, 51.420553184116066 ], [ 6.989602621616296, 51.420570450082231 ], [ 6.990608713255348, 51.420587707417532 ], [ 6.991614805893655, 51.420604956121963 ], [ 6.991587224647084, 51.421233998556112 ], [ 6.991559642401707, 51.421863040911759 ], [ 6.991532059157477, 51.422492083188914 ], [ 6.991504474914344, 51.423121125387553 ], [ 6.992510623730817, 51.423138367004306 ], [ 6.992483052284833, 51.42376740951029 ], [ 6.992455479840352, 51.424396451937767 ], [ 6.993461657248066, 51.42441368569412 ], [ 6.993489215895903, 51.423784642880989 ], [ 6.99351677354574, 51.423155599989364 ], [ 6.994522924358614, 51.423172824342728 ], [ 6.994550467214806, 51.422543780987198 ], [ 6.99457800907359, 51.421914737553209 ], [ 6.995584133292931, 51.421931952504359 ], [ 6.995611660359612, 51.421302908606677 ], [ 6.996617771781018, 51.421320114541444 ], [ 6.996645284056593, 51.42069107018029 ], [ 6.997651382679972, 51.420708267099052 ], [ 6.998657482299118, 51.420725455386794 ], [ 6.999663582913531, 51.420742635043496 ], [ 7.000669684522715, 51.42075980606915 ], [ 7.000697140626365, 51.420130760091439 ], [ 6.999691052811167, 51.420113589450025 ], [ 6.999718521714081, 51.419484543778147 ], [ 6.998712448687046, 51.419467364890295 ], [ 6.998739930388226, 51.418838319524397 ], [ 6.998767411094282, 51.418209274080077 ], [ 6.998794890805258, 51.417580228557348 ], [ 6.999800922454964, 51.41759740629201 ], [ 6.999828387379464, 51.416968360306477 ], [ 6.99985585130948, 51.416339314242514 ], [ 6.999883314245057, 51.415710268100149 ], [ 7.000889305516312, 51.415727436052208 ], [ 7.000861856371229, 51.416356482578742 ], [ 7.000834406232209, 51.416985529026874 ], [ 7.00184042607894, 51.417002689117361 ], [ 7.001812988737474, 51.417631735871062 ], [ 7.001785550402474, 51.418260782546383 ], [ 7.00175811107389, 51.418889829143303 ], [ 7.001730670751677, 51.419518875661836 ], [ 7.002736746761241, 51.419536028657632 ], [ 7.002709319238932, 51.420165075481592 ], [ 7.002681890723397, 51.420794122227178 ], [ 7.001675787126169, 51.420776968463713 ], [ 7.00164834382278, 51.421406014747042 ], [ 7.001620899525572, 51.422035060952005 ], [ 7.002627030712458, 51.422052215483212 ], [ 7.003633162892712, 51.42206936138291 ], [ 7.004639296065836, 51.42208649865109 ], [ 7.005645430231332, 51.422103627287733 ], [ 7.0066515653887, 51.422120747292809 ], [ 7.006624189075984, 51.422749795336848 ], [ 7.00763033902054, 51.422766907093248 ], [ 7.007657701537443, 51.422137858666304 ], [ 7.00768506306347, 51.421508810161029 ], [ 7.006678940710043, 51.421491699170438 ], [ 7.006706315040058, 51.420862650969724 ], [ 7.006733688378796, 51.420233602690658 ], [ 7.005727594605736, 51.420216483834857 ], [ 7.005754980747012, 51.419587435860528 ], [ 7.005782365896605, 51.418958387807827 ], [ 7.00678843208262, 51.418975505897535 ], [ 7.007794499259772, 51.418992615356601 ], [ 7.008800567427563, 51.41900971618503 ], [ 7.008827910207052, 51.418380666905442 ], [ 7.008855251996449, 51.41775161754753 ], [ 7.0088825927958, 51.417122568111296 ], [ 7.008909932605153, 51.416493518596724 ], [ 7.008937271424555, 51.415864469003857 ], [ 7.007931272216129, 51.415847370088613 ], [ 7.006925273998102, 51.415830262543693 ], [ 7.006952639408307, 51.415201213637907 ], [ 7.00698000382766, 51.414572164653784 ], [ 7.007007367256205, 51.413943115591323 ], [ 7.007034729693992, 51.413314066450511 ], [ 7.007062091141067, 51.412685017231347 ], [ 7.007089451597479, 51.41205596793386 ], [ 7.006083537104575, 51.412038854057101 ], [ 7.005077623602785, 51.412021731551867 ], [ 7.00407171109261, 51.412004600418179 ], [ 7.003065799574546, 51.411987460656043 ], [ 7.002059889049092, 51.411970312265503 ], [ 7.0020324596542, 51.412599359646357 ], [ 7.0010265363343, 51.412582202243513 ], [ 7.000020614008054, 51.412565036212079 ], [ 6.999014692675961, 51.41254786155212 ], [ 6.999042163433372, 51.411918815323567 ], [ 6.999069633196181, 51.411289769016584 ], [ 6.998063740433063, 51.411272586497041 ], [ 6.997057848664999, 51.411255395349372 ], [ 6.997030351328411, 51.411884440887221 ], [ 6.997002852996223, 51.412513486346612 ], [ 6.99697535366839, 51.41314253172758 ], [ 6.995969421533927, 51.413125330797207 ], [ 6.995941907422085, 51.413754375714831 ], [ 6.995914392314003, 51.414383420553996 ], [ 6.995886876209632, 51.415012465314696 ], [ 6.996892849710528, 51.415029667399772 ], [ 6.99686534639963, 51.41565871246695 ], [ 6.995859359108927, 51.415641509996952 ], [ 6.994853372814605, 51.415624298897519 ], [ 6.993847387517167, 51.415607079168666 ], [ 6.992841403217106, 51.415589850810427 ], [ 6.992813843749383, 51.416218894258272 ], [ 6.991807846657086, 51.416201656884958 ], [ 6.991835419914926, 51.41557261382281 ], [ 6.990829437611122, 51.415555368205844 ], [ 6.989823456306193, 51.415538113959549 ], [ 6.988817476000637, 51.415520851083933 ], [ 6.988845089628666, 51.414891809101533 ], [ 6.987839124112408, 51.414874537983096 ], [ 6.987866750529543, 51.414245496308602 ], [ 6.986860799802489, 51.414228216947727 ], [ 6.986888439007729, 51.413599175581354 ], [ 6.985882503069784, 51.413581887978431 ], [ 6.984876568133062, 51.413564591746855 ], [ 6.984848901351199, 51.414193632339391 ], [ 6.98384295362796, 51.414176327091965 ], [ 6.983815272055591, 51.414805367218705 ], [ 6.983787589480907, 51.415434407266851 ], [ 6.984793564782119, 51.415451713288739 ], [ 6.984765894994805, 51.416080753645545 ], [ 6.985771885087663, 51.416098051425266 ], [ 6.985744228088715, 51.416727092090589 ], [ 6.986750232973317, 51.416744381627758 ] ] ], [ [ [ 6.980076244662028, 51.431108384008184 ], [ 6.980103993714994, 51.430479347088301 ], [ 6.979097691339618, 51.430461997234424 ], [ 6.979069928485142, 51.43109103376603 ], [ 6.97904216462511, 51.431720070218994 ], [ 6.980048494604005, 51.431737420849423 ], [ 6.980076244662028, 51.431108384008184 ] ] ], [ [ [ 6.983990733998274, 51.433693851735342 ], [ 6.983963035136034, 51.434322889813487 ], [ 6.984969425349456, 51.434340198822348 ], [ 6.98597581656568, 51.434357499196203 ], [ 6.986003487819383, 51.433728460343517 ], [ 6.987009866233572, 51.433745751695362 ], [ 6.987037522681177, 51.433116712377171 ], [ 6.988043888293235, 51.433133994707362 ], [ 6.989050254906501, 51.43315126840286 ], [ 6.98907788274557, 51.432522228232799 ], [ 6.990084236556062, 51.43253949290721 ], [ 6.991090591366719, 51.432556748947086 ], [ 6.991118190599103, 51.431927707925958 ], [ 6.99011184959148, 51.431910452272263 ], [ 6.990139461626781, 51.431281411558807 ], [ 6.989133135421762, 51.431264147657117 ], [ 6.988126810217313, 51.431246875121282 ], [ 6.98712048601393, 51.431229593951329 ], [ 6.987092832571308, 51.431858633505158 ], [ 6.987065178127073, 51.432487672980429 ], [ 6.986058827320068, 51.432470382402521 ], [ 6.985052477515224, 51.43245308319014 ], [ 6.98502479446269, 51.433082121812781 ], [ 6.984018431857259, 51.433064813578625 ], [ 6.983990733998274, 51.433693851735342 ] ] ], [ [ [ 6.98290121758159, 51.435563647315028 ], [ 6.982928932255676, 51.434934609781621 ], [ 6.983935335270492, 51.434951927813053 ], [ 6.983963035136034, 51.434322889813487 ], [ 6.982956645925914, 51.43430557216962 ], [ 6.981950257719597, 51.434288245890777 ], [ 6.980943870517581, 51.43427091097697 ], [ 6.980916129238095, 51.434899947813264 ], [ 6.979909729236326, 51.434882603876389 ], [ 6.979881973146942, 51.435511640245913 ], [ 6.979854216052164, 51.436140676536816 ], [ 6.980860643664535, 51.436158021250023 ], [ 6.981867072281847, 51.436175357327706 ], [ 6.981894801765477, 51.435546320260663 ], [ 6.98290121758159, 51.435563647315028 ] ] ], [ [ [ 6.998277055212748, 51.360285277647904 ], [ 6.999281830905508, 51.360302446284997 ], [ 7.000286607589979, 51.36031960630956 ], [ 7.000259204485912, 51.360948658584661 ], [ 7.001263995908231, 51.360965810380328 ], [ 7.002268788321317, 51.360982953563251 ], [ 7.002296163932071, 51.360353900521091 ], [ 7.003300943588698, 51.360371034708024 ], [ 7.003328304462999, 51.35974198120423 ], [ 7.003355664347621, 51.359112927622057 ], [ 7.00235091218296, 51.359095794201572 ], [ 7.002378284823191, 51.358466740924221 ], [ 7.00240565647334, 51.357837687568455 ], [ 7.002433027133456, 51.357208634134309 ], [ 7.001428317193008, 51.357191493251818 ], [ 7.000423608243041, 51.357174343757734 ], [ 7.00045100540053, 51.356545291012118 ], [ 6.99944631118515, 51.356528133290233 ], [ 6.998441617961198, 51.356510966956989 ], [ 6.99841419331654, 51.357140018934913 ], [ 6.997409487340998, 51.357122843606192 ], [ 6.997382047960362, 51.357751895121524 ], [ 6.997354607587209, 51.358380946558405 ], [ 6.997327166221496, 51.35900999791685 ], [ 6.997299723863173, 51.359639049196822 ], [ 6.998304484817731, 51.359656226062199 ], [ 6.998277055212748, 51.360285277647904 ] ] ], [ [ [ 6.995030908761187, 51.388558120097244 ], [ 6.995003405927993, 51.389187167304954 ], [ 6.996008812486312, 51.389204370859943 ], [ 6.996036301550704, 51.388575323267361 ], [ 6.996063789620261, 51.387946275596313 ], [ 6.995058410599047, 51.387929072811055 ], [ 6.995085911441622, 51.387300025446393 ], [ 6.995113411288957, 51.386670978003252 ], [ 6.994108060798053, 51.386653767367129 ], [ 6.993102711302838, 51.386636548110495 ], [ 6.99209736280381, 51.386619320233379 ], [ 6.992069821654832, 51.387248366520843 ], [ 6.992042279509121, 51.387877412729814 ], [ 6.993047655542981, 51.387894641377784 ], [ 6.993020126168655, 51.388523687893681 ], [ 6.994025516967005, 51.388540908305998 ], [ 6.995030908761187, 51.388558120097244 ] ] ], [ [ [ 6.998832876007025, 51.393659268823114 ], [ 6.99886033071947, 51.393030220626088 ], [ 6.998887784438239, 51.392401172350638 ], [ 6.997882306044574, 51.392383992738075 ], [ 6.996876828645038, 51.392366804503176 ], [ 6.996904308912993, 51.391737756918168 ], [ 6.995898846279418, 51.391720560445691 ], [ 6.995871352240127, 51.392349607645976 ], [ 6.995843857205713, 51.392978654767802 ], [ 6.995816361176131, 51.39360770181117 ], [ 6.995788864151331, 51.394236748776088 ], [ 6.995761366131266, 51.394865795662533 ], [ 6.9967668976265, 51.394882994058733 ], [ 6.996794381873238, 51.394253946787508 ], [ 6.997799900589913, 51.394271136176066 ], [ 6.998805420300855, 51.394288316941719 ], [ 6.998832876007025, 51.393659268823114 ] ] ], [ [ [ 6.987468631223824, 51.400389288742389 ], [ 6.987441013023783, 51.401018331758294 ], [ 6.98741339382397, 51.401647374695649 ], [ 6.987385773624339, 51.402276417554475 ], [ 6.988391462457315, 51.402293689571074 ], [ 6.989397152289659, 51.402310952962459 ], [ 6.989424744931404, 51.401681909330968 ], [ 6.989452336574328, 51.401052865620933 ], [ 6.988446674299419, 51.401035603002036 ], [ 6.988474278721537, 51.400406559599716 ], [ 6.987468631223824, 51.400389288742389 ] ] ], [ [ [ 7.004278376117798, 51.361017214090808 ], [ 7.00430572423505, 51.360388160282355 ], [ 7.003300943588698, 51.360371034708024 ], [ 7.003273581724671, 51.361000088133416 ], [ 7.004278376117798, 51.361017214090808 ] ] ], [ [ [ 7.002186655547249, 51.362870112219341 ], [ 7.002214034128952, 51.362241059412376 ], [ 7.002241411720293, 51.361612006527018 ], [ 7.001236605560031, 51.361594862960644 ], [ 7.001209214221018, 51.36222391546255 ], [ 7.000204395303944, 51.362206762899604 ], [ 7.00017698922595, 51.362835814939459 ], [ 7.00014958215655, 51.36346486690087 ], [ 7.0001221740957, 51.364093918783887 ], [ 7.001127034258628, 51.364111072497835 ], [ 7.00213189541256, 51.364128217598065 ], [ 7.002159275975133, 51.36349916494791 ], [ 7.002186655547249, 51.362870112219341 ] ] ], [ [ [ 7.003512227015959, 51.378630688905133 ], [ 7.0035396028508, 51.378001637291341 ], [ 7.002534437107061, 51.377984500987722 ], [ 7.002507047511538, 51.378613552218177 ], [ 7.003512227015959, 51.378630688905133 ] ] ], [ [ [ 6.999865823878741, 51.393047392000476 ], [ 7.000871318031189, 51.3930645547523 ], [ 7.000843890863739, 51.39369360371748 ], [ 7.00081646270356, 51.394322652604238 ], [ 7.000789033550604, 51.394951701412602 ], [ 7.001794570014935, 51.394968856693239 ], [ 7.002800107471591, 51.394986003350695 ], [ 7.003805645920076, 51.395003141384962 ], [ 7.003778257096624, 51.395632191265776 ], [ 7.003750867281793, 51.396261241068231 ], [ 7.004756434270515, 51.396278371245756 ], [ 7.004729057239457, 51.396907421353077 ], [ 7.005734638994353, 51.396924543290062 ], [ 7.005707274748064, 51.397553593702085 ], [ 7.006712871269229, 51.397570707398117 ], [ 7.006740221739727, 51.396941656603225 ], [ 7.006767571220244, 51.396312605729968 ], [ 7.005762002250164, 51.39629549279968 ], [ 7.005789364515546, 51.395666442230926 ], [ 7.005816725790543, 51.395037391583848 ], [ 7.004811185359893, 51.395020270796017 ], [ 7.004838559418309, 51.394391220453592 ], [ 7.003833033752198, 51.394374091425767 ], [ 7.003860420593035, 51.393745041388208 ], [ 7.002854909691369, 51.393727904120759 ], [ 7.002882309313636, 51.393098854388207 ], [ 7.00187681317632, 51.39308170888156 ], [ 7.001904225579016, 51.3924526594542 ], [ 7.000898744205957, 51.392435505708733 ], [ 7.00092616938809, 51.391806456586743 ], [ 7.000953593577637, 51.391177407386337 ], [ 6.999948140739767, 51.391160245786381 ], [ 6.998942688894934, 51.391143075564436 ], [ 6.997937238043636, 51.391125896720538 ], [ 6.99693178818637, 51.391108709254702 ], [ 6.996904308912993, 51.391737756918168 ], [ 6.997909772541146, 51.391754944768529 ], [ 6.998915237163377, 51.391772123996745 ], [ 6.998887784438239, 51.392401172350638 ], [ 6.999893263825532, 51.392418343340871 ], [ 6.999865823878741, 51.393047392000476 ] ] ], [ [ [ 7.005488325114881, 51.40258599417745 ], [ 7.005460951952165, 51.403215043884252 ], [ 7.005433577798498, 51.403844093512703 ], [ 7.006439312104956, 51.403861211038148 ], [ 7.007445047401914, 51.403878319937618 ], [ 7.007417699819833, 51.404507370253512 ], [ 7.007390351247701, 51.405136420491075 ], [ 7.007363001685473, 51.405765470650294 ], [ 7.008368779318014, 51.405782572071651 ], [ 7.008341442548498, 51.406411622535174 ], [ 7.00831410478929, 51.407040672920374 ], [ 7.008286766040341, 51.407669723227229 ], [ 7.009292586012732, 51.407686817169392 ], [ 7.010298406974413, 51.40770390248435 ], [ 7.010325718155515, 51.407074851412737 ], [ 7.010353028347873, 51.406445800262809 ], [ 7.009347234953587, 51.406428715712387 ], [ 7.009374557940199, 51.405799664866407 ], [ 7.009401879937664, 51.405170613942119 ], [ 7.010407645766545, 51.405187697728032 ], [ 7.010434952992954, 51.404558646343176 ], [ 7.010462259230807, 51.403929594880026 ], [ 7.010489564480152, 51.40330054333856 ], [ 7.009483839995641, 51.403283460699342 ], [ 7.009511158036987, 51.402654409461782 ], [ 7.008505448321849, 51.40263731857911 ], [ 7.00749973959612, 51.402620219070826 ], [ 7.007527084208337, 51.401991168519906 ], [ 7.006521390252336, 51.401974060768794 ], [ 7.006548747654017, 51.401345010522306 ], [ 7.006576104065387, 51.400715960197481 ], [ 7.005570438657799, 51.400698844586863 ], [ 7.004564774240973, 51.400681720351265 ], [ 7.003559110815405, 51.400664587490709 ], [ 7.002553448381595, 51.400647446005195 ], [ 7.002526036855397, 51.401276494797074 ], [ 7.002498624336895, 51.401905543510594 ], [ 7.003504314328476, 51.401922685763161 ], [ 7.003476914597257, 51.402551734781824 ], [ 7.004482619360369, 51.402568868792407 ], [ 7.005488325114881, 51.40258599417745 ] ] ], [ [ [ 6.992700890317995, 51.510643617266552 ], [ 6.992728544547975, 51.510014584046665 ], [ 6.99172048312834, 51.509997323719013 ], [ 6.991692815033025, 51.510626356552393 ], [ 6.992700890317995, 51.510643617266552 ] ] ], [ [ [ 7.01383383376674, 51.395803101152154 ], [ 7.01386108484603, 51.395174047447625 ], [ 7.013888334938965, 51.394544993664844 ], [ 7.012882800373693, 51.394527942245091 ], [ 7.012910063253954, 51.393898888765513 ], [ 7.013915584045593, 51.393915939803776 ], [ 7.013942832165959, 51.393286885864441 ], [ 7.013970079300115, 51.39265783184684 ], [ 7.01296458605425, 51.392640781571501 ], [ 7.012937325147456, 51.393269835207647 ], [ 7.011931819115665, 51.393252775928033 ], [ 7.011904543449075, 51.393881829104238 ], [ 7.011877266795227, 51.394510882202141 ], [ 7.011849989154078, 51.395139935221763 ], [ 7.011822710525577, 51.395768988163077 ], [ 7.011795430909681, 51.396398041026096 ], [ 7.01280100581189, 51.396415102214149 ], [ 7.012828271652709, 51.395786048969406 ], [ 7.01383383376674, 51.395803101152154 ] ] ], [ [ [ 7.015436489730029, 51.405272987260652 ], [ 7.01540925042799, 51.405902040475539 ], [ 7.01538201013979, 51.406531093612188 ], [ 7.016387809458786, 51.406548126401383 ], [ 7.017393609763489, 51.40656515056363 ], [ 7.017420822485175, 51.405936096664981 ], [ 7.017448034221696, 51.405307042688101 ], [ 7.016442261483055, 51.405290019287648 ], [ 7.015436489730029, 51.405272987260652 ] ] ], [ [ [ 7.01467341635035, 51.422886447696804 ], [ 7.013667259479806, 51.422869396363367 ], [ 7.013639978750851, 51.423498447005485 ], [ 7.013612697033917, 51.424127497569337 ], [ 7.012606513557611, 51.424110436840436 ], [ 7.012579217055059, 51.424739486944219 ], [ 7.012551919563935, 51.425368536969742 ], [ 7.013558130635927, 51.425385598462235 ], [ 7.014564342696038, 51.425402651322038 ], [ 7.01557055574377, 51.425419695549145 ], [ 7.015543298659943, 51.426048746641221 ], [ 7.016549526493529, 51.426065782616831 ], [ 7.016522282221767, 51.426694834011904 ], [ 7.017528524841303, 51.426711861735626 ], [ 7.018534768447057, 51.426728880826197 ], [ 7.018507550788179, 51.427357932904961 ], [ 7.019513809179526, 51.427374943743047 ], [ 7.019486604335253, 51.428003996124282 ], [ 7.019459398505664, 51.428633048427308 ], [ 7.019432191690714, 51.429262100652124 ], [ 7.019404983890356, 51.429891152798717 ], [ 7.019377775104542, 51.430520204867115 ], [ 7.020384103488235, 51.430537208974378 ], [ 7.021390432856932, 51.430554204447262 ], [ 7.021363250691487, 51.431183257198335 ], [ 7.022369594847697, 51.431200244417006 ], [ 7.022342425501206, 51.431829297470081 ], [ 7.023348784445021, 51.431846276434122 ], [ 7.024355144372438, 51.431863246763349 ], [ 7.025361505282958, 51.431880208457756 ], [ 7.025388633218649, 51.431251154265333 ], [ 7.026394981308077, 51.431268106945488 ], [ 7.027401330379562, 51.431285050990965 ], [ 7.02742842972626, 51.430655995961835 ], [ 7.028434765976014, 51.430672930993609 ], [ 7.02846185053841, 51.430043875507359 ], [ 7.02946817396634, 51.430060801525826 ], [ 7.030474498374736, 51.430077718909928 ], [ 7.0314808237631, 51.430094627659656 ], [ 7.032487150130929, 51.430111527775011 ], [ 7.033493477477728, 51.430128419255951 ], [ 7.034499805802997, 51.43014530210246 ], [ 7.035506135106237, 51.430162176314518 ], [ 7.03651246538695, 51.43017904189211 ], [ 7.036539438548369, 51.429549983302856 ], [ 7.036566410732864, 51.428920924635577 ], [ 7.037572714385623, 51.428937780824199 ], [ 7.037599671791526, 51.428308721701661 ], [ 7.037626628221093, 51.427679662501092 ], [ 7.037653583674373, 51.427050603222511 ], [ 7.037680538151412, 51.426421543865906 ], [ 7.036674289702514, 51.426404689186107 ], [ 7.036647321425257, 51.42703374816552 ], [ 7.035641060152881, 51.427016884474995 ], [ 7.034634799857743, 51.427000012150984 ], [ 7.033628540540342, 51.426983131193481 ], [ 7.032622282201177, 51.426966241602507 ], [ 7.031616024840748, 51.426949343378091 ], [ 7.030609768459552, 51.426932436520254 ], [ 7.029603513058089, 51.426915521029017 ], [ 7.029576447200391, 51.427544577284586 ], [ 7.028570178978819, 51.427527652781222 ], [ 7.02854309834, 51.42815670857992 ], [ 7.028516016720357, 51.428785764300528 ], [ 7.027509721877475, 51.42876883040568 ], [ 7.026503428015964, 51.428751887876921 ], [ 7.025497135136321, 51.42873493671425 ], [ 7.024490843239048, 51.428717976917689 ], [ 7.023484552324641, 51.428701008487266 ], [ 7.023511702950278, 51.428071954663402 ], [ 7.023538852592597, 51.427442900761342 ], [ 7.022532590263173, 51.427425924456912 ], [ 7.02255975272228, 51.426796870856606 ], [ 7.021553505176641, 51.426779886298824 ], [ 7.020547258615224, 51.426762893107828 ], [ 7.020574447689589, 51.426133840189706 ], [ 7.019568215912315, 51.426116838745962 ], [ 7.019595417800926, 51.425487786130113 ], [ 7.01962261870441, 51.424858733436039 ], [ 7.01861641550956, 51.424841724120604 ], [ 7.017610213300288, 51.424824706172565 ], [ 7.017637440814399, 51.42419565416175 ], [ 7.017664667342481, 51.423566602072711 ], [ 7.01769189288458, 51.422937549905448 ], [ 7.017719117440741, 51.422308497659948 ], [ 7.018725264461688, 51.42232551408474 ], [ 7.019731412468024, 51.422342521877717 ], [ 7.019758608446581, 51.421713468792618 ], [ 7.019785803440294, 51.421084415629316 ], [ 7.020791924840162, 51.421101414029678 ], [ 7.021798047224329, 51.421118403798552 ], [ 7.021825213643335, 51.420489349796469 ], [ 7.022831323216276, 51.420506330553863 ], [ 7.022858474857002, 51.419877276093629 ], [ 7.022885625514522, 51.419248221555208 ], [ 7.023891708482068, 51.419265192921721 ], [ 7.023918844362849, 51.418636137925361 ], [ 7.023945979261017, 51.418007082850835 ], [ 7.023973113176617, 51.417378027698156 ], [ 7.024000246109696, 51.416748972467289 ], [ 7.025006274888401, 51.416765933684616 ], [ 7.025033393047377, 51.416136877996067 ], [ 7.02603940901638, 51.416153830203839 ], [ 7.02606651240225, 51.415524774057808 ], [ 7.026093614806735, 51.414895717833637 ], [ 7.026120716229885, 51.414266661531322 ], [ 7.026147816671745, 51.413637605150853 ], [ 7.025141855864462, 51.413620654460338 ], [ 7.024135896038921, 51.41360369514058 ], [ 7.02416302307786, 51.412974639440741 ], [ 7.023157078023647, 51.412957671871439 ], [ 7.023129937195617, 51.413586727191614 ], [ 7.022123979335052, 51.413569750613433 ], [ 7.022096823734743, 51.414198805475543 ], [ 7.02206966715115, 51.414827860259464 ], [ 7.022042509584229, 51.415456914965198 ], [ 7.02201535103393, 51.416085969592757 ], [ 7.021988191500207, 51.416715024142128 ], [ 7.020982165670421, 51.416698037034315 ], [ 7.020954991361238, 51.417327091125401 ], [ 7.019948952723481, 51.41731009500716 ], [ 7.018942915070237, 51.41729309025861 ], [ 7.017936878402009, 51.417276076879794 ], [ 7.017909661731636, 51.417905129751105 ], [ 7.017882444075705, 51.418534182544192 ], [ 7.017855225434168, 51.419163235259056 ], [ 7.016849148373062, 51.419146212107229 ], [ 7.016821914952079, 51.419775264362933 ], [ 7.017828005806977, 51.419792287895696 ], [ 7.017800785194086, 51.420421340454091 ], [ 7.017773563595449, 51.421050392934276 ], [ 7.016767445151467, 51.42103336863962 ], [ 7.015761327693779, 51.421016335713581 ], [ 7.015734077518817, 51.421645387353408 ], [ 7.015706826357015, 51.422274438914975 ], [ 7.014700682295231, 51.422257396594844 ], [ 7.01467341635035, 51.422886447696804 ] ] ], [ [ [ 7.010402860105285, 51.42847963321892 ], [ 7.011409138197014, 51.428496713887796 ], [ 7.011436454432242, 51.427867664635734 ], [ 7.010430190141005, 51.427850584349088 ], [ 7.010402860105285, 51.42847963321892 ] ] ], [ [ [ 7.008932954095272, 51.531693992811533 ], [ 7.008960405453148, 51.531064955634257 ], [ 7.007951869201719, 51.531047829850763 ], [ 7.007924403961113, 51.531676866644474 ], [ 7.008932954095272, 51.531693992811533 ] ] ], [ [ [ 7.00587981267966, 51.532271624262002 ], [ 7.005852317678389, 51.532900660131325 ], [ 7.006860893585531, 51.532917804396995 ], [ 7.007869470489917, 51.532934939996956 ], [ 7.007896937723862, 51.532305903359877 ], [ 7.007924403961113, 51.531676866644474 ], [ 7.006915854823599, 51.53165973181207 ], [ 7.006888374703163, 51.532288768143687 ], [ 7.00587981267966, 51.532271624262002 ] ] ], [ [ [ 7.023889509077024, 51.395973148678102 ], [ 7.023916622407442, 51.395344091169164 ], [ 7.023943734756482, 51.394715033582038 ], [ 7.023970846124191, 51.394085975916738 ], [ 7.024976377737326, 51.394102932100637 ], [ 7.025003474350099, 51.393473873977818 ], [ 7.02600899317032, 51.393490821159304 ], [ 7.027014512970783, 51.393507759717721 ], [ 7.028020033750992, 51.393524689653056 ], [ 7.027992978459455, 51.394153748912771 ], [ 7.028998513992748, 51.394170670603586 ], [ 7.029025555510446, 51.393541610965272 ], [ 7.030031078248649, 51.393558523654363 ], [ 7.030004050504838, 51.394187583671055 ], [ 7.02997702178273, 51.394816643609637 ], [ 7.029949992082276, 51.395445703470116 ], [ 7.029922961403431, 51.396074763252493 ], [ 7.029895929746147, 51.396703822956752 ], [ 7.028890338133536, 51.396686908375614 ], [ 7.027884747499908, 51.396669985170377 ], [ 7.027857687311437, 51.397299044039443 ], [ 7.028863291721392, 51.397315967623321 ], [ 7.029868897110378, 51.397332882582901 ], [ 7.029841863496077, 51.397961942130948 ], [ 7.030847483640514, 51.397978848844481 ], [ 7.030820462825051, 51.398607908692689 ], [ 7.031826097725031, 51.398624807159784 ], [ 7.031799089709404, 51.399253867307991 ], [ 7.031772080716099, 51.399882927378108 ], [ 7.031745070745073, 51.40051198737013 ], [ 7.031718059796276, 51.401141047284064 ], [ 7.031691047869663, 51.401770107119916 ], [ 7.032696752642292, 51.401786998851861 ], [ 7.032723750788906, 51.401157938638072 ], [ 7.033729442758853, 51.40117482136656 ], [ 7.033756426148599, 51.400545760696971 ], [ 7.033783408561571, 51.399916699949316 ], [ 7.033810389997817, 51.399287639123578 ], [ 7.033837370457382, 51.398658578219781 ], [ 7.033864349940314, 51.398029517237916 ], [ 7.03285872686313, 51.398012636398001 ], [ 7.032885719146533, 51.397383575715743 ], [ 7.032912710452898, 51.396754514955433 ], [ 7.033918305976461, 51.396771395039998 ], [ 7.034923902476518, 51.396788266500394 ], [ 7.034950865253719, 51.396159204906866 ], [ 7.035956448953616, 51.396176067365765 ], [ 7.035983396979206, 51.395547005316914 ], [ 7.036010344029393, 51.394917943190016 ], [ 7.037015901153828, 51.394934796270753 ], [ 7.038021459253125, 51.394951640727818 ], [ 7.039027018326784, 51.394968476561189 ], [ 7.040032578374311, 51.394985303770845 ], [ 7.041038139395204, 51.395002122356779 ], [ 7.041065016596014, 51.394373058268513 ], [ 7.041091892824002, 51.393743994102252 ], [ 7.040086359352404, 51.393727176268868 ], [ 7.040059469350018, 51.394356240058855 ], [ 7.039053923077342, 51.39433941322568 ], [ 7.038048377778485, 51.394322577768968 ], [ 7.037042833453945, 51.394305733688768 ], [ 7.037069764779247, 51.393676671028736 ], [ 7.036064235203734, 51.393659818702105 ], [ 7.036091179327983, 51.393030756341084 ], [ 7.035085664501404, 51.393013895768398 ], [ 7.034080150650541, 51.392997026572658 ], [ 7.034107121345865, 51.392367964888209 ], [ 7.034134091065022, 51.391738903125692 ], [ 7.034161059808059, 51.391109841285115 ], [ 7.03418802757502, 51.390480779366463 ], [ 7.033182569789696, 51.390463903058027 ], [ 7.033209550351716, 51.389834841438876 ], [ 7.032204107313957, 51.389817956885942 ], [ 7.031198665253175, 51.389801063710991 ], [ 7.030193224169867, 51.389784161914001 ], [ 7.030166202294865, 51.390413222399317 ], [ 7.029160748418628, 51.390396311602025 ], [ 7.028155295520905, 51.39037939218256 ], [ 7.028128245125136, 51.391008451832917 ], [ 7.027122779435122, 51.390991523412588 ], [ 7.027095714288491, 51.39162058260608 ], [ 7.026090235806278, 51.391603645184496 ], [ 7.02606315590779, 51.392232703920918 ], [ 7.025057664633473, 51.392215757497723 ], [ 7.024052174339804, 51.392198802451858 ], [ 7.023046685027277, 51.392181838783351 ], [ 7.02301956283067, 51.392810896303615 ], [ 7.022992439652374, 51.393439953745713 ], [ 7.022965315492343, 51.394069011109629 ], [ 7.022938190350529, 51.394698068395357 ], [ 7.021932646926406, 51.394681094585287 ], [ 7.02190550702821, 51.395310151413099 ], [ 7.021878366147643, 51.395939208162709 ], [ 7.021851224284654, 51.396568264834123 ], [ 7.022856809033932, 51.396585239783498 ], [ 7.02386239476518, 51.396602206108909 ], [ 7.023889509077024, 51.395973148678102 ] ], [ [ 7.032042126659314, 51.393592323163077 ], [ 7.033047652330779, 51.393609209982671 ], [ 7.033020665908905, 51.394238271133375 ], [ 7.032015126463414, 51.394221383935971 ], [ 7.032042126659314, 51.393592323163077 ] ] ], [ [ [ 7.022368335497845, 51.407908253336196 ], [ 7.022395481267904, 51.407279197692255 ], [ 7.021389662258117, 51.407262216285041 ], [ 7.021362502703544, 51.407891271549005 ], [ 7.022368335497845, 51.407908253336196 ] ] ], [ [ [ 7.018638206742802, 51.517379784310265 ], [ 7.018665510359899, 51.516750741890924 ], [ 7.017657284335619, 51.516733702873772 ], [ 7.017629966846924, 51.517362744911516 ], [ 7.018638206742802, 51.517379784310265 ] ] ], [ [ [ 7.02915547231215, 51.367104130198207 ], [ 7.029128458108767, 51.367733192739117 ], [ 7.030133415569004, 51.367750098538359 ], [ 7.030106414141745, 51.368379161379309 ], [ 7.030079411737604, 51.369008224142149 ], [ 7.031084397682179, 51.369025122082078 ], [ 7.031111386332322, 51.368396058941265 ], [ 7.031138374006079, 51.367766995722349 ], [ 7.031165360703497, 51.367137932425322 ], [ 7.032170306363858, 51.367154820616314 ], [ 7.032197278332427, 51.366525756863425 ], [ 7.031192346424621, 51.3665088690502 ], [ 7.0312193311695, 51.365879805596975 ], [ 7.030214413989953, 51.365862909546834 ], [ 7.030187415493062, 51.366491972622107 ], [ 7.029182485538245, 51.366475067579159 ], [ 7.029209497787101, 51.365846004882009 ], [ 7.028204582561442, 51.365829091602556 ], [ 7.027199668313474, 51.365812169708484 ], [ 7.027172628560827, 51.366441231648793 ], [ 7.027145587829946, 51.367070293510992 ], [ 7.028150529582156, 51.367087216162105 ], [ 7.02915547231215, 51.367104130198207 ] ] ], [ [ [ 7.026766914857037, 51.375877151376649 ], [ 7.026739859447062, 51.376506212066701 ], [ 7.027745007544416, 51.376523140396898 ], [ 7.028750156620254, 51.376540060109214 ], [ 7.028723127751983, 51.377169121478296 ], [ 7.028696097905678, 51.377798182769261 ], [ 7.027690921308615, 51.377781262299955 ], [ 7.026685745690128, 51.377764333212369 ], [ 7.026658687343074, 51.378393393667984 ], [ 7.026631628016901, 51.379022454045469 ], [ 7.02763683115851, 51.379039383890479 ], [ 7.028642035278788, 51.379056305116833 ], [ 7.029647240377239, 51.37907321772451 ], [ 7.029620221358957, 51.379702279159453 ], [ 7.03062544119753, 51.379719183526575 ], [ 7.031630662013328, 51.379736079274792 ], [ 7.031657653506669, 51.379107017083747 ], [ 7.032662861536655, 51.379123903835257 ], [ 7.032689838291273, 51.378494841188349 ], [ 7.03168464402333, 51.378477954814592 ], [ 7.031711633563357, 51.377848892467348 ], [ 7.030706454033546, 51.377831997852986 ], [ 7.030733456357987, 51.37720293580557 ], [ 7.030760457705388, 51.376573873680073 ], [ 7.030787458075799, 51.375944811476458 ], [ 7.030814457469264, 51.375315749194755 ], [ 7.030841455885829, 51.374686686834949 ], [ 7.029836346132909, 51.374669785492749 ], [ 7.028831237357339, 51.374652875533194 ], [ 7.027826129559614, 51.374635956956311 ], [ 7.026821022740232, 51.374619029762123 ], [ 7.025815916899689, 51.374602093950642 ], [ 7.025788849688754, 51.37523115441811 ], [ 7.026793969288077, 51.375248090608459 ], [ 7.026766914857037, 51.375877151376649 ] ] ], [ [ [ 7.033317462835477, 51.387318594181515 ], [ 7.033290486179091, 51.387947656112971 ], [ 7.032285084451469, 51.387930772693224 ], [ 7.032258093049197, 51.388559834168881 ], [ 7.033263508546368, 51.388576717966345 ], [ 7.033236529937257, 51.389205779741651 ], [ 7.034241960180906, 51.389222655294986 ], [ 7.035247391400489, 51.389239522226433 ], [ 7.036252823595508, 51.389256380536004 ], [ 7.036279760894201, 51.388627317628661 ], [ 7.036306697218001, 51.387998254643279 ], [ 7.035301292562855, 51.387981397088019 ], [ 7.034295888883053, 51.387964530911241 ], [ 7.034322851770341, 51.387335468602274 ], [ 7.034349813681833, 51.386706406215247 ], [ 7.034376774617577, 51.386077343750159 ], [ 7.034403734577619, 51.385448281207005 ], [ 7.033398386947063, 51.38543140791873 ], [ 7.032393040292658, 51.385414526009768 ], [ 7.031387694614905, 51.385397635480111 ], [ 7.031360693352187, 51.386026696890234 ], [ 7.031333691112275, 51.386655758222254 ], [ 7.032339064325551, 51.386672649507659 ], [ 7.032312074876906, 51.387301711139479 ], [ 7.033317462835477, 51.387318594181515 ] ] ], [ [ [ 7.030063482701711, 51.416221552734477 ], [ 7.030036433501586, 51.416850610317795 ], [ 7.031042468164665, 51.416867519753616 ], [ 7.032048503806728, 51.416884420559114 ], [ 7.033054540427278, 51.416901312734268 ], [ 7.033081548251531, 51.416272254016398 ], [ 7.034087572058017, 51.416289137183398 ], [ 7.035093596841946, 51.416306011720202 ], [ 7.035120576105108, 51.415676952168894 ], [ 7.035147554391372, 51.415047892539512 ], [ 7.035174531700788, 51.414418832832098 ], [ 7.035201508033399, 51.413789773046609 ], [ 7.034195538412876, 51.41377290002012 ], [ 7.033189569769609, 51.413756018364197 ], [ 7.032183602104094, 51.413739128078888 ], [ 7.032210618828623, 51.413110069348598 ], [ 7.031204665930826, 51.413093170812047 ], [ 7.031231695466117, 51.412464112381798 ], [ 7.030225757335944, 51.412447205594404 ], [ 7.029219820184925, 51.412430290178058 ], [ 7.02821388401356, 51.412413366132782 ], [ 7.02818681311165, 51.413042423427498 ], [ 7.028159741229541, 51.413671480644105 ], [ 7.028132668367186, 51.414300537782587 ], [ 7.028105594524539, 51.414929594842953 ], [ 7.029111585854199, 51.414946520403085 ], [ 7.029084524822031, 51.415575577764066 ], [ 7.030090530922401, 51.415592495073049 ], [ 7.030063482701711, 51.416221552734477 ] ] ], [ [ [ 7.025659858542724, 51.424960608043214 ], [ 7.026666068622656, 51.424977556929967 ], [ 7.026638964309117, 51.425606612283126 ], [ 7.027645189169387, 51.425623552916257 ], [ 7.027618097673464, 51.426252608570387 ], [ 7.027591005196359, 51.426881664146393 ], [ 7.028597258636859, 51.426898596904394 ], [ 7.028624337314168, 51.426269540949455 ], [ 7.028651415010795, 51.4256404849164 ], [ 7.028678491726785, 51.42501142880522 ], [ 7.027672279684175, 51.424994497183974 ], [ 7.027699369217874, 51.424365441373602 ], [ 7.027726457770531, 51.423736385485086 ], [ 7.027753545342191, 51.423107329518452 ], [ 7.026747375673933, 51.423090390401669 ], [ 7.026774476061402, 51.422461334735978 ], [ 7.0257683211713, 51.422444387366269 ], [ 7.02579543437358, 51.421815332001678 ], [ 7.024789294261541, 51.421798376379471 ], [ 7.023783155131852, 51.421781412125512 ], [ 7.022777016985015, 51.42176443923983 ], [ 7.022749862394384, 51.422393493465528 ], [ 7.022722706820359, 51.423022547613073 ], [ 7.022695550262892, 51.423651601682444 ], [ 7.022668392721935, 51.424280655673627 ], [ 7.023674586056046, 51.424297630078662 ], [ 7.024680780373195, 51.424314595851186 ], [ 7.024653649444879, 51.424943650523723 ], [ 7.025659858542724, 51.424960608043214 ] ] ], [ [ [ 7.02065468950563, 51.517413837124458 ], [ 7.019646447629205, 51.517396815047917 ], [ 7.018638206742802, 51.517379784310265 ], [ 7.01861090213518, 51.518008826651403 ], [ 7.018583596536986, 51.518637868914354 ], [ 7.019591865168188, 51.518654900414816 ], [ 7.01961915689373, 51.518025857770454 ], [ 7.020627412642352, 51.518042880228222 ], [ 7.020600134789507, 51.518671923253805 ], [ 7.02160840540044, 51.518688937431271 ], [ 7.021581140431229, 51.519317980759695 ], [ 7.02258942590457, 51.519334986656482 ], [ 7.022616677000485, 51.518705942947214 ], [ 7.023624949589141, 51.518722939801599 ], [ 7.023652185823607, 51.518093895633527 ], [ 7.024660445527483, 51.5181108834459 ], [ 7.024687666901503, 51.517481838819243 ], [ 7.024714887288013, 51.516852794114449 ], [ 7.025723120235083, 51.516869772504968 ], [ 7.026731354169113, 51.516886742234441 ], [ 7.026758545825258, 51.516257696691262 ], [ 7.026785736494991, 51.515628651069974 ], [ 7.026812926178359, 51.514999605370576 ], [ 7.026840114875412, 51.51437055959304 ], [ 7.025831936424268, 51.514353591383603 ], [ 7.024823758959897, 51.514336614513915 ], [ 7.024796542522954, 51.514965659531256 ], [ 7.024769325098692, 51.515594704470459 ], [ 7.02474210668706, 51.516223749331537 ], [ 7.023733888598834, 51.516206762660431 ], [ 7.023706655328406, 51.51683580706294 ], [ 7.023679421070013, 51.517464851387302 ], [ 7.022671176226535, 51.517447855294179 ], [ 7.021662932371574, 51.517430850539895 ], [ 7.02065468950563, 51.517413837124458 ] ] ], [ [ [ 7.045784249296267, 51.37808451213246 ], [ 7.045757452422106, 51.378713579750631 ], [ 7.045730654578268, 51.379342647290848 ], [ 7.045703855764709, 51.37997171475314 ], [ 7.046709091179223, 51.379988481215328 ], [ 7.047714327563009, 51.380005239058306 ], [ 7.047741098850143, 51.379376170846072 ], [ 7.047767869168548, 51.378747102555913 ], [ 7.04877307899504, 51.378763851030286 ], [ 7.048799834582478, 51.378134782287532 ], [ 7.048826589201779, 51.377505713466867 ], [ 7.048853342852987, 51.376876644568277 ], [ 7.047848174311868, 51.376859897217884 ], [ 7.04684300673929, 51.376843141249196 ], [ 7.046869786944001, 51.376214073022155 ], [ 7.046896566179718, 51.375585004717188 ], [ 7.046923344446488, 51.374955936334274 ], [ 7.047928470738306, 51.374972691178499 ], [ 7.047901706231292, 51.375601759936224 ], [ 7.048906847251316, 51.37561850653735 ], [ 7.048933597998527, 51.37498943740502 ], [ 7.048960347777832, 51.374360368194765 ], [ 7.048987096589276, 51.373731298906591 ], [ 7.04798199684717, 51.373714553429274 ], [ 7.048008758449112, 51.373085484437752 ], [ 7.048035519082789, 51.37245641536834 ], [ 7.04904059130877, 51.372473160096497 ], [ 7.050045664502472, 51.372489896207711 ], [ 7.051050738663402, 51.372506623701938 ], [ 7.052055813791059, 51.372523342579186 ], [ 7.053060889884947, 51.372540052839433 ], [ 7.054065966944569, 51.37255675448263 ], [ 7.054092644065428, 51.371927683090789 ], [ 7.055097708332695, 51.371944375743517 ], [ 7.056102773564655, 51.371961059779395 ], [ 7.057107839760813, 51.371977735198371 ], [ 7.057134474645051, 51.371348662609037 ], [ 7.057161108565634, 51.370719589941864 ], [ 7.058166148211519, 51.370736255998288 ], [ 7.059171188820516, 51.370752913438167 ], [ 7.059144582413455, 51.371381986850778 ], [ 7.059117975043734, 51.372011060185557 ], [ 7.060123044129504, 51.372027709753731 ], [ 7.0600964495549, 51.372656783383157 ], [ 7.060069854018041, 51.373285856934764 ], [ 7.060043257518879, 51.373914930408588 ], [ 7.061048368841959, 51.373931572476579 ], [ 7.061074951582257, 51.37330249863048 ], [ 7.06110153336075, 51.372673424706605 ], [ 7.062106618128358, 51.372690057412875 ], [ 7.062133185187177, 51.372060983039134 ], [ 7.062159751284778, 51.371431908587617 ], [ 7.062186316421209, 51.370802834058317 ], [ 7.063191360877685, 51.3708194570318 ], [ 7.063164809498223, 51.371448531932963 ], [ 7.063138257158086, 51.372077606756335 ], [ 7.064143330089713, 51.3720942218565 ], [ 7.064116790546866, 51.372723296973795 ], [ 7.064090250043749, 51.373352372013308 ], [ 7.064063708580319, 51.373981446975058 ], [ 7.065068823747821, 51.373998054572667 ], [ 7.066073939875186, 51.374014653552621 ], [ 7.067079056961918, 51.374031243914899 ], [ 7.067052555816898, 51.37466031991287 ], [ 7.06805768762218, 51.374676902028405 ], [ 7.069062820385879, 51.374693475526051 ], [ 7.069036345802347, 51.375322552187974 ], [ 7.070041493284237, 51.375339117438259 ], [ 7.070067954107499, 51.374710040405773 ], [ 7.070094413973336, 51.374080963295583 ], [ 7.071099534892561, 51.374097519187011 ], [ 7.072104656768667, 51.374114066460677 ], [ 7.073109779601156, 51.374130605116569 ], [ 7.073136197231513, 51.373501526818188 ], [ 7.073162613906029, 51.372872448442152 ], [ 7.073189029624749, 51.372243369988446 ], [ 7.073215444387719, 51.371614291457071 ], [ 7.073241858194984, 51.370985212848005 ], [ 7.072236804154592, 51.370968676041834 ], [ 7.071231751070354, 51.370952130618853 ], [ 7.070226698942768, 51.370935576579072 ], [ 7.069221647772332, 51.370919013922496 ], [ 7.068216597559543, 51.370902442649168 ], [ 7.067211548304897, 51.370885862759103 ], [ 7.066206500008892, 51.370869274252321 ], [ 7.066233009158039, 51.370240198159017 ], [ 7.065227975577779, 51.370223601406792 ], [ 7.064222942957107, 51.370206996038071 ], [ 7.06424947865934, 51.369577920609728 ], [ 7.064276013401534, 51.368948845103631 ], [ 7.064302547183734, 51.368319769519765 ], [ 7.064329080005987, 51.367690693858137 ], [ 7.064355611868338, 51.367061618118747 ], [ 7.063350648982886, 51.367045005991628 ], [ 7.062345687057784, 51.367028385249029 ], [ 7.062372245467306, 51.366399310175247 ], [ 7.061367298256499, 51.366382681189137 ], [ 7.061393869458164, 51.365753606409527 ], [ 7.06038893696156, 51.365736969180311 ], [ 7.060415520954378, 51.365107894695051 ], [ 7.059410603171885, 51.36509124922312 ], [ 7.059384005426708, 51.365720323336042 ], [ 7.058379074854102, 51.365703668876762 ], [ 7.057374145244242, 51.36568700580245 ], [ 7.056369216597624, 51.365670334113155 ], [ 7.05536428891474, 51.365653653808899 ], [ 7.054359362196093, 51.365636964889667 ], [ 7.054332694725076, 51.366266037060178 ], [ 7.05332775521858, 51.366249339152525 ], [ 7.053301073029709, 51.366878410871657 ], [ 7.053274389875517, 51.367507482512913 ], [ 7.053247705755959, 51.368136554076294 ], [ 7.052242725954153, 51.368119846432393 ], [ 7.052216027114664, 51.36874891754416 ], [ 7.052189327309219, 51.369377988578044 ], [ 7.051184320963874, 51.369361271570625 ], [ 7.050179315585027, 51.369344545947186 ], [ 7.049174311173174, 51.369327811707727 ], [ 7.048169307728813, 51.369311068852291 ], [ 7.048142551935769, 51.36994013831135 ], [ 7.04811579517469, 51.37056920769249 ], [ 7.048089037445531, 51.371198276995692 ], [ 7.047083993701814, 51.371181524400107 ], [ 7.047057221247755, 51.371810593250643 ], [ 7.046052164715933, 51.371793831663581 ], [ 7.046025377535979, 51.372422900061217 ], [ 7.045998589386811, 51.373051968380928 ], [ 7.045971800268385, 51.373681036622692 ], [ 7.045945010180653, 51.37431010478651 ], [ 7.04591821912357, 51.374939172872367 ], [ 7.045891427097091, 51.375568240880277 ], [ 7.045864634101166, 51.376197308810234 ], [ 7.045837840135752, 51.376826376662265 ], [ 7.045811045200801, 51.377455444436336 ], [ 7.045784249296267, 51.37808451213246 ] ], [ [ 7.060229412806278, 51.369511414458003 ], [ 7.06025600257029, 51.368882340439569 ], [ 7.060282591372323, 51.368253266343324 ], [ 7.061287578883515, 51.368269905061204 ], [ 7.061261003836372, 51.368898979529646 ], [ 7.061234427827745, 51.369528053920298 ], [ 7.061207850857589, 51.370157128233139 ], [ 7.060202822080239, 51.370140488398647 ], [ 7.059197794264961, 51.370123839947752 ], [ 7.059224398746836, 51.369494766379518 ], [ 7.060229412806278, 51.369511414458003 ] ] ], [ [ [ 7.034727178010326, 51.377899524600252 ], [ 7.034700229755075, 51.378528588080158 ], [ 7.034673280524681, 51.379157651481997 ], [ 7.035678491481728, 51.379174512377183 ], [ 7.036683703413466, 51.379191364653543 ], [ 7.037688916319401, 51.37920820831107 ], [ 7.038694130199034, 51.379225043349749 ], [ 7.038721024380422, 51.378595978440337 ], [ 7.038747917588654, 51.37796691345293 ], [ 7.038774809823777, 51.377337848387477 ], [ 7.038801701085839, 51.376708783244013 ], [ 7.038828591374884, 51.376079718022524 ], [ 7.038855480690961, 51.375450652723018 ], [ 7.0378503493778, 51.375433819943801 ], [ 7.037877251480293, 51.374804754942822 ], [ 7.036872134899845, 51.374787913922638 ], [ 7.035867019293268, 51.374771064284964 ], [ 7.034861904661058, 51.37475420602982 ], [ 7.033856791003712, 51.374737339157228 ], [ 7.033829833864327, 51.375366402650123 ], [ 7.033802875749534, 51.37599546606495 ], [ 7.034808016925683, 51.376012333692174 ], [ 7.034781071595583, 51.376641397406267 ], [ 7.03475412529048, 51.377270461042279 ], [ 7.034727178010326, 51.377899524600252 ] ] ], [ [ [ 7.044899440207841, 51.398843702374592 ], [ 7.045905088749327, 51.39886048009371 ], [ 7.045931902897947, 51.398231414594591 ], [ 7.045958716075951, 51.397602349017525 ], [ 7.044953095090196, 51.397585572049152 ], [ 7.043947475075503, 51.397568786456183 ], [ 7.043920634342309, 51.398197851282333 ], [ 7.042915001521656, 51.39818105668904 ], [ 7.042888146038832, 51.398810121061445 ], [ 7.042861289583855, 51.399439185355888 ], [ 7.043866949961051, 51.399455980700729 ], [ 7.044872611309949, 51.399472767420399 ], [ 7.044899440207841, 51.398843702374592 ] ] ], [ [ [ 7.040769313871571, 51.401292758949801 ], [ 7.041775013642138, 51.401309572673426 ], [ 7.042780714385542, 51.401326377771369 ], [ 7.042807573757258, 51.40069731371085 ], [ 7.042834432156679, 51.400068249572364 ], [ 7.042861289583855, 51.399439185355888 ], [ 7.041855630178859, 51.399422381385918 ], [ 7.04084997174656, 51.39940556879084 ], [ 7.039844314287457, 51.399388747570654 ], [ 7.039817415523506, 51.400017810658611 ], [ 7.039790515785814, 51.400646873668556 ], [ 7.039763615074337, 51.401275936600499 ], [ 7.040769313871571, 51.401292758949801 ] ] ], [ [ [ 7.034681193556304, 51.402449817329618 ], [ 7.035686915040173, 51.402466683561734 ], [ 7.03565995628205, 51.403095744752079 ], [ 7.036665692523016, 51.403112602735412 ], [ 7.03767142973945, 51.403129452092578 ], [ 7.037698360935162, 51.402500390148063 ], [ 7.038704085345288, 51.402517230502227 ], [ 7.038731001785301, 51.401888168102886 ], [ 7.038757917250937, 51.401259105625535 ], [ 7.038784831742242, 51.400630043070166 ], [ 7.038811745259263, 51.400000980436786 ], [ 7.037806075969257, 51.399984141589719 ], [ 7.037833002290826, 51.399355079255059 ], [ 7.036827347754296, 51.3993382321597 ], [ 7.035821694192952, 51.399321376439318 ], [ 7.035794740313952, 51.399950438019907 ], [ 7.03576778545922, 51.400579499522422 ], [ 7.035740829628711, 51.401208560946905 ], [ 7.03473513570562, 51.401191695469521 ], [ 7.033729442758853, 51.40117482136656 ], [ 7.033702458392287, 51.401803881958095 ], [ 7.033675473048853, 51.402432942471556 ], [ 7.034681193556304, 51.402449817329618 ] ] ], [ [ [ 7.045998948116474, 51.420265442543538 ], [ 7.045972113762782, 51.420894505690114 ], [ 7.045945278437306, 51.421523568758744 ], [ 7.045918442139999, 51.422152631749455 ], [ 7.046924602766198, 51.422169406100515 ], [ 7.047930764363777, 51.422186171819376 ], [ 7.048936926932237, 51.42220292890606 ], [ 7.049943090471077, 51.42221967736053 ], [ 7.050949254979798, 51.422236417182781 ], [ 7.051955420457904, 51.422253148372761 ], [ 7.052961586904896, 51.422269870930471 ], [ 7.052934846216692, 51.422898936466872 ], [ 7.053941027429536, 51.422915650766321 ], [ 7.054947209610315, 51.422932356433257 ], [ 7.054973922703537, 51.422303290149003 ], [ 7.05500063482937, 51.421674223786894 ], [ 7.055027345987861, 51.421045157346931 ], [ 7.055054056179057, 51.420416090829121 ], [ 7.054047929185344, 51.420399386657479 ], [ 7.053041803159379, 51.4203826738541 ], [ 7.052035678101661, 51.42036595241899 ], [ 7.05102955401269, 51.420349222352201 ], [ 7.051056318418436, 51.419720157252904 ], [ 7.051083081854983, 51.419091092075732 ], [ 7.051109844322378, 51.418462026820649 ], [ 7.050103762587159, 51.418445289245874 ], [ 7.049097681821542, 51.418428543040015 ], [ 7.049124470907462, 51.417799478456331 ], [ 7.048118404905694, 51.417782723994343 ], [ 7.047112339874484, 51.417765960901505 ], [ 7.046106275814326, 51.417749189177847 ], [ 7.045100212725721, 51.417732408823383 ], [ 7.045073368465097, 51.418361471906202 ], [ 7.045046523232374, 51.418990534911075 ], [ 7.045019677027508, 51.419619597838008 ], [ 7.046025781498429, 51.419636379319016 ], [ 7.045998948116474, 51.420265442543538 ] ] ], [ [ [ 7.040887653597132, 51.422068630512243 ], [ 7.039881498809677, 51.42205180436855 ], [ 7.039854578758606, 51.422680865024951 ], [ 7.040860747342925, 51.422697691545189 ], [ 7.041866916901662, 51.422714509433177 ], [ 7.041893809358958, 51.422085448023871 ], [ 7.040887653597132, 51.422068630512243 ] ] ], [ [ [ 7.042039365916638, 51.442232195364561 ], [ 7.041032767430774, 51.442215374442952 ], [ 7.041005843784978, 51.442844433356832 ], [ 7.040978919163771, 51.443473492192751 ], [ 7.040951993567108, 51.444102550950646 ], [ 7.040925066994943, 51.44473160963058 ], [ 7.040898139447228, 51.445360668232517 ], [ 7.04190480700274, 51.445377491036645 ], [ 7.042911475533348, 51.445394305201532 ], [ 7.043918145038552, 51.445411110727171 ], [ 7.043891257961667, 51.446040170380165 ], [ 7.043864369910636, 51.446669229955212 ], [ 7.044871068021576, 51.446686027593479 ], [ 7.044897942256537, 51.446056967642477 ], [ 7.045904627525052, 51.446073756265307 ], [ 7.046911313766709, 51.446090536248619 ], [ 7.047918000981013, 51.446107307592406 ], [ 7.047944832795346, 51.445478246436757 ], [ 7.04895150716604, 51.44549500876581 ], [ 7.049958182508332, 51.445511762455496 ], [ 7.049984985720011, 51.444882700471787 ], [ 7.050991648218055, 51.444899445147293 ], [ 7.051018436643834, 51.44427038271089 ], [ 7.052025086297538, 51.4442871183726 ], [ 7.052051859938414, 51.443658055483759 ], [ 7.053058496747683, 51.443674782132028 ], [ 7.053085255604658, 51.443045718790941 ], [ 7.053112013492219, 51.442416655371986 ], [ 7.054118623643473, 51.44243337263304 ], [ 7.054145366748675, 51.441804308762087 ], [ 7.054172108885056, 51.441175244813273 ], [ 7.054198850052661, 51.440546180786598 ], [ 7.054225590251535, 51.439917116682089 ], [ 7.055232146122515, 51.439933823808843 ], [ 7.055258871541668, 51.439304759252558 ], [ 7.055285595992683, 51.438675694618425 ], [ 7.056292125210182, 51.438692392359982 ], [ 7.05631883488302, 51.438063327274307 ], [ 7.055312319475608, 51.438046629906459 ], [ 7.055339041990486, 51.437417565116654 ], [ 7.056345543588315, 51.437434262110791 ], [ 7.057352046153641, 51.437450950467934 ], [ 7.05732535125798, 51.43808001600496 ], [ 7.057298655395271, 51.438709081464147 ], [ 7.05727195856547, 51.439338146845522 ], [ 7.05626541456975, 51.439321457367832 ], [ 7.05623870296168, 51.439950522297849 ], [ 7.057245260768529, 51.439967212149078 ], [ 7.057218562004403, 51.440596277374802 ], [ 7.057191862273045, 51.441225342522728 ], [ 7.05819844867093, 51.441242024482882 ], [ 7.058171761784969, 51.441871089926344 ], [ 7.059178362962353, 51.441887763621487 ], [ 7.059151688922787, 51.442516829360329 ], [ 7.060158304879763, 51.442533494790055 ], [ 7.060184965106061, 51.441904428678214 ], [ 7.061191568215595, 51.44192108509651 ], [ 7.061218213663256, 51.441292018534078 ], [ 7.060211624366535, 51.441275362488582 ], [ 7.06023828266123, 51.440646296221146 ], [ 7.060264939990192, 51.440017229875927 ], [ 7.059258379283284, 51.440000565938135 ], [ 7.059285049457827, 51.43937149988809 ], [ 7.060291596353466, 51.439388163452925 ], [ 7.061298144214746, 51.439404818380105 ], [ 7.061271501662785, 51.440033885175872 ], [ 7.062278064300567, 51.440050531837947 ], [ 7.063284627903037, 51.440067169862132 ], [ 7.063258012009654, 51.440696237325092 ], [ 7.063231395152037, 51.441325304710297 ], [ 7.062224803925258, 51.441308665941335 ], [ 7.062198172290454, 51.441937732876362 ], [ 7.062171539690826, 51.442566799733626 ], [ 7.063178158543917, 51.442583439247429 ], [ 7.064184778361381, 51.442600070122552 ], [ 7.064211383334153, 51.441971002520638 ], [ 7.065217990301994, 51.441987624385028 ], [ 7.065191399142717, 51.442616692358968 ], [ 7.066198020887427, 51.442633305956683 ], [ 7.066171442578819, 51.443262374224737 ], [ 7.066144863307291, 51.443891442415065 ], [ 7.066118283072797, 51.444520510527667 ], [ 7.06609170187529, 51.445149578562528 ], [ 7.066065119714726, 51.44577864651967 ], [ 7.06707181149775, 51.445795253337018 ], [ 7.068078504243377, 51.445811851514648 ], [ 7.068105058771721, 51.445182782814314 ], [ 7.069111738663275, 51.445199371980884 ], [ 7.070118419516388, 51.44521595250788 ], [ 7.071125101330558, 51.445232524395308 ], [ 7.071151613449668, 51.444603454503927 ], [ 7.071178124608265, 51.443974384534876 ], [ 7.071204634806392, 51.443345314488134 ], [ 7.070197994438035, 51.44332874371343 ], [ 7.070224517490013, 51.442699673959908 ], [ 7.069217891896804, 51.442683094917271 ], [ 7.069244427801633, 51.442054025457132 ], [ 7.06823781698348, 51.442037438146954 ], [ 7.06826436574016, 51.441408368980376 ], [ 7.067257769696972, 51.441391773403062 ], [ 7.067284331304506, 51.440762704530187 ], [ 7.066277750036189, 51.440746100686134 ], [ 7.065271169730609, 51.440729488203921 ], [ 7.064264590388264, 51.440712867083562 ], [ 7.064291192469693, 51.440083799248413 ], [ 7.064317793587435, 51.439454731335516 ], [ 7.063311242832229, 51.439438102321425 ], [ 7.06333785679728, 51.438809034702942 ], [ 7.063364469798236, 51.438179967006697 ], [ 7.062357947628487, 51.438163330099613 ], [ 7.0623845734753, 51.437534262697966 ], [ 7.061378066079963, 51.437517617526119 ], [ 7.061404704771636, 51.436888550419233 ], [ 7.060398212150619, 51.436871896983014 ], [ 7.060424863686152, 51.436242830171061 ], [ 7.059418385839361, 51.436226168470867 ], [ 7.059445050217757, 51.435597101954016 ], [ 7.058438587145102, 51.435580431990239 ], [ 7.058465264365359, 51.434951365768676 ], [ 7.058491940619301, 51.434322299469301 ], [ 7.057485506127869, 51.4343056216156 ], [ 7.057512195222222, 51.433676555611669 ], [ 7.057538883349852, 51.43304748952994 ], [ 7.057565570510804, 51.432418423370379 ], [ 7.057592256705127, 51.431789357132985 ], [ 7.057618941932864, 51.431160290817793 ], [ 7.057645626194063, 51.430531224424783 ], [ 7.057672309488769, 51.429902157953947 ], [ 7.056665972600072, 51.429885474078091 ], [ 7.055659636678321, 51.429868781567535 ], [ 7.054653301724014, 51.429852080422314 ], [ 7.054626577018524, 51.430481145772426 ], [ 7.054599851345047, 51.431110211044668 ], [ 7.054573124703532, 51.431739276239078 ], [ 7.054546397093934, 51.432368341355634 ], [ 7.05451966851621, 51.432997406394335 ], [ 7.053513265507346, 51.432980694744565 ], [ 7.052506863467157, 51.432963974459192 ], [ 7.051500462396138, 51.432947245538259 ], [ 7.051473691432386, 51.433576309376498 ], [ 7.050467277525182, 51.433559571445407 ], [ 7.050440491785353, 51.434188634831166 ], [ 7.049434065042055, 51.434171887889562 ], [ 7.049407264525152, 51.434800950822627 ], [ 7.05041370507526, 51.434817698139035 ], [ 7.051420146595678, 51.434834436819337 ], [ 7.051393372722631, 51.435463500423928 ], [ 7.052399829020263, 51.435480230842529 ], [ 7.053406286287252, 51.435496952624788 ], [ 7.053379539060198, 51.436126016900211 ], [ 7.053352790864237, 51.436755081097751 ], [ 7.054359276716575, 51.436771794991763 ], [ 7.054332541360657, 51.437400859485528 ], [ 7.05430580503624, 51.438029923901446 ], [ 7.053299291565416, 51.438013209259275 ], [ 7.053272540462463, 51.438642273223245 ], [ 7.052266014150739, 51.43862554956965 ], [ 7.052239248268249, 51.439254613081467 ], [ 7.051232709115715, 51.439237880416073 ], [ 7.050226170933318, 51.439221139113194 ], [ 7.050252964436559, 51.438592076350552 ], [ 7.051259488808604, 51.438608817278748 ], [ 7.051286267531403, 51.437979754063541 ], [ 7.050279756969211, 51.437963013510021 ], [ 7.05030654853132, 51.437333950591608 ], [ 7.049300052748976, 51.437317201775876 ], [ 7.048293557937629, 51.437300444323263 ], [ 7.048266738756952, 51.43792950649177 ], [ 7.048239918604733, 51.438558568582373 ], [ 7.048213097480929, 51.439187630595065 ], [ 7.047206562211935, 51.43917086337985 ], [ 7.047179726305783, 51.439799924939351 ], [ 7.047152889427452, 51.440428986420926 ], [ 7.04614632750876, 51.44041220981736 ], [ 7.045139766562794, 51.440395424576039 ], [ 7.04516663106341, 51.439766363845614 ], [ 7.044160084901741, 51.439749570342393 ], [ 7.043153539713751, 51.439732768201637 ], [ 7.043180430862287, 51.439103708145169 ], [ 7.042173900458955, 51.439086897743131 ], [ 7.042146995499938, 51.439715957423353 ], [ 7.042120089566245, 51.440345017025621 ], [ 7.042093182657828, 51.440974076549914 ], [ 7.0430997544941, 51.440990888080698 ], [ 7.043072860422892, 51.441619947903277 ], [ 7.042066274774641, 51.441603135996225 ], [ 7.042039365916638, 51.442232195364561 ] ] ], [ [ [ 7.039019573385637, 51.442181706684991 ], [ 7.039046523680793, 51.441552648446667 ], [ 7.038039941934809, 51.441535801987413 ], [ 7.037033361165638, 51.441518946890149 ], [ 7.037006383245946, 51.442148004374189 ], [ 7.035999789641892, 51.442131140261509 ], [ 7.035972796932142, 51.442760197290085 ], [ 7.036979404348893, 51.442777061780205 ], [ 7.037986012743051, 51.442793917631967 ], [ 7.03801297782736, 51.442164859848688 ], [ 7.039019573385637, 51.442181706684991 ] ] ], [ [ [ 7.037219438739341, 51.507620214985359 ], [ 7.036211402989799, 51.507603337537496 ], [ 7.036238455077124, 51.506974287412454 ], [ 7.03523043417318, 51.506957401684396 ], [ 7.034222414250922, 51.506940507298246 ], [ 7.03419533443491, 51.50756955666683 ], [ 7.035203368221486, 51.507586451431308 ], [ 7.03517630128806, 51.508215501100175 ], [ 7.035149233372853, 51.508844550691002 ], [ 7.036157295871406, 51.508861437553463 ], [ 7.037165359351284, 51.508878315757229 ], [ 7.037192399535702, 51.508249265410292 ], [ 7.037219438739341, 51.507620214985359 ] ] ], [ [ [ 7.050569642227583, 51.383829875250093 ], [ 7.050596378029116, 51.383200806381772 ], [ 7.050623112863136, 51.382571737435548 ], [ 7.050649846729691, 51.381942668411426 ], [ 7.050676579628824, 51.381313599309401 ], [ 7.050703311560583, 51.380684530129493 ], [ 7.049698058508098, 51.380667797770002 ], [ 7.048692806423438, 51.380651056791024 ], [ 7.047687555307101, 51.380634307192601 ], [ 7.047660782082374, 51.381263375248963 ], [ 7.047634007888782, 51.381892443227414 ], [ 7.047607232726278, 51.382521511127941 ], [ 7.047580456594813, 51.383150578950513 ], [ 7.047553679494347, 51.383779646695167 ], [ 7.047526901424828, 51.384408714361889 ], [ 7.048532235134282, 51.384425466208718 ], [ 7.048558999437038, 51.383796398167235 ], [ 7.049564320348281, 51.383813141018877 ], [ 7.050569642227583, 51.383829875250093 ] ] ], [ [ [ 7.054404147227393, 51.388300216337093 ], [ 7.055409570319561, 51.388316910079901 ], [ 7.055382895628642, 51.388945980194364 ], [ 7.056388333456817, 51.388962665688567 ], [ 7.057393772249937, 51.388979342560653 ], [ 7.058399212007501, 51.388996010810608 ], [ 7.058425845386441, 51.388366939576855 ], [ 7.059431272337202, 51.38838359883195 ], [ 7.059457890981985, 51.387754527147671 ], [ 7.058452477801478, 51.387737868265283 ], [ 7.05847910925266, 51.387108796875893 ], [ 7.058505739740031, 51.386479725408684 ], [ 7.058532369263637, 51.38585065386367 ], [ 7.058558997823527, 51.385221582240824 ], [ 7.057553640682735, 51.385204916228133 ], [ 7.056548284506113, 51.385188241594477 ], [ 7.055542929294159, 51.385171558339849 ], [ 7.055516259429751, 51.385800628843562 ], [ 7.05451089141488, 51.385783936594571 ], [ 7.054484206816685, 51.386413006646983 ], [ 7.053478825998989, 51.386396305403245 ], [ 7.052473446147546, 51.386379595538223 ], [ 7.052446733045585, 51.387008664765304 ], [ 7.05242001897683, 51.387637733914495 ], [ 7.053425426366737, 51.3876544445272 ], [ 7.053398725101118, 51.388283513972389 ], [ 7.054404147227393, 51.388300216337093 ] ] ], [ [ [ 7.053372022869109, 51.388912583339703 ], [ 7.053398725101118, 51.388283513972389 ], [ 7.052393303941233, 51.388266802985825 ], [ 7.052366587938748, 51.388895871979265 ], [ 7.053372022869109, 51.388912583339703 ] ] ], [ [ [ 7.048157433171695, 51.393232410607943 ], [ 7.048184211039054, 51.392603343657342 ], [ 7.047178698316419, 51.392586586937732 ], [ 7.047151906675333, 51.393215653513437 ], [ 7.047125114064499, 51.393844720011202 ], [ 7.048130654335088, 51.39386147748062 ], [ 7.048157433171695, 51.393232410607943 ] ] ], [ [ [ 7.054448672889609, 51.410963385154908 ], [ 7.054475381398391, 51.410334317765241 ], [ 7.054502088940166, 51.409705250297691 ], [ 7.055507981477855, 51.409721948116164 ], [ 7.055534674265621, 51.409092880197157 ], [ 7.056540553982685, 51.409109569013708 ], [ 7.056567232017439, 51.408480500643428 ], [ 7.057573098913783, 51.408497180458447 ], [ 7.057599762196524, 51.407868111637136 ], [ 7.057626424513933, 51.407239042737991 ], [ 7.05765308586606, 51.406609973761007 ], [ 7.057679746252949, 51.405980904706226 ], [ 7.057706405674646, 51.405351835573619 ], [ 7.057733064131199, 51.404722766363172 ], [ 7.056727279944226, 51.404706088787322 ], [ 7.05675395121883, 51.404077019872233 ], [ 7.056780621527883, 51.403447950879297 ], [ 7.056807290871431, 51.402818881808528 ], [ 7.056833959249519, 51.402189812659934 ], [ 7.056860626662194, 51.401560743433507 ], [ 7.056887293109503, 51.400931674129261 ], [ 7.05789299460504, 51.400948349466312 ], [ 7.057919646306864, 51.400319279711141 ], [ 7.057946297043912, 51.399690209878123 ], [ 7.058951971944351, 51.399706875843577 ], [ 7.058978607937456, 51.399077805559855 ], [ 7.059984270022868, 51.399094462527167 ], [ 7.060010891273024, 51.398465391792975 ], [ 7.060037511559536, 51.397836320980971 ], [ 7.061043147051519, 51.397852968578043 ], [ 7.061069752596624, 51.397223897315783 ], [ 7.062075375273849, 51.397240535915664 ], [ 7.062101966078542, 51.396611464203332 ], [ 7.062128555920724, 51.395982392413238 ], [ 7.063134152006191, 51.395999021644251 ], [ 7.0631607271095, 51.395369949404319 ], [ 7.063187301250889, 51.394740877086612 ], [ 7.064192870745908, 51.394757496949559 ], [ 7.065198441202301, 51.394774108188486 ], [ 7.065224986830851, 51.394145035049526 ], [ 7.06623054447257, 51.394161637292996 ], [ 7.066257075365233, 51.393532563704845 ], [ 7.066283605297608, 51.392903490038961 ], [ 7.065278075205499, 51.392886888538378 ], [ 7.065304617951689, 51.392257815166175 ], [ 7.064299102594335, 51.392241205413761 ], [ 7.063293588198173, 51.392224587038115 ], [ 7.0622880747637, 51.392207960039258 ], [ 7.061282562291414, 51.392191324417226 ], [ 7.061255964449447, 51.392820396301801 ], [ 7.061229365644747, 51.393449468108585 ], [ 7.060223826586991, 51.393432823118573 ], [ 7.06019721304469, 51.394061894475179 ], [ 7.05919166117543, 51.394045240489035 ], [ 7.059165032894532, 51.394674311395214 ], [ 7.059138403649768, 51.395303382223602 ], [ 7.059111773441094, 51.395932452974172 ], [ 7.058106181208467, 51.395915789245883 ], [ 7.058079536259112, 51.396544859545791 ], [ 7.058052890345257, 51.397173929767909 ], [ 7.057047271523231, 51.397157256669267 ], [ 7.056041653666249, 51.397140574946008 ], [ 7.056014979232546, 51.397769644343995 ], [ 7.055988303833256, 51.398398713664164 ], [ 7.054982659386154, 51.398382022569407 ], [ 7.054955969242653, 51.399011091438268 ], [ 7.054929278132971, 51.399640160229289 ], [ 7.054902586057065, 51.40026922894247 ], [ 7.05487589301489, 51.400898297577776 ], [ 7.054849199006398, 51.401527366135227 ], [ 7.053843486627795, 51.401510664547153 ], [ 7.053816777871918, 51.402139732653076 ], [ 7.053790068149135, 51.40276880068113 ], [ 7.053763357459397, 51.40339786863133 ], [ 7.053736645802661, 51.404026936503648 ], [ 7.054742413308336, 51.404043639586568 ], [ 7.054715714467567, 51.40467270775477 ], [ 7.055721496722849, 51.404689402584516 ], [ 7.055694810699042, 51.40531847104841 ], [ 7.055668123709096, 51.405947539434472 ], [ 7.055641435752961, 51.4065766077427 ], [ 7.055614746830592, 51.407205675973074 ], [ 7.055588056941944, 51.407834744125616 ], [ 7.054582205763894, 51.407818047428002 ], [ 7.054555501122871, 51.408447115129078 ], [ 7.053549637125643, 51.408430409429805 ], [ 7.052543774095785, 51.408413695102467 ], [ 7.051537912033793, 51.408396972147109 ], [ 7.051511165066537, 51.409026038648342 ], [ 7.051484417130869, 51.409655105071685 ], [ 7.051457668226742, 51.41028417141716 ], [ 7.051430918354112, 51.410913237684724 ], [ 7.051404167512931, 51.411542303874427 ], [ 7.052410098511944, 51.411559028700864 ], [ 7.053416030479057, 51.4115757448983 ], [ 7.053442753743389, 51.410946677960325 ], [ 7.054448672889609, 51.410963385154908 ] ] ], [ [ [ 7.053834110186793, 51.425431913629467 ], [ 7.053807378455927, 51.426060979150606 ], [ 7.053780645756895, 51.42669004459389 ], [ 7.054786910733236, 51.426706752504089 ], [ 7.054760190867001, 51.427335818243435 ], [ 7.054733470033008, 51.42796488390492 ], [ 7.054706748231208, 51.428593949488572 ], [ 7.055713055579917, 51.428610649886274 ], [ 7.055739763579665, 51.42798158392889 ], [ 7.056746058093628, 51.427998275318771 ], [ 7.056772751324472, 51.427369208910015 ], [ 7.056799443588555, 51.426740142423434 ], [ 7.056826134885925, 51.426111075859033 ], [ 7.056852825216626, 51.425482009216786 ], [ 7.056879514580706, 51.424852942496727 ], [ 7.056906202978211, 51.424223875698829 ], [ 7.056932890409185, 51.423594808823118 ], [ 7.055926692495931, 51.423578120047765 ], [ 7.054920495549658, 51.423561422639693 ], [ 7.053914299570867, 51.42354471659889 ], [ 7.053887570744217, 51.424173782353598 ], [ 7.052881361934939, 51.424157067306055 ], [ 7.051875154094185, 51.424140343625631 ], [ 7.050868947222455, 51.424123611312361 ], [ 7.049862741320249, 51.424106870366259 ], [ 7.049835956329993, 51.424735934545708 ], [ 7.050842176031025, 51.424752675866451 ], [ 7.051848396701626, 51.424769408554177 ], [ 7.052854618341298, 51.424786132608851 ], [ 7.053860840949541, 51.424802848030467 ], [ 7.053834110186793, 51.425431913629467 ] ] ], [ [ [ 7.04985095995016, 51.448028009611448 ], [ 7.048844229341666, 51.448011254421736 ], [ 7.048817407456226, 51.448640315640951 ], [ 7.048790584598955, 51.449269376782276 ], [ 7.049797342843548, 51.449286132722058 ], [ 7.04982415188252, 51.448657071205702 ], [ 7.050830897280144, 51.448673818130068 ], [ 7.051837643648601, 51.448690556414078 ], [ 7.052844390987389, 51.448707286057676 ], [ 7.052817623403595, 51.449336348698004 ], [ 7.053824385530699, 51.449353070075468 ], [ 7.053851139296009, 51.448724007060868 ], [ 7.05485788857396, 51.448740719423611 ], [ 7.054831148627184, 51.44936978281229 ], [ 7.055837912692545, 51.449386486908459 ], [ 7.055811185595966, 51.450015550593186 ], [ 7.056817964448832, 51.450032246422381 ], [ 7.057824744269621, 51.450048933610717 ], [ 7.058831525057838, 51.450065612158134 ], [ 7.058858210696906, 51.449436547352889 ], [ 7.059864978632785, 51.449453216886269 ], [ 7.059891649486212, 51.448824151630113 ], [ 7.058884895369095, 51.448807482469839 ], [ 7.057878142218812, 51.448790804669031 ], [ 7.056871390035862, 51.448774118227718 ], [ 7.056898101377606, 51.448145054013651 ], [ 7.055891363980613, 51.448128359305521 ], [ 7.054884627551906, 51.448111655957099 ], [ 7.053877892091986, 51.448094943968414 ], [ 7.053904643918677, 51.447465880798113 ], [ 7.052897923245527, 51.447449160543442 ], [ 7.051891203542118, 51.447432431648728 ], [ 7.050884484808946, 51.447415694114021 ], [ 7.050857691529937, 51.448044756160989 ], [ 7.04985095995016, 51.448028009611448 ] ] ], [ [ [ 7.045662848716651, 51.451735296400607 ], [ 7.045635979537411, 51.452364356025974 ], [ 7.046642803963168, 51.452381139765556 ], [ 7.047649629362036, 51.452397914863674 ], [ 7.04767647089991, 51.451768854487163 ], [ 7.047703311465222, 51.451139794032741 ], [ 7.047730151058016, 51.450510733500394 ], [ 7.048736935968736, 51.450527498831207 ], [ 7.049743721851428, 51.450544255521109 ], [ 7.049716909898184, 51.451173316803782 ], [ 7.049690096973424, 51.451802378008558 ], [ 7.0496632830771, 51.452431439135459 ], [ 7.050670111392296, 51.452448188309091 ], [ 7.051676940678604, 51.452464928841174 ], [ 7.051703726933192, 51.451835866964672 ], [ 7.051730512217214, 51.451206805010301 ], [ 7.051757296530722, 51.450577742978062 ], [ 7.051784079873757, 51.449948680867934 ], [ 7.050777305868016, 51.449931941834627 ], [ 7.049770532833201, 51.449915194160532 ], [ 7.048763760769809, 51.449898437845697 ], [ 7.048790584598955, 51.449269376782276 ], [ 7.047783827326241, 51.449252612201967 ], [ 7.047810664001764, 51.44862355143588 ], [ 7.046803921519634, 51.448606778590481 ], [ 7.046777071025903, 51.449235838981146 ], [ 7.046750219559296, 51.449864899293871 ], [ 7.046723367119766, 51.450493959528679 ], [ 7.045716584154487, 51.450477176916095 ], [ 7.045689716922327, 51.451106236697314 ], [ 7.045662848716651, 51.451735296400607 ] ] ], [ [ [ 7.046494522528123, 51.47944743734454 ], [ 7.046521405930255, 51.478818380318494 ], [ 7.045513999610037, 51.478801589440955 ], [ 7.045487102365681, 51.479430646091082 ], [ 7.046494522528123, 51.47944743734454 ] ] ], [ [ [ 7.048200344004493, 51.510321513267911 ], [ 7.048227233616865, 51.509692458932051 ], [ 7.047219145509098, 51.509675675599532 ], [ 7.047192242029789, 51.51030472955955 ], [ 7.047165337574582, 51.510933783441665 ], [ 7.048173453416726, 51.510950567525889 ], [ 7.048200344004493, 51.510321513267911 ] ] ], [ [ [ 7.059963462247123, 51.375802150363199 ], [ 7.058958310606954, 51.375785498560198 ], [ 7.05893169649732, 51.376414571350281 ], [ 7.058905081424657, 51.377043644062546 ], [ 7.059910260586935, 51.37706029661058 ], [ 7.059936861898295, 51.376431223525799 ], [ 7.059963462247123, 51.375802150363199 ] ] ], [ [ [ 7.067026053712962, 51.375289395833093 ], [ 7.067052555816898, 51.37466031991287 ], [ 7.06604742497053, 51.374643729179446 ], [ 7.066020909106463, 51.375272804728532 ], [ 7.065994392282938, 51.375901880199876 ], [ 7.066999550650068, 51.375918471675575 ], [ 7.067026053712962, 51.375289395833093 ] ] ], [ [ [ 7.069935640416044, 51.377855424791193 ], [ 7.069962105069456, 51.377226348069513 ], [ 7.070967294792745, 51.377242905812842 ], [ 7.070940843901638, 51.377871982904928 ], [ 7.070914392053374, 51.378501059919316 ], [ 7.071919610258969, 51.378517609784367 ], [ 7.072924829421268, 51.378534151030294 ], [ 7.073930049539774, 51.37855068365706 ], [ 7.073956460099359, 51.377921605532563 ], [ 7.07398286970328, 51.377292527330404 ], [ 7.072977677110154, 51.377275995443313 ], [ 7.073004099520403, 51.3766469175333 ], [ 7.071998921645291, 51.376630377397454 ], [ 7.070993744726744, 51.376613828643059 ], [ 7.069988568765262, 51.376597271270128 ], [ 7.068983393761341, 51.376580705278684 ], [ 7.067978219715477, 51.37656413066874 ], [ 7.066973046628168, 51.376547547440346 ], [ 7.066946541647214, 51.377176623127362 ], [ 7.067951728496193, 51.377193206726751 ], [ 7.06792523631831, 51.377822282707029 ], [ 7.06789874318178, 51.378451358609588 ], [ 7.067872249086558, 51.379080434434407 ], [ 7.068877478182267, 51.379097010527552 ], [ 7.069882708236218, 51.37911357800143 ], [ 7.069909174804979, 51.37848450143516 ], [ 7.069935640416044, 51.377855424791193 ] ] ], [ [ [ 7.060729300920896, 51.381480452561625 ], [ 7.060702705672957, 51.38210952539638 ], [ 7.06170799686895, 51.382126163684795 ], [ 7.062713289026894, 51.382142793353118 ], [ 7.062739856744042, 51.381513719774127 ], [ 7.061734578351516, 51.381497090477822 ], [ 7.060729300920896, 51.381480452561625 ] ] ], [ [ [ 7.062602447866178, 51.408580450111273 ], [ 7.062575852551948, 51.409209520718029 ], [ 7.062549256274786, 51.409838591247031 ], [ 7.061543356982309, 51.409821953828271 ], [ 7.060537458653307, 51.409805307780957 ], [ 7.060510833837483, 51.410434377487405 ], [ 7.06048420805764, 51.411063447116064 ], [ 7.060457581313734, 51.411692516666932 ], [ 7.060430953605715, 51.412321586140003 ], [ 7.060404324933539, 51.412950655535283 ], [ 7.059398358624657, 51.412933998995918 ], [ 7.058392393280477, 51.412917333827053 ], [ 7.058365736063613, 51.413546402398886 ], [ 7.059371715198012, 51.413563067940672 ], [ 7.05934507080662, 51.41419213680765 ], [ 7.060351064696532, 51.414208794092445 ], [ 7.06037769529716, 51.413579724852767 ], [ 7.061383676360558, 51.4135963731351 ], [ 7.061410292206626, 51.4129673034451 ], [ 7.062416260443415, 51.412983942725376 ], [ 7.063422229643413, 51.41300057337606 ], [ 7.064428199806118, 51.41301719539716 ], [ 7.064454773318763, 51.412388124512972 ], [ 7.065460730653681, 51.412404737532718 ], [ 7.066466688950263, 51.412421341923022 ], [ 7.067472648208012, 51.412437937683862 ], [ 7.068478608426428, 51.412454524815239 ], [ 7.068505125818641, 51.411825452367495 ], [ 7.069511073207544, 51.411842030498406 ], [ 7.070517021556074, 51.4118586 ], [ 7.071522970863731, 51.411875160872242 ], [ 7.071549445928129, 51.411246087234488 ], [ 7.071575920033945, 51.410617013519058 ], [ 7.071602393181224, 51.409987939725951 ], [ 7.071628865370011, 51.409358865855147 ], [ 7.072634760482002, 51.409375416616591 ], [ 7.073640656551938, 51.40939195874941 ], [ 7.074646553579325, 51.409408492253611 ], [ 7.075652451563661, 51.409425017129166 ], [ 7.075678867644418, 51.40879594170049 ], [ 7.075705282768766, 51.4081668661942 ], [ 7.076711154135032, 51.408183381701953 ], [ 7.077717026457161, 51.408199888581414 ], [ 7.077743413052074, 51.40757081225857 ], [ 7.077769798691671, 51.406941735858105 ], [ 7.077796183375994, 51.406312659380021 ], [ 7.078802015295164, 51.406329156523711 ], [ 7.079807848169064, 51.406345645039643 ], [ 7.079834204327893, 51.405716567745863 ], [ 7.079860559532537, 51.405087490374498 ], [ 7.07988691378304, 51.404458412925543 ], [ 7.07991326707945, 51.403829335398967 ], [ 7.079939619421811, 51.403200257794794 ], [ 7.07893385546871, 51.403183771123445 ], [ 7.077928092470111, 51.403167275825318 ], [ 7.07692233042651, 51.403150771900386 ], [ 7.075916569338408, 51.403134259348725 ], [ 7.074910809206299, 51.403117738170295 ], [ 7.073905050030686, 51.403101208365172 ], [ 7.073931484114352, 51.402472132899618 ], [ 7.073957917241072, 51.401843057356409 ], [ 7.073984349410892, 51.401213981735538 ], [ 7.074010780623857, 51.400584906037004 ], [ 7.075016484672711, 51.400601434362798 ], [ 7.076022189677875, 51.400617954062639 ], [ 7.076048592373095, 51.399988877547017 ], [ 7.077054284553537, 51.400005388251472 ], [ 7.077080672512951, 51.399376311288805 ], [ 7.077107059517142, 51.398747234248503 ], [ 7.077133445566155, 51.39811815713059 ], [ 7.076127794724336, 51.398101647534347 ], [ 7.076154193596761, 51.397472570708189 ], [ 7.07514855748907, 51.397456052856334 ], [ 7.074142922337462, 51.3974395263795 ], [ 7.073137288142434, 51.397422991277701 ], [ 7.07311084793465, 51.398052066994545 ], [ 7.073084406769741, 51.398681142633734 ], [ 7.072078745974571, 51.398664598166661 ], [ 7.072052290073135, 51.399293673358009 ], [ 7.072025833213985, 51.399922748471667 ], [ 7.071999375397076, 51.400551823507662 ], [ 7.071972916622362, 51.401180898465974 ], [ 7.071946456889797, 51.401809973346602 ], [ 7.070940728150755, 51.401793418402264 ], [ 7.070914253678492, 51.402422492834795 ], [ 7.070887778247787, 51.403051567189642 ], [ 7.06988202290313, 51.403035002877836 ], [ 7.069855532731187, 51.403664076784345 ], [ 7.068849764562807, 51.403647503475092 ], [ 7.06882325964863, 51.404276576933079 ], [ 7.068796753774879, 51.404905650313346 ], [ 7.068770246941509, 51.405534723615908 ], [ 7.068743739148473, 51.406163796840772 ], [ 7.067737916803996, 51.406147213420539 ], [ 7.067711394266097, 51.406776286196617 ], [ 7.066705559096722, 51.406759693777573 ], [ 7.066679021812964, 51.40738876610466 ], [ 7.065673173818786, 51.407372164686429 ], [ 7.064667326785906, 51.407355554640311 ], [ 7.064640760969282, 51.407984626146522 ], [ 7.063634901112233, 51.407968007100656 ], [ 7.063608320547305, 51.40859707815725 ], [ 7.062602447866178, 51.408580450111273 ] ] ], [ [ [ 7.06185187322204, 51.450115595954792 ], [ 7.060845089534546, 51.450098943330197 ], [ 7.059838306812979, 51.450082282064642 ], [ 7.059811634026747, 51.450711347165218 ], [ 7.060818430568123, 51.450728008803715 ], [ 7.060791770635728, 51.45135707419945 ], [ 7.06179858196343, 51.451373727569553 ], [ 7.062805394256651, 51.451390372298292 ], [ 7.062832026548292, 51.45076130615724 ], [ 7.061825228075471, 51.450744661801068 ], [ 7.06185187322204, 51.450115595954792 ] ] ], [ [ [ 7.059858064080335, 51.473374314046815 ], [ 7.058850769692744, 51.473357638975756 ], [ 7.058824061116246, 51.473986701197958 ], [ 7.057816753858518, 51.473970017105295 ], [ 7.057790030475062, 51.474599078876174 ], [ 7.058797351571564, 51.474615763342364 ], [ 7.059804673636296, 51.474632439160061 ], [ 7.059831369342158, 51.474003376642337 ], [ 7.060838678535752, 51.474020043438408 ], [ 7.060865359435564, 51.473390980469773 ], [ 7.059858064080335, 51.473374314046815 ] ] ], [ [ [ 7.057629669829348, 51.47837344786754 ], [ 7.057602939663799, 51.479002509093775 ], [ 7.057576208529197, 51.479631570242198 ], [ 7.057549476425492, 51.480260631312817 ], [ 7.058556922093502, 51.480277319141123 ], [ 7.059564368730161, 51.480293998319212 ], [ 7.059591073147256, 51.479664936501571 ], [ 7.059617776596248, 51.479035874606154 ], [ 7.059644479077188, 51.478406812632912 ], [ 7.058637073969013, 51.478390134575051 ], [ 7.057629669829348, 51.47837344786754 ] ] ], [ [ [ 7.064095364105748, 51.492329459640466 ], [ 7.064122017660592, 51.491700397435658 ], [ 7.063114316918433, 51.491683754803084 ], [ 7.063087649510506, 51.492312816635241 ], [ 7.064095364105748, 51.492329459640466 ] ] ], [ [ [ 7.074088498563244, 51.374776213745136 ], [ 7.074114903389532, 51.374147135154651 ], [ 7.073109779601156, 51.374130605116569 ], [ 7.073083361014912, 51.374759683337267 ], [ 7.074088498563244, 51.374776213745136 ] ] ], [ [ [ 7.071708071130485, 51.383550226064692 ], [ 7.070702742804213, 51.383533673237459 ], [ 7.0706762823395, 51.38416274955258 ], [ 7.070649820917176, 51.384791825790032 ], [ 7.07165517677859, 51.384808379357906 ], [ 7.072660533597164, 51.384824924304752 ], [ 7.073665891372401, 51.384841460630504 ], [ 7.074671250103803, 51.384857988335163 ], [ 7.074644842797364, 51.38548706597512 ], [ 7.075650216252933, 51.385503585428232 ], [ 7.075623821759779, 51.386132663360108 ], [ 7.076629209939607, 51.386149174561289 ], [ 7.07660282826073, 51.386778252784922 ], [ 7.077608231164908, 51.386794755733767 ], [ 7.078613635023399, 51.386811250060866 ], [ 7.078587279929925, 51.387440328945083 ], [ 7.079592698512405, 51.387456815019249 ], [ 7.079566356235744, 51.388085894194695 ], [ 7.080571789542303, 51.388102372015524 ], [ 7.080598118048248, 51.387473292471427 ], [ 7.081603538536956, 51.387489761301616 ], [ 7.081629852319769, 51.386860681311497 ], [ 7.080624445601326, 51.386844212849752 ], [ 7.080650772201586, 51.386215133150472 ], [ 7.080677097849072, 51.385586053373594 ], [ 7.080703422543828, 51.384956973519124 ], [ 7.081708787954459, 51.384973440875598 ], [ 7.081735097928258, 51.384344360575135 ], [ 7.081761406949915, 51.38371528019708 ], [ 7.081787715019478, 51.383086199741442 ], [ 7.081814022136991, 51.382457119208219 ], [ 7.0818403283025, 51.381828038597412 ], [ 7.080835031728273, 51.38181157308285 ], [ 7.079829736106502, 51.381795098948018 ], [ 7.079856068851584, 51.381166018996524 ], [ 7.078850787948465, 51.381149536610202 ], [ 7.077845507998751, 51.381133045603825 ], [ 7.077871867321281, 51.380503966312382 ], [ 7.077898225689953, 51.379874886943313 ], [ 7.077924583104816, 51.379245807496623 ], [ 7.078929821760557, 51.379262297396252 ], [ 7.078956164457991, 51.378633217503051 ], [ 7.078982506202201, 51.378004137532223 ], [ 7.079008846993233, 51.377375057483789 ], [ 7.079035186831134, 51.376745977357736 ], [ 7.079061525715947, 51.376116897154077 ], [ 7.078056355873549, 51.376100409098797 ], [ 7.077051186984692, 51.376083912425017 ], [ 7.077024820576574, 51.376712991890805 ], [ 7.076998453214375, 51.377342071278932 ], [ 7.076972084898052, 51.377971150589438 ], [ 7.076945715627554, 51.378600229822318 ], [ 7.076919345402841, 51.379229308977543 ], [ 7.075914108655127, 51.379212801839053 ], [ 7.074908872862174, 51.379196286081168 ], [ 7.074882474155104, 51.379825364420007 ], [ 7.074856074492731, 51.380454442681192 ], [ 7.074829673875009, 51.381083520864721 ], [ 7.074803272301892, 51.381712598970601 ], [ 7.073797982405301, 51.38169607311459 ], [ 7.073771566110777, 51.382325150773099 ], [ 7.0727662634042, 51.382308615927059 ], [ 7.072739832387276, 51.382937693137997 ], [ 7.072713400413824, 51.383566770271266 ], [ 7.071708071130485, 51.383550226064692 ] ] ], [ [ [ 7.074223545511441, 51.419473682635605 ], [ 7.074249990696356, 51.418844608819121 ], [ 7.075256095552485, 51.418861139242267 ], [ 7.07528252598482, 51.418232064978234 ], [ 7.076288618003098, 51.418248586400097 ], [ 7.077294710977968, 51.418265099190592 ], [ 7.077321112864187, 51.417636024109662 ], [ 7.077347513794356, 51.417006948951126 ], [ 7.077373913768521, 51.416377873714978 ], [ 7.07740031278673, 51.415748798401204 ], [ 7.078406351542363, 51.415765301083063 ], [ 7.078432735812073, 51.415136225322378 ], [ 7.078459119126414, 51.414507149484081 ], [ 7.079465131252694, 51.414523642797121 ], [ 7.080471144333798, 51.414540127479874 ], [ 7.080497499109502, 51.413911050826016 ], [ 7.079491499820079, 51.413894566512141 ], [ 7.079517867432686, 51.413265490149577 ], [ 7.078511882889178, 51.413248997574662 ], [ 7.078538263337691, 51.412619921503534 ], [ 7.077532293540007, 51.412603420667985 ], [ 7.076526324698007, 51.412586911202766 ], [ 7.076499916668354, 51.413215986535221 ], [ 7.075493934992035, 51.413199468070715 ], [ 7.075467512215154, 51.413828542955898 ], [ 7.074461517704607, 51.41381201549175 ], [ 7.074435080179502, 51.414441089929454 ], [ 7.074408641697081, 51.41507016428951 ], [ 7.074382202257299, 51.415699238571897 ], [ 7.074355761860109, 51.416328312776649 ], [ 7.073349713138213, 51.416311775202303 ], [ 7.073323257990168, 51.416940848959321 ], [ 7.072317196432869, 51.416924302383983 ], [ 7.072290726532972, 51.417553375693053 ], [ 7.072264255674534, 51.418182448924483 ], [ 7.072237783857507, 51.418811522078208 ], [ 7.072211311081847, 51.419440595154278 ], [ 7.072184837347507, 51.420069668152664 ], [ 7.073190967879063, 51.420086216579506 ], [ 7.074197099368845, 51.420102756374433 ], [ 7.074223545511441, 51.419473682635605 ] ] ], [ [ [ 7.069007340611259, 51.423794400766873 ], [ 7.070013551049886, 51.423810977314886 ], [ 7.07004005813481, 51.423181905523869 ], [ 7.071046255734684, 51.423198473068126 ], [ 7.071072748061406, 51.422569400828657 ], [ 7.072078932822436, 51.422585959369528 ], [ 7.072105410391951, 51.421956886681819 ], [ 7.072131887002604, 51.421327813916434 ], [ 7.072158362654442, 51.420698741073387 ], [ 7.072184837347507, 51.420069668152664 ], [ 7.071178707774677, 51.420053111093942 ], [ 7.070172579161071, 51.420036545403356 ], [ 7.069166451507186, 51.420019971080919 ], [ 7.069139935425354, 51.420649042889508 ], [ 7.068133794935528, 51.420632459564139 ], [ 7.068107264096764, 51.421261530923907 ], [ 7.068080732297188, 51.421890602205963 ], [ 7.068054199536756, 51.422519673410306 ], [ 7.068027665815418, 51.423148744536931 ], [ 7.068001131133132, 51.423777815585858 ], [ 7.067974595489848, 51.424406886557058 ], [ 7.068980818767133, 51.424423472109233 ], [ 7.069007340611259, 51.423794400766873 ] ] ], [ [ [ 7.069881001224373, 51.426956335104599 ], [ 7.069907513109746, 51.426327263702042 ], [ 7.068901247471315, 51.426310685670089 ], [ 7.068874721784744, 51.426939756701628 ], [ 7.069881001224373, 51.426956335104599 ] ] ], [ [ [ 7.072396723943084, 51.438958381527087 ], [ 7.072370234278266, 51.43958745248819 ], [ 7.073376793688277, 51.439604003761985 ], [ 7.074383354057436, 51.439620546397862 ], [ 7.075389915385241, 51.439637080395826 ], [ 7.075363466196515, 51.440266152390024 ], [ 7.076370042294474, 51.4402826781199 ], [ 7.076343605960055, 51.440911750406343 ], [ 7.077350196828258, 51.440928267867747 ], [ 7.078356788653703, 51.440944776690777 ], [ 7.078383197362976, 51.440315703665156 ], [ 7.078409605115555, 51.439686630561923 ], [ 7.079416170272959, 51.439703130007977 ], [ 7.079442563257246, 51.439074056457862 ], [ 7.079468955285428, 51.438444982830156 ], [ 7.078462417750807, 51.438428484122653 ], [ 7.077455881172745, 51.43841197677753 ], [ 7.077482299866108, 51.43778290381092 ], [ 7.076475778055655, 51.437766388197851 ], [ 7.076502209602056, 51.43713731552328 ], [ 7.076528640190992, 51.436508242771083 ], [ 7.076555069822507, 51.435879169941252 ], [ 7.075548590398086, 51.435862646800238 ], [ 7.075575032880734, 51.43523357426259 ], [ 7.074568568222649, 51.435217042854781 ], [ 7.073562104522892, 51.435200502810403 ], [ 7.072555641781961, 51.435183954129457 ], [ 7.072529157874065, 51.435813025556563 ], [ 7.071522682284135, 51.435796467868521 ], [ 7.071496183608042, 51.436425538847374 ], [ 7.071469683972032, 51.437054609748557 ], [ 7.071443183376059, 51.437683680572064 ], [ 7.071416681820077, 51.438312751317888 ], [ 7.070410151951911, 51.438296183509983 ], [ 7.070383635625099, 51.438925253807312 ], [ 7.07139017930404, 51.438941821986035 ], [ 7.072396723943084, 51.438958381527087 ] ] ], [ [ [ 7.06977170853799, 51.477314985851201 ], [ 7.069745146408811, 51.477944051703126 ], [ 7.070752548295181, 51.477960634242464 ], [ 7.070779096582526, 51.477331568019288 ], [ 7.070805643907467, 51.476702501718428 ], [ 7.069798269704263, 51.476685919921593 ], [ 7.068790896463919, 51.476669329475463 ], [ 7.068764321456359, 51.47729839503365 ], [ 7.06977170853799, 51.477314985851201 ] ] ], [ [ [ 7.07035420846511, 51.487396618269067 ], [ 7.070380771194055, 51.486767553211024 ], [ 7.069373175469411, 51.486750965473128 ], [ 7.068365580708366, 51.486734369082875 ], [ 7.068338990280768, 51.487363433397903 ], [ 7.068312398889026, 51.487992497635247 ], [ 7.069320021349179, 51.488009094768707 ], [ 7.070327644773023, 51.488025683249425 ], [ 7.071335269160055, 51.488042263077375 ], [ 7.071361819002244, 51.487413197725779 ], [ 7.07035420846511, 51.487396618269067 ] ] ], [ [ [ 7.06613742204383, 51.491733656739363 ], [ 7.066164046926898, 51.491104593712123 ], [ 7.065156358104967, 51.491087968759437 ], [ 7.065129719369225, 51.491717031414424 ], [ 7.06613742204383, 51.491733656739363 ] ] ], [ [ [ 7.07731812116809, 51.39371461513155 ], [ 7.077291741804046, 51.394343692792859 ], [ 7.077265361485145, 51.394972770376555 ], [ 7.078270944394125, 51.394989269501714 ], [ 7.078244576896918, 51.395618347376924 ], [ 7.079250174536948, 51.395634838246771 ], [ 7.079223819862429, 51.396263916413346 ], [ 7.080229432233604, 51.396280399027482 ], [ 7.080255773130934, 51.395651320492135 ], [ 7.080282113074809, 51.395022241879197 ], [ 7.079276528257513, 51.395005760002604 ], [ 7.079302881024168, 51.394376681680818 ], [ 7.079329232836959, 51.39374760328144 ], [ 7.079355583695932, 51.393118524804443 ], [ 7.079381933601134, 51.392489446249833 ], [ 7.078376404839346, 51.39247295722469 ], [ 7.078402767564976, 51.391843878961396 ], [ 7.078429129336426, 51.391214800620489 ], [ 7.077423629076584, 51.391198303710027 ], [ 7.077450003667017, 51.390569225660592 ], [ 7.078455490153744, 51.390585722201955 ], [ 7.078481850016974, 51.389956643705816 ], [ 7.077476377302863, 51.389940147533508 ], [ 7.07750274998417, 51.389311069328819 ], [ 7.076497291996672, 51.389294564903054 ], [ 7.076470905543292, 51.389923642738495 ], [ 7.075465434738759, 51.38990712932079 ], [ 7.075439033557815, 51.390536206709129 ], [ 7.075412631421291, 51.391165284019841 ], [ 7.07538622832914, 51.391794361252899 ], [ 7.076391740452744, 51.391810875779008 ], [ 7.07636535017894, 51.392439953303914 ], [ 7.076338958949916, 51.393069030751178 ], [ 7.077344499577319, 51.393085537392622 ], [ 7.07731812116809, 51.39371461513155 ] ] ], [ [ [ 7.079310588773848, 51.442219423432483 ], [ 7.079336985583012, 51.441590350192754 ], [ 7.078330378987686, 51.441573849638793 ], [ 7.077323773349147, 51.441557340446266 ], [ 7.076317168667895, 51.44154082261516 ], [ 7.07629073041795, 51.44216989474635 ], [ 7.076264291210173, 51.442798966799913 ], [ 7.076237851044517, 51.443428038775849 ], [ 7.077244497167912, 51.443444557716091 ], [ 7.078251144248731, 51.4434610680172 ], [ 7.079257792286474, 51.443477569679146 ], [ 7.079284191008351, 51.4428484965946 ], [ 7.079310588773848, 51.442219423432483 ] ] ], [ [ [ 7.074782165460157, 51.478026877902849 ], [ 7.074755671580157, 51.478655945531472 ], [ 7.073748252004472, 51.478639397220462 ], [ 7.072740833389782, 51.478622840259526 ], [ 7.072714310863295, 51.479251907069326 ], [ 7.071706879367173, 51.479235341087602 ], [ 7.071680342035719, 51.479864407448837 ], [ 7.071653803742178, 51.480493473732416 ], [ 7.071627264486502, 51.481122539938326 ], [ 7.072634737514414, 51.48113910703276 ], [ 7.072608211141488, 51.481768173531933 ], [ 7.073615698976056, 51.481784732346398 ], [ 7.074623187771846, 51.481801282510006 ], [ 7.075630677528359, 51.481817824022677 ], [ 7.075657162366214, 51.481188756411896 ], [ 7.075683646243893, 51.480559688723481 ], [ 7.075710129161441, 51.479930620957461 ], [ 7.076717578344335, 51.479947152708789 ], [ 7.076744046458188, 51.479318084495013 ], [ 7.076770513612504, 51.478689016203617 ], [ 7.076796979807328, 51.478059947834623 ], [ 7.076823445042709, 51.477430879388002 ], [ 7.07684990931869, 51.476801810863769 ], [ 7.077857290247885, 51.476818332115187 ], [ 7.07788373972336, 51.476189263143475 ], [ 7.077910188240027, 51.475560194094143 ], [ 7.076902834992637, 51.475543673582457 ], [ 7.075895482704509, 51.475527144421761 ], [ 7.074888131376142, 51.475510606612062 ], [ 7.074914620454366, 51.474881538595284 ], [ 7.073907283926276, 51.474864992507044 ], [ 7.07388078100804, 51.475494060153387 ], [ 7.073854277129037, 51.476123127722111 ], [ 7.073827772289226, 51.476752195213166 ], [ 7.073801266488558, 51.477381262626565 ], [ 7.074808658379707, 51.477397810196607 ], [ 7.074782165460157, 51.478026877902849 ] ] ], [ [ [ 7.085145074544289, 51.374957479438706 ], [ 7.085118820130549, 51.375586562006525 ], [ 7.086123982872299, 51.375602989364467 ], [ 7.087129146563566, 51.375619408103987 ], [ 7.088134311203852, 51.375635818225049 ], [ 7.088160524334461, 51.375006734555356 ], [ 7.089165676162135, 51.375023135691052 ], [ 7.089191874583631, 51.374394051576935 ], [ 7.089218072057192, 51.373764967385313 ], [ 7.089244268582864, 51.373135883116191 ], [ 7.089270464160693, 51.372506798769543 ], [ 7.0902755618966, 51.372523189820193 ], [ 7.090301742767935, 51.371894105029376 ], [ 7.089296658790723, 51.371877714345388 ], [ 7.088291575761263, 51.371861315044093 ], [ 7.087286493680055, 51.37184490712545 ], [ 7.087260271532773, 51.372473990815706 ], [ 7.088265367372585, 51.37249039910138 ], [ 7.088239158035611, 51.373119483081162 ], [ 7.088212947750296, 51.373748566983409 ], [ 7.088186736516594, 51.374377650808142 ], [ 7.087181599397988, 51.374361241421262 ], [ 7.086176463228312, 51.37434482341633 ], [ 7.08615022352504, 51.374973906429183 ], [ 7.085145074544289, 51.374957479438706 ] ] ], [ [ [ 7.086919297261493, 51.38065207173355 ], [ 7.087924572008386, 51.380668484791755 ], [ 7.087950792728438, 51.380039401742245 ], [ 7.087977012499652, 51.379410318615214 ], [ 7.086971765282392, 51.379393906291362 ], [ 7.08694553174661, 51.38002298905122 ], [ 7.085940271714119, 51.380006567740402 ], [ 7.08493501263146, 51.379990137809813 ], [ 7.083929754499133, 51.379973699259452 ], [ 7.083903478719088, 51.380602780839084 ], [ 7.08387720198817, 51.38123186234116 ], [ 7.084882487650855, 51.381248301627053 ], [ 7.085887774263961, 51.381264732292784 ], [ 7.086893061826992, 51.381281154338339 ], [ 7.086919297261493, 51.38065207173355 ] ] ], [ [ [ 7.086630655256055, 51.38757197612194 ], [ 7.08660440937537, 51.38820105787385 ], [ 7.086578162544758, 51.388830139548233 ], [ 7.087583616282776, 51.388846557380653 ], [ 7.088589070970268, 51.388862966590544 ], [ 7.088615290257768, 51.38823388418173 ], [ 7.089620732122611, 51.388250284402162 ], [ 7.089646936690054, 51.387621201548939 ], [ 7.089673140309109, 51.386992118618195 ], [ 7.089699342979824, 51.386363035609961 ], [ 7.088693942426866, 51.386346636490224 ], [ 7.087688542822702, 51.386330228748733 ], [ 7.087714772084341, 51.38570114639694 ], [ 7.088720157918917, 51.385717553771364 ], [ 7.08972554470224, 51.385733952524205 ], [ 7.089751745476406, 51.385104869360951 ], [ 7.0907571194388, 51.385121259125526 ], [ 7.090783305496077, 51.384492175518105 ], [ 7.09080949060569, 51.383863091833192 ], [ 7.089804144180165, 51.383846702801939 ], [ 7.089830342109847, 51.383217619406174 ], [ 7.089856539091461, 51.382588535932911 ], [ 7.088851221148841, 51.382572139014322 ], [ 7.088877430949077, 51.381943055830369 ], [ 7.087872127721585, 51.38192665065818 ], [ 7.087845904154745, 51.382555733475122 ], [ 7.086840588109669, 51.382539319315327 ], [ 7.086814349826753, 51.383168401687534 ], [ 7.086788110594274, 51.3837974839822 ], [ 7.086761870412189, 51.384426566199309 ], [ 7.08673562928045, 51.385055648338913 ], [ 7.086709387199012, 51.385684730400975 ], [ 7.08668314416783, 51.386313812385495 ], [ 7.08665690018686, 51.386942894292488 ], [ 7.086630655256055, 51.38757197612194 ] ] ], [ [ [ 7.096528296688136, 51.391510270437607 ], [ 7.096554409581629, 51.390881185408553 ], [ 7.095548905997464, 51.390864844082706 ], [ 7.094543403358924, 51.3908484941336 ], [ 7.09353790166651, 51.390832135561269 ], [ 7.092532400920719, 51.390815768365727 ], [ 7.091526901122048, 51.390799392546995 ], [ 7.090521402270998, 51.390783008105089 ], [ 7.090495206734598, 51.391412090937571 ], [ 7.090469010250039, 51.392041173692554 ], [ 7.090442812817273, 51.392670256370032 ], [ 7.091448352990931, 51.392686641911688 ], [ 7.091422168385111, 51.393315724878292 ], [ 7.092427723281768, 51.393332102162617 ], [ 7.092401551503889, 51.393961185418156 ], [ 7.091395982831492, 51.393944807767397 ], [ 7.091369796330028, 51.394573890579018 ], [ 7.091343608880674, 51.395202973313154 ], [ 7.091317420483387, 51.395832055969805 ], [ 7.091291231138118, 51.396461138548979 ], [ 7.090285608305805, 51.396444750807511 ], [ 7.090259404234327, 51.397073832942532 ], [ 7.090233199214278, 51.397702915000053 ], [ 7.089227549773711, 51.397686517899984 ], [ 7.089201330025915, 51.398315599513118 ], [ 7.089175109328961, 51.398944681048754 ], [ 7.089148887682804, 51.399573762506876 ], [ 7.088143197852586, 51.399557355680308 ], [ 7.088116961476596, 51.400186436693829 ], [ 7.088090724150818, 51.400815517629823 ], [ 7.087085007708769, 51.40079910144285 ], [ 7.087058755651618, 51.401428181934008 ], [ 7.086053026378414, 51.401411756753355 ], [ 7.086026759588896, 51.402040836799465 ], [ 7.085021017484627, 51.402024402624747 ], [ 7.084994735961746, 51.40265348222561 ], [ 7.083988981026505, 51.402637039056451 ], [ 7.082983227043228, 51.402620587260593 ], [ 7.082956917003139, 51.403249666047877 ], [ 7.082930606010541, 51.403878744757584 ], [ 7.08290429406539, 51.404507823389714 ], [ 7.081898499684677, 51.404491361862213 ], [ 7.08187217300263, 51.405120440048442 ], [ 7.081845845367438, 51.405749518157087 ], [ 7.081819516779058, 51.406378596188162 ], [ 7.082825352514156, 51.406395058820699 ], [ 7.083831189201989, 51.406411512825393 ], [ 7.083857490219738, 51.405782434057805 ], [ 7.083883790285294, 51.405153355212654 ], [ 7.084889600355096, 51.405169799853567 ], [ 7.084863314074425, 51.405798879066687 ], [ 7.08483702684206, 51.406427958202244 ], [ 7.085842865433872, 51.40644439495123 ], [ 7.086848704976925, 51.406460823072308 ], [ 7.086874964638385, 51.405831743201368 ], [ 7.086901223349148, 51.405202663252908 ], [ 7.087907036272401, 51.4052190820113 ], [ 7.08793328024799, 51.404590001617926 ], [ 7.087959523273468, 51.403960921147039 ], [ 7.088965309578235, 51.403977330543526 ], [ 7.088939080336827, 51.404606411381593 ], [ 7.088912850145809, 51.40523549214214 ], [ 7.088886619005136, 51.40586457282518 ], [ 7.089892447613312, 51.405880974695457 ], [ 7.089918664968874, 51.405251893645413 ], [ 7.090924480741094, 51.405268286521107 ], [ 7.09089827717069, 51.405897367937953 ], [ 7.090872072651582, 51.406526449277322 ], [ 7.091877916943368, 51.406542834258651 ], [ 7.092883762183404, 51.406559210611974 ], [ 7.093889608371194, 51.406575578337268 ], [ 7.094895455506239, 51.40659193743452 ], [ 7.094869305183452, 51.407221020161778 ], [ 7.095875167051634, 51.407237370996832 ], [ 7.095849029568924, 51.407866454012499 ], [ 7.096854906170333, 51.407882796584957 ], [ 7.097860783717595, 51.407899130528925 ], [ 7.097834672863426, 51.408528214198348 ], [ 7.098840565143552, 51.408544539879109 ], [ 7.099846458368578, 51.40856085693116 ], [ 7.099872541647676, 51.40793177253132 ], [ 7.099898623982419, 51.407302688054074 ], [ 7.099924705372852, 51.406673603499442 ], [ 7.100930558180963, 51.406689910828014 ], [ 7.101936411932843, 51.406706209528416 ], [ 7.10294226662799, 51.406722499600626 ], [ 7.102968305715697, 51.406093413874494 ], [ 7.103974147567371, 51.406109694954175 ], [ 7.104000171926608, 51.405480608786377 ], [ 7.104026195343662, 51.404851522541229 ], [ 7.10302038106298, 51.404835242190131 ], [ 7.103046417322646, 51.404206156231901 ], [ 7.104052217818581, 51.40422243621871 ], [ 7.104078239351407, 51.403593349818834 ], [ 7.105084027005137, 51.403609620814102 ], [ 7.106089815600417, 51.40362588318208 ], [ 7.106063821636228, 51.404254970309914 ], [ 7.107069624956944, 51.404271224414273 ], [ 7.107043643836541, 51.40490031182847 ], [ 7.107017661775497, 51.405529399165339 ], [ 7.108023493607166, 51.405545645369209 ], [ 7.109029326379024, 51.40556188294515 ], [ 7.11003516009057, 51.405578111893156 ], [ 7.111040994741312, 51.405594332213198 ], [ 7.111066921660381, 51.404965243423405 ], [ 7.112072743464211, 51.404981454752715 ], [ 7.112098655659523, 51.404352365522897 ], [ 7.11310446461635, 51.404368567861852 ], [ 7.113130362088901, 51.403739478192215 ], [ 7.11315625862389, 51.403110388445306 ], [ 7.11318215422136, 51.402481298621147 ], [ 7.113208048881356, 51.401852208719703 ], [ 7.113233942603923, 51.401223118740994 ], [ 7.112228202565384, 51.401206918214612 ], [ 7.112254109132732, 51.400577828521122 ], [ 7.11228001476224, 51.399948738750346 ], [ 7.112305919453957, 51.399319648902299 ], [ 7.112331823207923, 51.398690558976973 ], [ 7.113337508120797, 51.398706758053471 ], [ 7.113363397156889, 51.398077667688419 ], [ 7.114369069226753, 51.398093857776765 ], [ 7.114394943545968, 51.397464766972192 ], [ 7.114420816928566, 51.396835676090376 ], [ 7.113415172417642, 51.396819486726514 ], [ 7.112409528843788, 51.396803288737331 ], [ 7.112435428847212, 51.396174198502891 ], [ 7.112461327913111, 51.395545108191172 ], [ 7.113466943930108, 51.395561305455537 ], [ 7.114472560884087, 51.395577494094958 ], [ 7.11444668937459, 51.396206585131303 ], [ 7.115452321043322, 51.396222765507787 ], [ 7.115478178774549, 51.395593674109428 ], [ 7.115504035569792, 51.394964582633818 ], [ 7.115529891429092, 51.394335491080966 ], [ 7.115555746352496, 51.39370639945087 ], [ 7.114550169793853, 51.393690220522402 ], [ 7.113544594171559, 51.393674032969571 ], [ 7.112539019486112, 51.393657836792372 ], [ 7.112564914802364, 51.393028746171545 ], [ 7.111559354830405, 51.393012541732567 ], [ 7.111533445738011, 51.393641631990832 ], [ 7.111507535707775, 51.394270722171811 ], [ 7.11050194912092, 51.394254508383206 ], [ 7.10949636347245, 51.39423828597009 ], [ 7.109522301055835, 51.393609196514838 ], [ 7.10954823770038, 51.392980106982257 ], [ 7.109574173406131, 51.392351017372398 ], [ 7.109600108173133, 51.391721927685211 ], [ 7.110605638718384, 51.391738148646553 ], [ 7.110631558772122, 51.391109058519156 ], [ 7.110657477887698, 51.390479968314459 ], [ 7.110683396065157, 51.389850878032476 ], [ 7.109677906842093, 51.389834658159849 ], [ 7.109703837854548, 51.389205568163447 ], [ 7.108698363343076, 51.389189340030761 ], [ 7.107692889770627, 51.389173103275169 ], [ 7.106687417137698, 51.389156857896694 ], [ 7.106661444806312, 51.3897859468033 ], [ 7.106635471534863, 51.390415035632536 ], [ 7.106609497323306, 51.391044124384457 ], [ 7.106583522171597, 51.391673213059029 ], [ 7.10557799538415, 51.39165695760299 ], [ 7.104572469537398, 51.391640693523314 ], [ 7.103566944631837, 51.39162442082003 ], [ 7.10354092721543, 51.392253508325609 ], [ 7.103514908857287, 51.392882595753825 ], [ 7.103488889557363, 51.393511683104684 ], [ 7.10248332426777, 51.393495400684955 ], [ 7.101477759920501, 51.393479109641071 ], [ 7.100472196516053, 51.393462809973073 ], [ 7.099466634054924, 51.393446501680963 ], [ 7.099492708457534, 51.392817415788443 ], [ 7.098487160715781, 51.392801099237289 ], [ 7.09851324794968, 51.39217201363244 ], [ 7.098539334239357, 51.391542927950155 ], [ 7.097533814991409, 51.391526603505611 ], [ 7.096528296688136, 51.391510270437607 ] ], [ [ 7.105240053725365, 51.399835098606083 ], [ 7.105214051625453, 51.400464185834124 ], [ 7.104208332885727, 51.400447916659104 ], [ 7.104182316062686, 51.401077003445771 ], [ 7.103176584483021, 51.40106072528021 ], [ 7.103150552935857, 51.401689811625296 ], [ 7.102144808516345, 51.401673524468833 ], [ 7.102118762244059, 51.402302610372097 ], [ 7.102092715028821, 51.402931696197989 ], [ 7.102066666870583, 51.403560781946517 ], [ 7.101060882044488, 51.403544485069489 ], [ 7.100055098161934, 51.403528179565249 ], [ 7.099049315223421, 51.403511865433821 ], [ 7.099023224769794, 51.404140950010415 ], [ 7.098017428991794, 51.404124626886585 ], [ 7.097011634158873, 51.404108295135394 ], [ 7.096005840271535, 51.404091954756865 ], [ 7.09597970751989, 51.404721038159728 ], [ 7.095953573822124, 51.405350121485156 ], [ 7.094947753311589, 51.405333771747678 ], [ 7.093941933747719, 51.405317413382498 ], [ 7.093968095015213, 51.404688330788929 ], [ 7.093994255335587, 51.404059248117896 ], [ 7.092988464287975, 51.404042881857514 ], [ 7.091982674187937, 51.404026506969842 ], [ 7.090976885035968, 51.404010123454945 ], [ 7.09100308576053, 51.403381041805631 ], [ 7.092008861128789, 51.40339742495393 ], [ 7.092035047121618, 51.402768342860554 ], [ 7.093040809654647, 51.402784717015443 ], [ 7.094046573135158, 51.402801082543448 ], [ 7.094072730614444, 51.402171999640053 ], [ 7.095078481259092, 51.402188356175195 ], [ 7.09608423285018, 51.402204704083623 ], [ 7.09708998538721, 51.402221043365309 ], [ 7.097116100572373, 51.401591959287103 ], [ 7.097142214812138, 51.400962875131462 ], [ 7.097168328106547, 51.400333790898387 ], [ 7.09817404024306, 51.400350120457169 ], [ 7.098200138811171, 51.399721035781297 ], [ 7.099205838111457, 51.399737356348709 ], [ 7.100211538356012, 51.399753668290103 ], [ 7.100237608418236, 51.399124582806685 ], [ 7.100263677536734, 51.398495497245875 ], [ 7.100289745711554, 51.397866411607659 ], [ 7.100315812942739, 51.39723732589205 ], [ 7.100341879230335, 51.396608240099049 ], [ 7.100367944574387, 51.395979154228641 ], [ 7.10039400897494, 51.395350068280841 ], [ 7.101399613709322, 51.395366369042947 ], [ 7.102405219386662, 51.395382661180335 ], [ 7.103410826006459, 51.395398944693007 ], [ 7.103436848131994, 51.394769857574268 ], [ 7.104442441916475, 51.394786132098048 ], [ 7.104416433568217, 51.39541521958094 ], [ 7.105422042071438, 51.395431485844092 ], [ 7.105396046559538, 51.396060573613553 ], [ 7.106401669781589, 51.396076831615687 ], [ 7.106375687107042, 51.396705919671582 ], [ 7.107381325048014, 51.396722169412286 ], [ 7.107355355211817, 51.397351257754416 ], [ 7.107329384435516, 51.397980346019224 ], [ 7.108335050874945, 51.397996587861513 ], [ 7.109340718254026, 51.398012821078204 ], [ 7.109314774097517, 51.398641909992293 ], [ 7.10928882900181, 51.399270998829103 ], [ 7.109262882966862, 51.399900087588584 ], [ 7.110268592626698, 51.39991631326874 ], [ 7.110242659433992, 51.400545402313995 ], [ 7.110216725302453, 51.401174491281928 ], [ 7.109210988079057, 51.401158264875669 ], [ 7.109236935992625, 51.400529176270773 ], [ 7.10823121349059, 51.400512941601171 ], [ 7.107225491928384, 51.400496698305183 ], [ 7.107251466465547, 51.399867610349673 ], [ 7.106245759625065, 51.399851358790961 ], [ 7.105240053725365, 51.399835098606083 ] ], [ [ 7.094229655606041, 51.398397500593013 ], [ 7.094255806457707, 51.397768417147397 ], [ 7.094281956362752, 51.397139333624345 ], [ 7.09430810532122, 51.396510250023823 ], [ 7.095313731942648, 51.396526603265542 ], [ 7.095287596762546, 51.397155687231951 ], [ 7.095261460636364, 51.397784771120925 ], [ 7.096267115761146, 51.397801116469076 ], [ 7.096240992468248, 51.398430200646331 ], [ 7.097246662318107, 51.398446537734628 ], [ 7.097220551859487, 51.399075622199966 ], [ 7.096214868229678, 51.399059284746137 ], [ 7.096188743045392, 51.399688368768501 ], [ 7.095183046580896, 51.399672022323145 ], [ 7.094177351062661, 51.399655667251849 ], [ 7.094203503807706, 51.39902658396116 ], [ 7.093197823016542, 51.399010220630068 ], [ 7.092192143172585, 51.398993848673257 ], [ 7.092218322530503, 51.398364766037545 ], [ 7.09322398859469, 51.398381137628043 ], [ 7.094229655606041, 51.398397500593013 ] ], [ [ 7.098408893348283, 51.394688355587391 ], [ 7.098382802337034, 51.395317440882586 ], [ 7.097377200434507, 51.395301114246479 ], [ 7.097351094701303, 51.395930199098956 ], [ 7.096345479966264, 51.395913863472721 ], [ 7.096371599476929, 51.395284778985719 ], [ 7.096397718042147, 51.394655694421296 ], [ 7.096423835661966, 51.394026609779424 ], [ 7.096449952336428, 51.393397525060124 ], [ 7.097455511964613, 51.393413859224466 ], [ 7.098461072537611, 51.393430184764746 ], [ 7.098434983415126, 51.394059270214775 ], [ 7.098408893348283, 51.394688355587391 ] ] ], [ [ [ 7.086717392407567, 51.40960622126407 ], [ 7.086743656823198, 51.408977141780774 ], [ 7.085737762133263, 51.408960712189234 ], [ 7.084731868394752, 51.408944273969034 ], [ 7.084705576403235, 51.409573352716862 ], [ 7.085711483929667, 51.409589791304889 ], [ 7.086717392407567, 51.40960622126407 ] ] ], [ [ [ 7.089577765295781, 51.41342994125106 ], [ 7.089551535597046, 51.41405902129361 ], [ 7.089525304948517, 51.414688101258669 ], [ 7.090531327550433, 51.414704499637523 ], [ 7.09153735110169, 51.414720889385876 ], [ 7.091511147088637, 51.415349970007149 ], [ 7.0914849421267, 51.415979050550945 ], [ 7.090478890989585, 51.415962660069042 ], [ 7.09045267128504, 51.41659174016857 ], [ 7.090426450631018, 51.4172208201906 ], [ 7.089420372855573, 51.417204420343872 ], [ 7.089394137457402, 51.417833499921421 ], [ 7.088388046837393, 51.417817091076245 ], [ 7.088361796694074, 51.418446170209094 ], [ 7.089367901109165, 51.418462579421472 ], [ 7.090374006474367, 51.41847898000222 ], [ 7.090347782971648, 51.419108059791789 ], [ 7.091353903082132, 51.419124452107695 ], [ 7.092360024141773, 51.419140835791758 ], [ 7.093366146150075, 51.41915721084392 ], [ 7.094372269106537, 51.419173577264196 ], [ 7.094346099839114, 51.419802658442443 ], [ 7.095352237539589, 51.419819016596854 ], [ 7.095378393010661, 51.419189935052536 ], [ 7.096384517861948, 51.41920628420894 ], [ 7.096410658589957, 51.418577202221321 ], [ 7.097416770591964, 51.418593542380101 ], [ 7.098422883540091, 51.418609873907094 ], [ 7.098448995730551, 51.417980791110914 ], [ 7.099455095828764, 51.41799711364083 ], [ 7.099481193278609, 51.417368030401988 ], [ 7.100487280526819, 51.417384343935204 ], [ 7.10051336323705, 51.416755260253908 ], [ 7.100539445002791, 51.416126176495219 ], [ 7.10056552582409, 51.415497092659123 ], [ 7.100591605700989, 51.414868008745664 ], [ 7.100617684633536, 51.414238924754798 ], [ 7.101623703858129, 51.414255227832321 ], [ 7.101649768054233, 51.413626143399256 ], [ 7.101675831306572, 51.412997058888806 ], [ 7.102681823891112, 51.41301335260659 ], [ 7.102707872408551, 51.412384267654161 ], [ 7.102733919982813, 51.411755182624354 ], [ 7.101727954980139, 51.411738889635764 ], [ 7.100721990921093, 51.411722588017433 ], [ 7.099716027806175, 51.411706277769383 ], [ 7.098710065635884, 51.411689958891635 ], [ 7.098736167427486, 51.41106087524394 ], [ 7.098762268274009, 51.410431791518853 ], [ 7.097756334628354, 51.410415464742108 ], [ 7.09675040192823, 51.410399129336092 ], [ 7.09574447017414, 51.410382785300818 ], [ 7.094738539366579, 51.410366432636309 ], [ 7.0947123833623, 51.410995514898879 ], [ 7.094686226410949, 51.411624597083993 ], [ 7.094660068512478, 51.41225367919165 ], [ 7.094633909666844, 51.412882761221859 ], [ 7.09563989563488, 51.412899115350122 ], [ 7.095613749633403, 51.413528197668832 ], [ 7.095587602685169, 51.414157279910114 ], [ 7.095561454790134, 51.414786362073961 ], [ 7.094555427446507, 51.414770006847789 ], [ 7.093549401050224, 51.414753642991023 ], [ 7.093575576529939, 51.414124561559341 ], [ 7.093601751061854, 51.413495480050194 ], [ 7.093627924646017, 51.412866398463599 ], [ 7.093654097282472, 51.412237316799533 ], [ 7.092648127000129, 51.412220945777641 ], [ 7.091642157665945, 51.412204566125986 ], [ 7.090636189280422, 51.412188177844584 ], [ 7.089630221844057, 51.412171780933463 ], [ 7.088624255357347, 51.412155375392636 ], [ 7.088598013767466, 51.412784455223068 ], [ 7.088571771227384, 51.413413534976016 ], [ 7.089577765295781, 51.41342994125106 ] ] ], [ [ [ 7.081424473539744, 51.415814757344648 ], [ 7.082430516114039, 51.41583122550378 ], [ 7.082404186061713, 51.416460302662095 ], [ 7.082377855055923, 51.417089379742826 ], [ 7.08338392617076, 51.417105840007906 ], [ 7.084389998238611, 51.417122291641832 ], [ 7.085396071258972, 51.417138734644624 ], [ 7.086402145231347, 51.41715516901624 ], [ 7.086428421061617, 51.416526090463314 ], [ 7.086454695940416, 51.415897011832861 ], [ 7.086480969867792, 51.415267933124852 ], [ 7.086507242843788, 51.414638854339337 ], [ 7.086533514868451, 51.414009775476273 ], [ 7.08552750986083, 51.413993342943364 ], [ 7.084521505804998, 51.413976901780231 ], [ 7.08351550270145, 51.41396045198691 ], [ 7.082509500550685, 51.413943993563421 ], [ 7.082483173358479, 51.414573070954454 ], [ 7.081477158369225, 51.414556603532318 ], [ 7.08145081643142, 51.415185680477286 ], [ 7.081424473539744, 51.415814757344648 ] ] ], [ [ [ 7.084870078791173, 51.429720282064295 ], [ 7.084843769165107, 51.430349358621086 ], [ 7.084817458586071, 51.430978435100322 ], [ 7.085823836151517, 51.430994877565183 ], [ 7.08579753842489, 51.43162395433486 ], [ 7.08680393074832, 51.431640388532081 ], [ 7.086830214669479, 51.431011311394599 ], [ 7.086856497638619, 51.430382234179589 ], [ 7.087862863303582, 51.430398659005967 ], [ 7.087889131516235, 51.429769581345838 ], [ 7.087915398777462, 51.429140503608203 ], [ 7.087941665087308, 51.428511425793062 ], [ 7.086935340834398, 51.428495002069418 ], [ 7.085929017533321, 51.428478569711082 ], [ 7.084922695184578, 51.428462128718095 ], [ 7.084896387464315, 51.42909120542997 ], [ 7.084870078791173, 51.429720282064295 ] ] ], [ [ [ 7.084317376459571, 51.442930873472413 ], [ 7.085324016413456, 51.442947322930792 ], [ 7.085350331293159, 51.442318247556742 ], [ 7.084343705153686, 51.442301798466538 ], [ 7.083337079968049, 51.442285340737428 ], [ 7.083310737459565, 51.44291441537495 ], [ 7.084317376459571, 51.442930873472413 ] ] ], [ [ [ 7.089700776144538, 51.458756345752938 ], [ 7.090707767340827, 51.458772752554999 ], [ 7.090681510623817, 51.45940182811961 ], [ 7.09065525295524, 51.460030903606743 ], [ 7.091662272759012, 51.460047302498928 ], [ 7.091688516599357, 51.459418226644708 ], [ 7.091714759488637, 51.45878915071301 ], [ 7.092721752587467, 51.458805540226955 ], [ 7.092747980698451, 51.458176463850911 ], [ 7.092774207858961, 51.457547387397419 ], [ 7.092800434069042, 51.456918310866463 ], [ 7.092826659328739, 51.456289234258037 ], [ 7.092852883638099, 51.455660157572169 ], [ 7.091845959670647, 51.455643769892497 ], [ 7.090839036653988, 51.455627373569747 ], [ 7.089832114588622, 51.455610968603899 ], [ 7.088825193475047, 51.455594554994995 ], [ 7.08879891386486, 51.456223630212364 ], [ 7.088772633302334, 51.456852705352233 ], [ 7.088746351787425, 51.457481780414597 ], [ 7.089753314377915, 51.45749819512578 ], [ 7.089727045737213, 51.458127270478109 ], [ 7.089700776144538, 51.458756345752938 ] ] ], [ [ [ 7.085731974207646, 51.481353692041438 ], [ 7.085705627823008, 51.481982763345016 ], [ 7.0867131281144, 51.48199920969639 ], [ 7.086686794620625, 51.482628281290673 ], [ 7.087694309712846, 51.482644719358937 ], [ 7.088701825759321, 51.48266114877584 ], [ 7.08872813156081, 51.482032076445691 ], [ 7.088754436408592, 51.481403004038036 ], [ 7.087746948053947, 51.481386575356801 ], [ 7.08777326579323, 51.480757503239474 ], [ 7.087799582578397, 51.480128431044655 ], [ 7.086792122867649, 51.480111994448464 ], [ 7.08681845254286, 51.479482922544129 ], [ 7.085811007630755, 51.479466477665568 ], [ 7.085784664111475, 51.480095549201721 ], [ 7.08575831963712, 51.480724620660332 ], [ 7.085731974207646, 51.481353692041438 ] ] ], [ [ [ 7.098852296082358, 51.383993893724423 ], [ 7.09985765101854, 51.384010205165708 ], [ 7.099831589824636, 51.384639292141884 ], [ 7.100836959472595, 51.384655595326691 ], [ 7.101842330063244, 51.384671889890086 ], [ 7.102847701596084, 51.384688175832046 ], [ 7.103853074070618, 51.384704453152551 ], [ 7.103827067010337, 51.385333541509148 ], [ 7.104832454195383, 51.385349810572166 ], [ 7.104858447486349, 51.384720721851586 ], [ 7.105863821842779, 51.384736981929137 ], [ 7.105889800424183, 51.384107892767446 ], [ 7.105915778065432, 51.383478803528412 ], [ 7.10594175476657, 51.382849714212021 ], [ 7.105967730527641, 51.382220624818288 ], [ 7.104962411243674, 51.382204366195765 ], [ 7.103957092900227, 51.382188098952518 ], [ 7.103931089604463, 51.382817187618592 ], [ 7.102925758434753, 51.382800911390511 ], [ 7.102951775497798, 51.382171823088569 ], [ 7.102977791619329, 51.381542734709285 ], [ 7.101972488925151, 51.38152645058895 ], [ 7.10096718717294, 51.381510157848155 ], [ 7.099961886363193, 51.381493856486934 ], [ 7.099935828941584, 51.382122943772721 ], [ 7.099909770576969, 51.382752030981131 ], [ 7.09890444317648, 51.382735720269665 ], [ 7.098878370101215, 51.383364807035754 ], [ 7.098852296082358, 51.383993893724423 ] ] ], [ [ [ 7.093261408205742, 51.421673533627143 ], [ 7.093235221348918, 51.422302614129293 ], [ 7.094241413291899, 51.422318982380951 ], [ 7.094267586350422, 51.421689901512494 ], [ 7.095273765442944, 51.421706260765148 ], [ 7.095299923755776, 51.421077179453157 ], [ 7.094293758461101, 51.421060820566602 ], [ 7.093287594114225, 51.421044453047536 ], [ 7.093261408205742, 51.421673533627143 ] ] ], [ [ [ 7.096867906263683, 51.431804255540484 ], [ 7.097874309032343, 51.431820594744536 ], [ 7.097848176027775, 51.432449675837638 ], [ 7.098854593549516, 51.432466006771314 ], [ 7.098880712747571, 51.431836925312723 ], [ 7.099887117408873, 51.431853247245044 ], [ 7.099913221854798, 51.431224165343764 ], [ 7.099939325355197, 51.430595083365091 ], [ 7.098932948305515, 51.430578762163329 ], [ 7.098959064665492, 51.429949680472539 ], [ 7.097952702366806, 51.429933351000763 ], [ 7.097978831585364, 51.429304269598006 ], [ 7.098004959857531, 51.428675188117829 ], [ 7.096998626113722, 51.428658850742053 ], [ 7.096972484037583, 51.429287931856592 ], [ 7.096946341014555, 51.429917012893704 ], [ 7.096920197044592, 51.430546093853394 ], [ 7.096894052127651, 51.431175174735642 ], [ 7.096867906263683, 51.431804255540484 ] ] ], [ [ [ 7.09518102029565, 51.448143971934321 ], [ 7.095207204617065, 51.447514893508675 ], [ 7.094200458433782, 51.447498527878217 ], [ 7.094174260293502, 51.448127605937543 ], [ 7.09518102029565, 51.448143971934321 ] ] ], [ [ [ 7.092852883638099, 51.455660157572169 ], [ 7.093859808555844, 51.455676536608699 ], [ 7.093886018090091, 51.455047459478742 ], [ 7.094892930132761, 51.455063829505704 ], [ 7.094919124892895, 51.454434751931863 ], [ 7.09391222667459, 51.454418382271335 ], [ 7.092905329405987, 51.454402003968042 ], [ 7.092879106997168, 51.45503108080883 ], [ 7.092852883638099, 51.455660157572169 ] ] ], [ [ [ 7.090602734763208, 51.461289054348576 ], [ 7.090576474239661, 51.461918129603269 ], [ 7.090550212764366, 51.462547204780492 ], [ 7.090523950337279, 51.463176279880216 ], [ 7.091531039289711, 51.46319268060801 ], [ 7.092538129193481, 51.463209072690383 ], [ 7.092564363959058, 51.462579996856554 ], [ 7.092590597773841, 51.46195092094527 ], [ 7.091583535531128, 51.461934529596789 ], [ 7.091609782224943, 51.461305453974965 ], [ 7.090602734763208, 51.461289054348576 ] ] ], [ [ [ 7.108159983208259, 51.377849483191625 ], [ 7.108185923923493, 51.377220392452401 ], [ 7.107180712881752, 51.37720415397785 ], [ 7.107154758403038, 51.377833244353809 ], [ 7.108159983208259, 51.377849483191625 ] ] ], [ [ [ 7.101555897646288, 51.391591849542721 ], [ 7.100550375567296, 51.391575550968724 ], [ 7.100524316826792, 51.392204637380907 ], [ 7.100498257143059, 51.392833723715682 ], [ 7.101503806771858, 51.392850023019001 ], [ 7.102509357343433, 51.392866313698391 ], [ 7.102535389476818, 51.392237226634471 ], [ 7.102561420667969, 51.391608139493158 ], [ 7.101555897646288, 51.391591849542721 ] ] ], [ [ [ 7.10278601230199, 51.410497012332641 ], [ 7.102759966613944, 51.41112609751719 ], [ 7.102733919982813, 51.411755182624354 ], [ 7.103739885928619, 51.41177146698319 ], [ 7.104745852817057, 51.411787742712235 ], [ 7.105751820647629, 51.41180400981149 ], [ 7.105777825907934, 51.411174923611732 ], [ 7.105803830226648, 51.410545837334624 ], [ 7.106809771418623, 51.410562095076457 ], [ 7.107815713551643, 51.410578344188835 ], [ 7.108821656625213, 51.410594584671756 ], [ 7.108795693676234, 51.411223672039689 ], [ 7.109801651479854, 51.411239904256341 ], [ 7.10977570138128, 51.411868991910197 ], [ 7.110781673915042, 51.411885215860188 ], [ 7.110807610223071, 51.411256127843295 ], [ 7.111813569905386, 51.411272342800522 ], [ 7.111839491484226, 51.410643254343505 ], [ 7.11186541212451, 51.410014165809201 ], [ 7.11287134516565, 51.410030371411416 ], [ 7.112897251078286, 51.409401282437216 ], [ 7.112923156052956, 51.408772193385737 ], [ 7.112949060089703, 51.408143104256993 ], [ 7.111943168414487, 51.408126899742619 ], [ 7.110937277677645, 51.408110686599471 ], [ 7.110911346064658, 51.408739775002807 ], [ 7.109905442478635, 51.408723552867919 ], [ 7.109931387879675, 51.408094464827563 ], [ 7.10892549902108, 51.408078234426931 ], [ 7.108899539832031, 51.408707322104092 ], [ 7.107893638125341, 51.408691082711371 ], [ 7.106887737359066, 51.408674834689762 ], [ 7.105881837533701, 51.408658578039272 ], [ 7.104875938649748, 51.408642312759945 ], [ 7.103870040707703, 51.408626038851772 ], [ 7.102864143708064, 51.408609756314789 ], [ 7.102838100849007, 51.409238841731444 ], [ 7.102812057046997, 51.409867927070728 ], [ 7.10278601230199, 51.410497012332641 ] ] ], [ [ [ 7.103600081238181, 51.439467442907585 ], [ 7.102593507083763, 51.439451151143999 ], [ 7.101586933873962, 51.439434850742138 ], [ 7.100580361609276, 51.439418541702032 ], [ 7.099573790290205, 51.439402224023688 ], [ 7.099547673548315, 51.440031304918847 ], [ 7.099521555860265, 51.440660385736614 ], [ 7.099495437226009, 51.441289466476974 ], [ 7.099469317645504, 51.441918547139949 ], [ 7.100475944217957, 51.441934866279254 ], [ 7.101482571736206, 51.44195117677954 ], [ 7.101456478838641, 51.442580258095447 ], [ 7.101430384995732, 51.443209339333983 ], [ 7.101404290207436, 51.443838420495133 ], [ 7.102410960116537, 51.443854723451075 ], [ 7.102384878198994, 51.444483804899768 ], [ 7.102358795336474, 51.445112886271097 ], [ 7.103365493823465, 51.445129181316851 ], [ 7.103339423833153, 51.445758262975552 ], [ 7.103313352898271, 51.446387344556882 ], [ 7.103287281018775, 51.447016426060863 ], [ 7.104294021903612, 51.447032713560255 ], [ 7.104267962898231, 51.447661795351458 ], [ 7.104241902948647, 51.448290877065311 ], [ 7.104215842054817, 51.448919958701815 ], [ 7.10418978021669, 51.449549040260969 ], [ 7.103182984053762, 51.449532751303224 ], [ 7.103209059712161, 51.44890367010867 ], [ 7.1022022783143, 51.448887372874346 ], [ 7.102176188835673, 51.449516453704106 ], [ 7.102150098411706, 51.450145534456503 ], [ 7.102124007042358, 51.450774615131529 ], [ 7.103130829902403, 51.450790913460267 ], [ 7.104137653707377, 51.450807203147235 ], [ 7.105144478456781, 51.450823484192426 ], [ 7.106151304150114, 51.450839756595819 ], [ 7.107158130786876, 51.450856020357392 ], [ 7.107132107581188, 51.451485102777248 ], [ 7.108138948982833, 51.451501358260835 ], [ 7.108112938656624, 51.452130440967231 ], [ 7.109119794823243, 51.452146688172448 ], [ 7.109093797377512, 51.452775771165228 ], [ 7.110100668309194, 51.452792010091677 ], [ 7.11110754018244, 51.452808240375653 ], [ 7.111081569441778, 51.453437324017941 ], [ 7.112088456079722, 51.453453546022544 ], [ 7.112062498222084, 51.454082629950683 ], [ 7.113069399624817, 51.454098843675503 ], [ 7.113043454651205, 51.454727927889316 ], [ 7.113017508737393, 51.455357012025871 ], [ 7.114024438730228, 51.455373217833291 ], [ 7.114050370818815, 51.454744133333968 ], [ 7.114076301967703, 51.454115048757401 ], [ 7.114102232176937, 51.453485964103599 ], [ 7.114128161446564, 51.452856879372526 ], [ 7.114154089776624, 51.452227794564216 ], [ 7.114180017167167, 51.451598709678663 ], [ 7.114205943618235, 51.450969624715846 ], [ 7.114231869129872, 51.450340539675793 ], [ 7.114257793702127, 51.449711454558482 ], [ 7.114283717335042, 51.449082369363936 ], [ 7.113276925571944, 51.44906616718368 ], [ 7.113302862085789, 51.44843708227453 ], [ 7.112296085082664, 51.448420871815763 ], [ 7.112322034476437, 51.447791787192209 ], [ 7.111315272233197, 51.447775568455299 ], [ 7.110308510930661, 51.44775934107745 ], [ 7.110282533897665, 51.448388424974731 ], [ 7.109275759716789, 51.448372188592522 ], [ 7.108268986477664, 51.448355943569211 ], [ 7.107262214180786, 51.44833968990482 ], [ 7.107288232672278, 51.447710607098394 ], [ 7.106281475137559, 51.447694345156926 ], [ 7.106307506505256, 51.447065262637146 ], [ 7.107314250221067, 51.447081524214624 ], [ 7.107340266827197, 51.446452441253548 ], [ 7.108346997667211, 51.446468693826553 ], [ 7.108372999512773, 51.445839610424386 ], [ 7.108399000416265, 51.445210526944905 ], [ 7.109405704562897, 51.445226770150235 ], [ 7.110412409651051, 51.445243004715437 ], [ 7.110438381978476, 51.444613920431713 ], [ 7.11046435336492, 51.443984836070712 ], [ 7.110490323810431, 51.44335575163241 ], [ 7.110516293315053, 51.44272666711683 ], [ 7.110542261878829, 51.442097582523978 ], [ 7.1095356258709, 51.442081349775549 ], [ 7.109561607308423, 51.441452265468719 ], [ 7.108554986056294, 51.441436024444634 ], [ 7.108580980366566, 51.440806940424025 ], [ 7.108606973735127, 51.440177856326102 ], [ 7.107600381052166, 51.440161607390451 ], [ 7.106593789311368, 51.440145349816255 ], [ 7.105587198513232, 51.440129083603516 ], [ 7.104580608658258, 51.440112808752247 ], [ 7.103574019746948, 51.44009652526249 ], [ 7.103600081238181, 51.439467442907585 ] ], [ [ 7.112244183474325, 51.44967904083105 ], [ 7.11221823125967, 51.450308125222804 ], [ 7.111211413734893, 51.450291905033701 ], [ 7.111185446758219, 51.450920988985096 ], [ 7.11017861635274, 51.450904759790994 ], [ 7.110204597151002, 51.450275676202864 ], [ 7.110230577007881, 51.449646592537434 ], [ 7.111237379770683, 51.449662821005013 ], [ 7.112244183474325, 51.44967904083105 ] ] ], [ [ [ 7.101247701622015, 51.44761290583719 ], [ 7.101273802083579, 51.446983825140286 ], [ 7.100267064034219, 51.446967511719137 ], [ 7.100240949754016, 51.4475965920509 ], [ 7.101247701622015, 51.44761290583719 ] ] ], [ [ [ 7.10423213676529, 51.472841297380164 ], [ 7.104206052849848, 51.473470376364851 ], [ 7.104179967988848, 51.474099455272167 ], [ 7.10518730542432, 51.474115741159295 ], [ 7.106194643804892, 51.474132018397427 ], [ 7.106220700986088, 51.473502938761087 ], [ 7.10624675722273, 51.472873859047418 ], [ 7.106272812514862, 51.472244779256435 ], [ 7.106298866862531, 51.471615699388124 ], [ 7.10632492026578, 51.470986619442499 ], [ 7.106350972724657, 51.470357539419538 ], [ 7.105343717376117, 51.470341264367718 ], [ 7.104336462972408, 51.470324980668074 ], [ 7.104310382838736, 51.470954059962118 ], [ 7.103303115543025, 51.470937767249943 ], [ 7.103277020626148, 51.471566846101872 ], [ 7.104284301759689, 51.471583139178811 ], [ 7.104258219735224, 51.472212218318155 ], [ 7.10423213676529, 51.472841297380164 ] ] ], [ [ [ 7.098005109524563, 51.477146940739317 ], [ 7.097978935932922, 51.477776016990539 ], [ 7.098986350735434, 51.477792356965878 ], [ 7.098960190038027, 51.478421433505538 ], [ 7.099967619632076, 51.478437765196496 ], [ 7.100975050174047, 51.478454088237235 ], [ 7.101982481663439, 51.478470402627728 ], [ 7.102008600831233, 51.477841324991722 ], [ 7.10301601942425, 51.477857630366884 ], [ 7.103042123802375, 51.477228552288466 ], [ 7.103068227234171, 51.476599474132705 ], [ 7.103094329719685, 51.475970395899573 ], [ 7.103120431258961, 51.475341317589098 ], [ 7.103146531852043, 51.474712239201274 ], [ 7.102139182467986, 51.474695935651269 ], [ 7.101131834030577, 51.474679623452161 ], [ 7.10110570575596, 51.475308701109761 ], [ 7.101079576534147, 51.475937778690003 ], [ 7.101053446365095, 51.476566856192882 ], [ 7.100046057351234, 51.47655053424846 ], [ 7.100072201361987, 51.475921457110999 ], [ 7.099064827137569, 51.475905126882544 ], [ 7.098057453861392, 51.475888788004639 ], [ 7.098031282167372, 51.476517864410681 ], [ 7.097023895998372, 51.476501516517366 ], [ 7.096997709513498, 51.47713059247998 ], [ 7.098005109524563, 51.477146940739317 ] ] ], [ [ [ 7.11014452150849, 51.378511026396865 ], [ 7.110170435634346, 51.377881935008979 ], [ 7.109165208952193, 51.377865713410031 ], [ 7.108159983208259, 51.377849483191625 ], [ 7.108134041554313, 51.378478573853528 ], [ 7.108108098961607, 51.379107664438102 ], [ 7.109113352234086, 51.379123895382698 ], [ 7.110118606444871, 51.379140117707465 ], [ 7.11014452150849, 51.378511026396865 ] ] ], [ [ [ 7.111559354830405, 51.393012541732567 ], [ 7.111585262984999, 51.392383451397023 ], [ 7.11057971772644, 51.392367238696657 ], [ 7.110553795796243, 51.392996328669469 ], [ 7.111559354830405, 51.393012541732567 ] ] ], [ [ [ 7.107711800952161, 51.413094691742977 ], [ 7.107737780513011, 51.412465604970429 ], [ 7.106731797008758, 51.412449354767197 ], [ 7.1067058036565, 51.413078441176111 ], [ 7.106679809363017, 51.413707527507697 ], [ 7.107685820450582, 51.413723778438211 ], [ 7.107711800952161, 51.413094691742977 ] ] ], [ [ [ 7.10851003918133, 51.418143627984435 ], [ 7.10848406494825, 51.418772714424655 ], [ 7.109490188270781, 51.418788951000749 ], [ 7.109464226893551, 51.419418037726999 ], [ 7.109438264576141, 51.420047124375934 ], [ 7.109412301318507, 51.420676210947562 ], [ 7.110418466972256, 51.420692439981167 ], [ 7.110444416432363, 51.420063353046352 ], [ 7.111450569228313, 51.420079573084351 ], [ 7.111476503951622, 51.41945048570927 ], [ 7.110470364952746, 51.419434266034251 ], [ 7.110496312533447, 51.418805178944844 ], [ 7.111502437735749, 51.418821398256902 ], [ 7.111528370580739, 51.418192310727242 ], [ 7.111554302486637, 51.417563223120318 ], [ 7.111580233453486, 51.416934135436094 ], [ 7.110574149637912, 51.416917917212878 ], [ 7.110600093460337, 51.41628882981432 ], [ 7.111606163481332, 51.416305047674612 ], [ 7.111632092570221, 51.415675959835838 ], [ 7.112638149736048, 51.415692168702115 ], [ 7.113644207840291, 51.41570836893731 ], [ 7.114650266882448, 51.415724560541371 ], [ 7.114676153651411, 51.415095471537754 ], [ 7.115682199837225, 51.415111654148546 ], [ 7.115656326862023, 51.415740743514299 ], [ 7.116662387778516, 51.415756917856065 ], [ 7.116688246959912, 51.415127828128355 ], [ 7.117694295018975, 51.415143993477187 ], [ 7.117720139470644, 51.414514903310511 ], [ 7.116714105204933, 51.414498738323431 ], [ 7.116739962513623, 51.413869648441263 ], [ 7.115733942977051, 51.413853475185299 ], [ 7.115759813141766, 51.413224385587817 ], [ 7.114753808334242, 51.413208204063388 ], [ 7.114727924377262, 51.413837293298748 ], [ 7.113721906714757, 51.413821102781647 ], [ 7.112715889990032, 51.413804903633995 ], [ 7.112689977510378, 51.414433992067302 ], [ 7.111683947931303, 51.414417783926432 ], [ 7.110677919291053, 51.414401567154854 ], [ 7.110651978286864, 51.415030654785305 ], [ 7.110626036343306, 51.415659742338462 ], [ 7.109619981055804, 51.415643516210011 ], [ 7.1095940243788, 51.41627260332276 ], [ 7.108587956237217, 51.416256368199967 ], [ 7.108561984825768, 51.416885454872094 ], [ 7.107555903830197, 51.416869210754577 ], [ 7.107529917683306, 51.41749829698589 ], [ 7.107503930595374, 51.418127383139868 ], [ 7.10851003918133, 51.418143627984435 ] ] ], [ [ [ 7.107244007948807, 51.424418240427087 ], [ 7.10727000444964, 51.423789155046308 ], [ 7.106263772623754, 51.423772898296058 ], [ 7.106237762322537, 51.424401983313011 ], [ 7.107244007948807, 51.424418240427087 ] ] ], [ [ [ 7.108996761289116, 51.430741585580684 ], [ 7.109022739596458, 51.430112500245897 ], [ 7.108016367860878, 51.430096257127921 ], [ 7.107990375748068, 51.430725342099194 ], [ 7.107964382693773, 51.431354426993131 ], [ 7.108970782040783, 51.43137067083817 ], [ 7.108996761289116, 51.430741585580684 ] ] ], [ [ [ 7.107704400359059, 51.437645271680374 ], [ 7.107678396945422, 51.438274355723863 ], [ 7.107652392589759, 51.438903439690044 ], [ 7.108658957647306, 51.438919687898348 ], [ 7.108632966162025, 51.439548772150879 ], [ 7.109639545973648, 51.439565012084465 ], [ 7.110646126726391, 51.439581243379649 ], [ 7.111652708419753, 51.439597466036417 ], [ 7.112659291053235, 51.439613680054755 ], [ 7.113665874626338, 51.43962988543462 ], [ 7.114672459138561, 51.439646082176026 ], [ 7.115679044589405, 51.439662270278923 ], [ 7.115653148854467, 51.440291356994514 ], [ 7.116659749056748, 51.440307536821038 ], [ 7.116685630978371, 51.439678449743326 ], [ 7.116711511962372, 51.439049362588385 ], [ 7.116737392008795, 51.438420275356208 ], [ 7.116763271117685, 51.437791188046816 ], [ 7.115756726165671, 51.437775009668769 ], [ 7.115782618148393, 51.437145922644248 ], [ 7.114776087945639, 51.437129735990567 ], [ 7.113769558681328, 51.437113540699151 ], [ 7.11276303035596, 51.437097336770037 ], [ 7.112788962832925, 51.436468250755688 ], [ 7.112814894370497, 51.435839164664081 ], [ 7.111808394605347, 51.435822952822988 ], [ 7.110801895780049, 51.435806732344609 ], [ 7.109795397895099, 51.435790503228979 ], [ 7.109821369922106, 51.4351614181492 ], [ 7.108814886787512, 51.435145180759733 ], [ 7.107808404594222, 51.435128934733257 ], [ 7.106801923342734, 51.43511268006975 ], [ 7.106775909887345, 51.435741764058704 ], [ 7.105769415768789, 51.43572550039422 ], [ 7.105743387561183, 51.436354583941835 ], [ 7.105717358410683, 51.436983667412115 ], [ 7.106723880149479, 51.436999931804628 ], [ 7.106697863866912, 51.437629015561605 ], [ 7.107704400359059, 51.437645271680374 ] ] ], [ [ [ 7.106038280879542, 51.477906494591714 ], [ 7.107045703255048, 51.477922765366394 ], [ 7.107071752261545, 51.477293685829707 ], [ 7.107097800323717, 51.476664606215706 ], [ 7.10712384744161, 51.476035526524392 ], [ 7.106116466593525, 51.476019256842513 ], [ 7.106142526608656, 51.475390177438143 ], [ 7.105135160546733, 51.475373899471144 ], [ 7.104127795430001, 51.475357612854786 ], [ 7.104101707732062, 51.475986691530089 ], [ 7.105109086690176, 51.476002978511076 ], [ 7.105083011888381, 51.476632057473701 ], [ 7.106090405633659, 51.476648336169582 ], [ 7.106064343729013, 51.477277415419316 ], [ 7.105056936141307, 51.477261136358962 ], [ 7.105030859448905, 51.477890215166902 ], [ 7.105004781811132, 51.478519293897506 ], [ 7.106012217085199, 51.478535573686798 ], [ 7.106038280879542, 51.477906494591714 ] ] ], [ [ [ 7.113984452977876, 51.382979475747078 ], [ 7.11395858642129, 51.383608567966533 ], [ 7.113932718928572, 51.38423766010871 ], [ 7.11493808795964, 51.384253842229974 ], [ 7.11491223330001, 51.384882934656922 ], [ 7.115917617036066, 51.384899108518532 ], [ 7.115943457926386, 51.38427001572974 ], [ 7.116948828828316, 51.384286180608008 ], [ 7.116974655014597, 51.383657087380321 ], [ 7.117000480266238, 51.383027994075398 ], [ 7.118005824565546, 51.383044149609248 ], [ 7.118031635114686, 51.382415055865671 ], [ 7.117026304583286, 51.382398900693239 ], [ 7.116020974986435, 51.382382736899856 ], [ 7.115015646324633, 51.382366564485565 ], [ 7.114989794471906, 51.382995657144292 ], [ 7.113984452977876, 51.382979475747078 ] ] ], [ [ [ 7.116716351085635, 51.389948016181556 ], [ 7.117721846864753, 51.389964175691787 ], [ 7.118727343578458, 51.389980326578737 ], [ 7.1187531506317, 51.389351233323296 ], [ 7.117747667691419, 51.389335082797679 ], [ 7.117773487583542, 51.388705989826356 ], [ 7.116768019350688, 51.388689831039194 ], [ 7.116742185685682, 51.389318923649007 ], [ 7.116716351085635, 51.389948016181556 ] ] ], [ [ [ 7.117696025103498, 51.39059326850866 ], [ 7.116690515550504, 51.390577108636876 ], [ 7.116664679080241, 51.39120620101496 ], [ 7.116638841674804, 51.391835293315808 ], [ 7.117644378777046, 51.391851453910711 ], [ 7.117618554211759, 51.392480546495911 ], [ 7.118624106024139, 51.392496698828332 ], [ 7.118649916814011, 51.391867605881757 ], [ 7.118675726669658, 51.391238512857974 ], [ 7.118701535591126, 51.390609419756963 ], [ 7.117696025103498, 51.39059326850866 ] ] ], [ [ [ 7.11457260095088, 51.417611827088727 ], [ 7.113566500524582, 51.417595634397614 ], [ 7.113540596209972, 51.41822472272986 ], [ 7.114546710431982, 51.418240915783336 ], [ 7.114520818975484, 51.418870004400702 ], [ 7.115526947931344, 51.418886189184455 ], [ 7.115552825591586, 51.418257100204897 ], [ 7.115578702314729, 51.417628011148111 ], [ 7.11457260095088, 51.417611827088727 ] ] ], [ [ [ 7.11753920865399, 51.418918532855557 ], [ 7.117565058721589, 51.418289443152204 ], [ 7.116558941688288, 51.41827327599453 ], [ 7.116533077824346, 51.418902365336074 ], [ 7.115526947931344, 51.418886189184455 ], [ 7.115501069333962, 51.419515278086756 ], [ 7.116507213023761, 51.419531454600381 ], [ 7.116481347286488, 51.420160543787453 ], [ 7.116455480612481, 51.420789632897289 ], [ 7.117461652834151, 51.420805801502233 ], [ 7.118467825992099, 51.42082196147441 ], [ 7.118441985978038, 51.42145105123052 ], [ 7.119448173870195, 51.421467202931403 ], [ 7.120454362697677, 51.421483345999313 ], [ 7.120428549345692, 51.42211243640093 ], [ 7.120402735058835, 51.422741526725353 ], [ 7.120376919837063, 51.423370616972569 ], [ 7.121383150997918, 51.42338675249075 ], [ 7.121357348641698, 51.424015843021898 ], [ 7.122363594537577, 51.424031970267393 ], [ 7.12336984136746, 51.424048088879104 ], [ 7.123395616122519, 51.423418997626335 ], [ 7.123421389944113, 51.422789906296408 ], [ 7.12344716283229, 51.422160814889303 ], [ 7.124453369195236, 51.422176923785635 ], [ 7.124479127350886, 51.421547831940877 ], [ 7.124504884573706, 51.420918740018948 ], [ 7.124530640863737, 51.420289648019889 ], [ 7.123524475896746, 51.420273540205017 ], [ 7.122518311862995, 51.420257423757491 ], [ 7.121512148762983, 51.420241298677304 ], [ 7.121537945513102, 51.419612207683066 ], [ 7.120531797144851, 51.419596074331324 ], [ 7.120557606757798, 51.41896698362094 ], [ 7.119551473121216, 51.418950841997997 ], [ 7.11854534041978, 51.418934691742869 ], [ 7.11753920865399, 51.418918532855557 ] ] ], [ [ [ 7.118416145028152, 51.422080140909401 ], [ 7.118441985978038, 51.42145105123052 ], [ 7.117435799021706, 51.421434890896677 ], [ 7.117409944272937, 51.422063980213906 ], [ 7.11640374445409, 51.422047810885282 ], [ 7.116377874969617, 51.422676899763438 ], [ 7.116352004548231, 51.423305988564344 ], [ 7.117358231966252, 51.423322158616692 ], [ 7.11836446032073, 51.423338320035526 ], [ 7.118390303142398, 51.422709230511067 ], [ 7.119396518632909, 51.422725382934892 ], [ 7.119422346719237, 51.422096292971744 ], [ 7.118416145028152, 51.422080140909401 ] ] ], [ [ [ 7.116352004548231, 51.423305988564344 ], [ 7.115345778067168, 51.423289809878497 ], [ 7.11433955252356, 51.423273622559179 ], [ 7.114313653564682, 51.423902710558529 ], [ 7.115319892908536, 51.42391889824011 ], [ 7.116326133189889, 51.423935077288021 ], [ 7.116352004548231, 51.423305988564344 ] ] ], [ [ [ 7.116892652600719, 51.434645750341467 ], [ 7.116918526085357, 51.434016662568716 ], [ 7.115912063993761, 51.434000486363104 ], [ 7.115886176700303, 51.434629573773805 ], [ 7.116892652600719, 51.434645750341467 ] ] ], [ [ [ 7.119731235314283, 51.439097848065074 ], [ 7.119705395769003, 51.439726936305242 ], [ 7.119679555287599, 51.440356024468194 ], [ 7.12068615923755, 51.440372169739717 ], [ 7.120660331633975, 51.441001258186844 ], [ 7.121666950333636, 51.441017395180744 ], [ 7.12267356996851, 51.44103352353563 ], [ 7.122647769058346, 51.441662612627766 ], [ 7.122621967213424, 51.442291701642745 ], [ 7.122596164433697, 51.442920790580544 ], [ 7.12158950335357, 51.442904661142649 ], [ 7.121563685822911, 51.443533749642256 ], [ 7.121537867356862, 51.444162838064692 ], [ 7.121512047955374, 51.444791926409955 ], [ 7.122518750485252, 51.444808056930974 ], [ 7.122492943965866, 51.445437145560092 ], [ 7.122467136511453, 51.44606623411206 ], [ 7.122441328121969, 51.446695322586848 ], [ 7.123448073041211, 51.446711445550292 ], [ 7.123422277535739, 51.447340534308815 ], [ 7.12241551879737, 51.447324410984486 ], [ 7.121408760994162, 51.44730827901919 ], [ 7.120402004126614, 51.447292138412962 ], [ 7.119395248195228, 51.447275989165803 ], [ 7.119421098976941, 51.446646901852013 ], [ 7.118414357801163, 51.44663074432561 ], [ 7.118388493200501, 51.447259831277727 ], [ 7.117381739142936, 51.447243664748783 ], [ 7.117355859785711, 51.447872751261848 ], [ 7.117329979490781, 51.448501837697684 ], [ 7.116323198731657, 51.448485661803737 ], [ 7.11629730367862, 51.449114747800273 ], [ 7.116271407687287, 51.449743833719573 ], [ 7.116245510757615, 51.450372919561673 ], [ 7.116219612889558, 51.451002005326522 ], [ 7.117226448933113, 51.451018182668861 ], [ 7.117200563948986, 51.451647268718609 ], [ 7.118207414752874, 51.451663437780844 ], [ 7.118233285914599, 51.451034351369167 ], [ 7.119240123833513, 51.451050511427425 ], [ 7.120246962689355, 51.451066662843623 ], [ 7.12022111917257, 51.451695749978583 ], [ 7.121227972787381, 51.451711893114037 ], [ 7.122234827338165, 51.45172802760721 ], [ 7.122209010531027, 51.452357115387485 ], [ 7.12321587984041, 51.452373241599311 ], [ 7.123241682824422, 51.451744153458051 ], [ 7.124248539245654, 51.451760270666568 ], [ 7.124274327472019, 51.451131182087387 ], [ 7.125281171005008, 51.451147290292987 ], [ 7.125306944474728, 51.450518201276076 ], [ 7.125332717010564, 51.449889112182042 ], [ 7.12633953383346, 51.449905211024728 ], [ 7.126365291614194, 51.449276121493199 ], [ 7.127372095549124, 51.449292211333912 ], [ 7.127397838575758, 51.448663121365108 ], [ 7.127423580669643, 51.448034031319189 ], [ 7.127449321830822, 51.447404941196126 ], [ 7.128456085237496, 51.447421021315371 ], [ 7.129462849576331, 51.447437092793542 ], [ 7.129488562166103, 51.44680800187372 ], [ 7.129514273824259, 51.446178910876796 ], [ 7.128507537123713, 51.446162840118092 ], [ 7.127500801355239, 51.446146760718698 ], [ 7.127526539718568, 51.445517670364296 ], [ 7.127552277149369, 51.444888579932787 ], [ 7.128558985281642, 51.44490465861238 ], [ 7.129565694345897, 51.444920728651667 ], [ 7.129591403209468, 51.444291637423454 ], [ 7.130598099387765, 51.444307698462922 ], [ 7.131604796497001, 51.444323750862246 ], [ 7.13163047679521, 51.443694658838133 ], [ 7.131656156163023, 51.443065566736955 ], [ 7.131681834600486, 51.44243647455869 ], [ 7.131707512107644, 51.441807382303352 ], [ 7.130700870263348, 51.441791331341172 ], [ 7.129694229349813, 51.441775271739601 ], [ 7.129668524211729, 51.442404363276218 ], [ 7.129642818142339, 51.443033454735719 ], [ 7.128636150528772, 51.443017385775484 ], [ 7.127629483847054, 51.443001308175525 ], [ 7.126622818097686, 51.442985221935857 ], [ 7.12664856561463, 51.442356131555925 ], [ 7.126674312198769, 51.441727041098858 ], [ 7.125667675013275, 51.441710946939978 ], [ 7.125693434479418, 51.441081856766019 ], [ 7.125719193012346, 51.440452766514909 ], [ 7.126725802568814, 51.440468859953342 ], [ 7.126751546354808, 51.439839769264893 ], [ 7.126777289208177, 51.439210678499315 ], [ 7.126803031128964, 51.438581587656607 ], [ 7.126828772117215, 51.43795249673677 ], [ 7.127835327354116, 51.437968580096324 ], [ 7.128841883523013, 51.437984654817683 ], [ 7.128867595955105, 51.437355563100986 ], [ 7.127861053598065, 51.437339488739383 ], [ 7.127886778910065, 51.436710397305333 ], [ 7.126880251296283, 51.436694314665736 ], [ 7.125873724614904, 51.436678223388377 ], [ 7.125899476616578, 51.436049132597311 ], [ 7.124892964678823, 51.436033033042577 ], [ 7.124918729557861, 51.435403942534684 ], [ 7.123912232363641, 51.435387834702937 ], [ 7.123886453674426, 51.436016924850286 ], [ 7.123860674051353, 51.436646014920484 ], [ 7.124867198866428, 51.43666212347329 ], [ 7.124841432120629, 51.437291213826882 ], [ 7.124815664441385, 51.437920304103301 ], [ 7.123809112003458, 51.4379041948294 ], [ 7.122802560499522, 51.437888076917432 ], [ 7.122828355802073, 51.437258987362291 ], [ 7.121821819044214, 51.437242861173182 ], [ 7.1208152832213, 51.437226726346218 ], [ 7.12078946029562, 51.437855815179283 ], [ 7.120763636434448, 51.438484903935169 ], [ 7.120737811637743, 51.439113992613869 ], [ 7.119731235314283, 51.439097848065074 ] ] ], [ [ [ 7.112368555195858, 51.471084090330486 ], [ 7.112394524629266, 51.47045500812542 ], [ 7.111387263622267, 51.470438784960848 ], [ 7.111361280351169, 51.471067866802706 ], [ 7.111335296138201, 51.471696948567299 ], [ 7.112342584821081, 51.471713172458273 ], [ 7.112368555195858, 51.471084090330486 ] ] ], [ [ [ 7.125794180415793, 51.414014819365654 ], [ 7.125768447244385, 51.414643912496437 ], [ 7.124762405505984, 51.414627816556361 ], [ 7.124736657609025, 51.415256909249827 ], [ 7.1237306030093, 51.415240804318422 ], [ 7.123704840385794, 51.415869896574314 ], [ 7.124710908779681, 51.41588600186612 ], [ 7.124685159017907, 51.416515094405256 ], [ 7.125691242138931, 51.416531191425946 ], [ 7.125665505239888, 51.417160284248155 ], [ 7.125639767408823, 51.41778937699322 ], [ 7.125614028645693, 51.418418469661162 ], [ 7.125588288950454, 51.419047562251947 ], [ 7.125562548323061, 51.419676654765588 ], [ 7.126568701357295, 51.419692744955 ], [ 7.126542973595447, 51.420321837751573 ], [ 7.125536806763471, 51.420305747202072 ], [ 7.125511064271635, 51.42093483956144 ], [ 7.126517244901853, 51.420950930471022 ], [ 7.127523426463861, 51.420967012747695 ], [ 7.127497710637265, 51.421596105749913 ], [ 7.128503906929393, 51.421612179753375 ], [ 7.129510104152356, 51.421628245123699 ], [ 7.130516302305654, 51.421644301860873 ], [ 7.13152250138879, 51.421660349964853 ], [ 7.131496839828444, 51.422289444327696 ], [ 7.131471177338713, 51.422918538613466 ], [ 7.1324774049507, 51.42293457880217 ], [ 7.132451755332047, 51.423563673369813 ], [ 7.132426104784421, 51.424192767860383 ], [ 7.133432360926934, 51.424208800133059 ], [ 7.133457997673512, 51.4235797052837 ], [ 7.133483633491617, 51.422950610357276 ], [ 7.134489862960961, 51.422966633278769 ], [ 7.134515484050541, 51.42233753791669 ], [ 7.134541104212237, 51.421708442477573 ], [ 7.133534902342581, 51.421692420273232 ], [ 7.132528701401266, 51.421676389435646 ], [ 7.132554348233267, 51.421047294636772 ], [ 7.13356053537553, 51.421063325115597 ], [ 7.133586167480183, 51.420434229880904 ], [ 7.133611798656583, 51.419805134569152 ], [ 7.133637428904777, 51.419176039180336 ], [ 7.132631283156678, 51.419160009777706 ], [ 7.132656926273763, 51.418530914670526 ], [ 7.132682568462231, 51.417901819486289 ], [ 7.13167645123632, 51.417885782169016 ], [ 7.131650795251338, 51.418514876994365 ], [ 7.131625138337239, 51.419143971742628 ], [ 7.130618994446962, 51.419127925075138 ], [ 7.129612851486345, 51.419111869775243 ], [ 7.128606709455888, 51.419095805842943 ], [ 7.128632407760756, 51.418466712172545 ], [ 7.128658105135012, 51.417837618425047 ], [ 7.1286838015787, 51.417208524600419 ], [ 7.128709497091863, 51.41657943069869 ], [ 7.128735191674545, 51.415950336719845 ], [ 7.129741264725596, 51.415966398854813 ], [ 7.129766944583459, 51.415337304439412 ], [ 7.130773004770018, 51.415353357583719 ], [ 7.130798669904057, 51.41472426273198 ], [ 7.12979262351143, 51.414708209946902 ], [ 7.129818301509554, 51.414079115377305 ], [ 7.128812269840161, 51.414063054320607 ], [ 7.12883796070137, 51.413433960033316 ], [ 7.128863650632321, 51.412804865668896 ], [ 7.127857647478422, 51.412788796700568 ], [ 7.127883350271008, 51.412159702618624 ], [ 7.127909052132927, 51.411530608459543 ], [ 7.126903077492846, 51.411514531580323 ], [ 7.126928792214947, 51.410885437703882 ], [ 7.12592283229675, 51.410869352554592 ], [ 7.124916873310129, 51.410853258775489 ], [ 7.124891131006549, 51.411482351931852 ], [ 7.124865387770851, 51.412111445011064 ], [ 7.124839643602989, 51.412740538013125 ], [ 7.125845643963257, 51.412756632872664 ], [ 7.125819912655402, 51.413385726157728 ], [ 7.126825927739635, 51.413401812746862 ], [ 7.126800209292782, 51.414030906314778 ], [ 7.125794180415793, 51.414014819365654 ] ] ], [ [ [ 7.134617959130446, 51.419821155697861 ], [ 7.134592341752144, 51.420450251368145 ], [ 7.134566723446089, 51.421079346961371 ], [ 7.135572912444445, 51.421095360174107 ], [ 7.135598516951859, 51.420466264222519 ], [ 7.135624120532016, 51.419837168193872 ], [ 7.134617959130446, 51.419821155697861 ] ] ], [ [ [ 7.135547307009733, 51.421724456048658 ], [ 7.136553510734573, 51.42174046098647 ], [ 7.1365791023701, 51.421111364753756 ], [ 7.135572912444445, 51.421095360174107 ], [ 7.135547307009733, 51.421724456048658 ] ] ], [ [ [ 7.136502324682944, 51.422998653220802 ], [ 7.136527918172203, 51.422369557142154 ], [ 7.135521700647678, 51.42235355184615 ], [ 7.135496093358237, 51.422982647566627 ], [ 7.136502324682944, 51.422998653220802 ] ] ], [ [ [ 7.127394838017095, 51.42411247698756 ], [ 7.127369117533382, 51.424741569604159 ], [ 7.126362853171177, 51.42472548516789 ], [ 7.126337117954129, 51.425354577347392 ], [ 7.126311381804978, 51.425983669449764 ], [ 7.127317673771242, 51.425999754605989 ], [ 7.127291950492725, 51.426628846991214 ], [ 7.128298257193456, 51.426644923872757 ], [ 7.129304564825378, 51.426660992119622 ], [ 7.130310873387993, 51.426677051731772 ], [ 7.1313171828808, 51.426693102709223 ], [ 7.13134285094776, 51.42606400888598 ], [ 7.132349147567261, 51.426080050869651 ], [ 7.132374800902074, 51.425450956610305 ], [ 7.132400453307778, 51.42482186227388 ], [ 7.132426104784421, 51.424192767860383 ], [ 7.131419849570925, 51.424176726953725 ], [ 7.131394184292779, 51.424805821008221 ], [ 7.13038791620734, 51.424789771108401 ], [ 7.129381649051963, 51.424773712574435 ], [ 7.128375382827143, 51.424757645406359 ], [ 7.128401089509531, 51.424128552429984 ], [ 7.127394838017095, 51.42411247698756 ] ] ], [ [ [ 7.131733188684541, 51.441178289970942 ], [ 7.131707512107644, 51.441807382303352 ], [ 7.132714154882201, 51.441823424626151 ], [ 7.132739817644067, 51.441194331934668 ], [ 7.132765479476216, 51.440565239166126 ], [ 7.132791140378693, 51.439936146320498 ], [ 7.131784539047727, 51.439920105074862 ], [ 7.130777938646889, 51.439904055190418 ], [ 7.130752250116394, 51.440533147317758 ], [ 7.13072656065523, 51.441162239368005 ], [ 7.131733188684541, 51.441178289970942 ] ] ] ] } },
{ "type": "Feature", "properties": { "spot": "hotspot" }, "geometry": { "type": "MultiPolygon", "coordinates": [ [ [ [ 6.925822156663393, 51.361542596348251 ], [ 6.925850579969618, 51.360913573232679 ], [ 6.925879002247763, 51.360284550037903 ], [ 6.924874272803707, 51.360266751946064 ], [ 6.924845836781548, 51.360895774742779 ], [ 6.924817399730812, 51.361524797460277 ], [ 6.925822156663393, 51.361542596348251 ] ] ], [ [ [ 6.945945658968064, 51.361267734566134 ], [ 6.945973806355659, 51.360638703450356 ], [ 6.944969056445237, 51.360621077590707 ], [ 6.944940895312652, 51.361250108312262 ], [ 6.945945658968064, 51.361267734566134 ] ] ], [ [ [ 6.937766276211198, 51.364271621997268 ], [ 6.937738012731551, 51.364900649479409 ], [ 6.936733174761232, 51.364882951955344 ], [ 6.936704896511091, 51.365511978962566 ], [ 6.936676617237985, 51.366141005890704 ], [ 6.936648336941868, 51.36677003273973 ], [ 6.936620055622688, 51.36739905950968 ], [ 6.937624948588283, 51.367416758617175 ], [ 6.937596679996053, 51.368045785703906 ], [ 6.938601587734373, 51.368063476593306 ], [ 6.939606496494861, 51.368081158868726 ], [ 6.940611406277017, 51.368098832530116 ], [ 6.940639633618773, 51.367469804256892 ], [ 6.941644530671848, 51.367487468909161 ], [ 6.94167274324272, 51.366858440161785 ], [ 6.941700954793014, 51.366229411335375 ], [ 6.942705825367598, 51.366247066583973 ], [ 6.942734022148544, 51.365618037283632 ], [ 6.942762217909505, 51.364989007904271 ], [ 6.942790412650528, 51.364359978445883 ], [ 6.942818606371662, 51.363730948908476 ], [ 6.942846799072957, 51.363101919292028 ], [ 6.943851601928222, 51.363119563953767 ], [ 6.943879779863344, 51.362490533863657 ], [ 6.943907956779218, 51.361861503694541 ], [ 6.944912733161415, 51.361879138954833 ], [ 6.944940895312652, 51.361250108312262 ], [ 6.943936132675894, 51.361232473446385 ], [ 6.943964307553422, 51.360603443119238 ], [ 6.942959559680705, 51.360585800035999 ], [ 6.941954812827587, 51.360568148340995 ], [ 6.941926610460323, 51.361197177878729 ], [ 6.940921850882503, 51.361179517177 ], [ 6.940893633749804, 51.361808546240688 ], [ 6.939888861447377, 51.361790876531842 ], [ 6.939860629548252, 51.3624199051213 ], [ 6.938855844521318, 51.36240222640496 ], [ 6.938827597854774, 51.363031254519953 ], [ 6.937822800103429, 51.363013566795757 ], [ 6.937794538668475, 51.363642594436051 ], [ 6.937766276211198, 51.364271621997268 ] ] ], [ [ [ 6.938007999854254, 51.381273035458598 ], [ 6.939013197482777, 51.381290726041925 ], [ 6.940018396133993, 51.381308408007193 ], [ 6.941023595807406, 51.381326081354395 ], [ 6.941051830843356, 51.380697054345909 ], [ 6.941080064857653, 51.380068027258375 ], [ 6.941108297850349, 51.379439000091793 ], [ 6.941136529821489, 51.378809972846177 ], [ 6.941164760771126, 51.378180945521528 ], [ 6.940159629896173, 51.378163274150914 ], [ 6.940187873582554, 51.377534247142492 ], [ 6.939182757487707, 51.377516567550245 ], [ 6.938177642415264, 51.37749887934109 ], [ 6.938149371212626, 51.378127905558358 ], [ 6.937144243405024, 51.37811020833648 ], [ 6.937115957420887, 51.3787392340788 ], [ 6.937087670413257, 51.37936825974203 ], [ 6.937059382382086, 51.379997285326191 ], [ 6.938064551466835, 51.380014983735727 ], [ 6.938036276172117, 51.380644009636697 ], [ 6.938007999854254, 51.381273035458598 ] ] ], [ [ [ 6.945400302860988, 51.463240406844655 ], [ 6.945372044175713, 51.463869426663891 ], [ 6.944365029335911, 51.463851770581378 ], [ 6.94433675579964, 51.464480789926412 ], [ 6.944308481238706, 51.465109809192469 ], [ 6.945315523732773, 51.465127466065439 ], [ 6.946322567251054, 51.465145114294508 ], [ 6.946294319321224, 51.465774134271847 ], [ 6.947301377691193, 51.465791774251841 ], [ 6.948308437084425, 51.465809405587706 ], [ 6.949315497500415, 51.465827028279421 ], [ 6.950322558938665, 51.46584464232695 ], [ 6.951329621398674, 51.465862247730293 ], [ 6.952336684879942, 51.465879844489407 ], [ 6.952364849841152, 51.465250822145826 ], [ 6.952393013781654, 51.464621799723332 ], [ 6.953400050627633, 51.464639387050823 ], [ 6.954407088493773, 51.464656965734456 ], [ 6.955414127379573, 51.464674535774193 ], [ 6.956421167284535, 51.464692097170015 ], [ 6.956393058655422, 51.465321121166092 ], [ 6.957400113407012, 51.465338674310892 ], [ 6.958407169176812, 51.465356218811543 ], [ 6.95843525014994, 51.46472719402982 ], [ 6.959442293109383, 51.464744729493773 ], [ 6.959470359237282, 51.464115704240719 ], [ 6.958463330105405, 51.464098169169269 ], [ 6.958491409043259, 51.463469144229883 ], [ 6.95851948696355, 51.462840119211634 ], [ 6.95751248650282, 51.462822576281795 ], [ 6.957484394756011, 51.463451600907348 ], [ 6.956477381486827, 51.463434048941266 ], [ 6.956505487060104, 51.462805024708594 ], [ 6.955498488635903, 51.462787464492031 ], [ 6.955526607016584, 51.462158440573553 ], [ 6.954519623437268, 51.462140872106907 ], [ 6.953512640877419, 51.462123294997141 ], [ 6.953540785889829, 51.461494271786485 ], [ 6.953568929882321, 51.460865248496937 ], [ 6.952561975992483, 51.460847663531332 ], [ 6.95259013278938, 51.460218640556498 ], [ 6.951583193744137, 51.460201047341997 ], [ 6.950576255719712, 51.460183445485015 ], [ 6.950548071274413, 51.460812467672064 ], [ 6.949541120447181, 51.460794856778435 ], [ 6.948534170641818, 51.460777237242183 ], [ 6.948505957525946, 51.461406258561688 ], [ 6.947498994918422, 51.461388629988242 ], [ 6.947470766955104, 51.462017650834213 ], [ 6.947442537968819, 51.46264667160122 ], [ 6.946435548733752, 51.462629033595398 ], [ 6.946407304898472, 51.463258053888637 ], [ 6.945400302860988, 51.463240406844655 ] ] ], [ [ [ 6.952893192466602, 51.475961785670663 ], [ 6.952865023982629, 51.476590807066657 ], [ 6.952836854477566, 51.477219828383767 ], [ 6.952808683951367, 51.477848849621964 ], [ 6.95278051240398, 51.478477870781276 ], [ 6.952752339835359, 51.479106891861669 ], [ 6.951744984823994, 51.479089295476662 ], [ 6.951716797394805, 51.479718316084231 ], [ 6.951688608943781, 51.48034733661288 ], [ 6.951660419470875, 51.48097635706263 ], [ 6.952667816001594, 51.480993954629469 ], [ 6.953675213553742, 51.48101154354741 ], [ 6.95370337534603, 51.480382522309945 ], [ 6.954710760078726, 51.480400102185406 ], [ 6.955718145831802, 51.480417673412113 ], [ 6.955746278923394, 51.479788651308837 ], [ 6.95675365185637, 51.47980621349361 ], [ 6.956781770088651, 51.479177190918307 ], [ 6.95778913020143, 51.479194744061516 ], [ 6.957817233575403, 51.478565721014405 ], [ 6.958824580867886, 51.478583265116434 ], [ 6.9598319291786, 51.47860080057022 ], [ 6.960839278507044, 51.478618327375742 ], [ 6.961846628852719, 51.478635845532978 ], [ 6.962853980215122, 51.478653355041899 ], [ 6.962882013377, 51.47802432995411 ], [ 6.963889351916813, 51.478041830422917 ], [ 6.964896691472306, 51.478059322243588 ], [ 6.965904032042975, 51.478076805416059 ], [ 6.965932022673575, 51.47744777907473 ], [ 6.966939350420459, 51.477465253207825 ], [ 6.966967326198464, 51.476836226396529 ], [ 6.967974641121466, 51.476853691490611 ], [ 6.968002602047882, 51.476224664209596 ], [ 6.968030561960766, 51.475595636849853 ], [ 6.969037850222729, 51.475613092514507 ], [ 6.969009904146903, 51.476242120265049 ], [ 6.970017207258954, 51.476259567672813 ], [ 6.969989274007707, 51.476888595735197 ], [ 6.970996591969945, 51.476906034885666 ], [ 6.970968671544275, 51.477535063259765 ], [ 6.970940750106481, 51.478164091555129 ], [ 6.971948096757707, 51.478181522838135 ], [ 6.971920188146945, 51.478810551445051 ], [ 6.970912827656512, 51.478793119771794 ], [ 6.97088490419432, 51.479422147909759 ], [ 6.971892278524462, 51.47943957997326 ], [ 6.971864367890207, 51.480068608422776 ], [ 6.970856979719858, 51.480051175969017 ], [ 6.970829054233076, 51.480680203949568 ], [ 6.970801127733925, 51.481309231851405 ], [ 6.969793712894074, 51.481291789967834 ], [ 6.969765771540845, 51.481920817400471 ], [ 6.96973782917465, 51.482549844754395 ], [ 6.968730387663988, 51.482532393440209 ], [ 6.968702430442163, 51.48316142032472 ], [ 6.967694976102449, 51.483143959970029 ], [ 6.967667004023993, 51.483772986384892 ], [ 6.966659536855324, 51.483755516989319 ], [ 6.966631549919236, 51.484384542934329 ], [ 6.965624069921708, 51.484367064497498 ], [ 6.965596068126985, 51.484996089972448 ], [ 6.964588575300696, 51.484978602493996 ], [ 6.964560558646336, 51.485607627498659 ], [ 6.963553052991384, 51.485590130978181 ], [ 6.963525021476384, 51.486219155512352 ], [ 6.962517502992866, 51.486201649949486 ], [ 6.962489456616227, 51.48683067401295 ], [ 6.961481925304239, 51.486813159407326 ], [ 6.960474395009614, 51.486795636150859 ], [ 6.960446319924598, 51.487424659351078 ], [ 6.959438776802152, 51.487407127051306 ], [ 6.959410686853038, 51.488036149780164 ], [ 6.958403130902867, 51.488018608436704 ], [ 6.958375026088653, 51.488647630694025 ], [ 6.957367457310855, 51.488630080306493 ], [ 6.956359889552568, 51.488612521267633 ], [ 6.956331756025213, 51.489241542660046 ], [ 6.955324175439947, 51.489223974576561 ], [ 6.954316595875245, 51.48920639784162 ], [ 6.954288433632889, 51.489835418368294 ], [ 6.953280841241854, 51.48981783258818 ], [ 6.953252664130487, 51.490446852642251 ], [ 6.953224485997458, 51.491075872617429 ], [ 6.952216866931839, 51.491058277397826 ], [ 6.952188673928247, 51.491687296900174 ], [ 6.952160479902392, 51.492316316323603 ], [ 6.952132284854226, 51.492945335668132 ], [ 6.952104088783701, 51.493574354933749 ], [ 6.952075891690766, 51.494203374120474 ], [ 6.953083580005647, 51.494220971309907 ], [ 6.953055395741612, 51.494849990811716 ], [ 6.953027210455571, 51.495479010234639 ], [ 6.952999024147476, 51.496108029578657 ], [ 6.952970836817277, 51.496737048843769 ], [ 6.95196309309396, 51.496719450078274 ], [ 6.951934890888247, 51.497348468870456 ], [ 6.951906687659831, 51.497977487583739 ], [ 6.951878483408663, 51.49860650621811 ], [ 6.952886268693571, 51.498624106165771 ], [ 6.953894055000777, 51.498641697459092 ], [ 6.954901842329781, 51.498659280098074 ], [ 6.954873678620558, 51.499288299835186 ], [ 6.955881480825871, 51.499305874213277 ], [ 6.956889284052028, 51.499323439936795 ], [ 6.957897088298526, 51.499340997005703 ], [ 6.957868965134649, 51.499970017843872 ], [ 6.958876784256649, 51.499987566651065 ], [ 6.959884604398038, 51.500005106803428 ], [ 6.959856507926644, 51.500634128348437 ], [ 6.96086434294318, 51.500651660238475 ], [ 6.961872178978148, 51.500669183473455 ], [ 6.96288001603105, 51.500686698053322 ], [ 6.962851960111153, 51.501315720696596 ], [ 6.963859812038391, 51.50133322701334 ], [ 6.963831768958424, 51.501962249969814 ], [ 6.963803724861432, 51.502591272847503 ], [ 6.964811605521066, 51.502608771292522 ], [ 6.965819487197274, 51.502626261081787 ], [ 6.965791469800177, 51.503255284664164 ], [ 6.966799366351016, 51.503272766189106 ], [ 6.967807263917473, 51.503290239058067 ], [ 6.968815162499049, 51.503307703271048 ], [ 6.96982306209524, 51.503325158828005 ], [ 6.970830962705544, 51.503342605728939 ], [ 6.97183886432946, 51.503360043973807 ], [ 6.972846766966488, 51.503377473562608 ], [ 6.972874687352655, 51.502748447244286 ], [ 6.972902606726261, 51.502119420847293 ], [ 6.973910482658602, 51.502136840999846 ], [ 6.9739383871618, 51.501507814134122 ], [ 6.974946250248207, 51.501525225241089 ], [ 6.975954114346075, 51.501542627692515 ], [ 6.975926237558812, 51.502171655337783 ], [ 6.97693411652568, 51.502189049523103 ], [ 6.976906252585953, 51.502818077479198 ], [ 6.97687838763567, 51.50344710535667 ], [ 6.976850521674787, 51.504076133155479 ], [ 6.977858443229436, 51.50409351985293 ], [ 6.977830590117998, 51.504722547962423 ], [ 6.97883852654294, 51.504739926392602 ], [ 6.978810686281951, 51.50536895481261 ], [ 6.979818637577282, 51.505386324975127 ], [ 6.980826589881856, 51.505403686480847 ], [ 6.980798776333562, 51.50603271559995 ], [ 6.98077096177648, 51.506661744640482 ], [ 6.98177894281288, 51.506679098266503 ], [ 6.982786924857617, 51.506696443235278 ], [ 6.983794907910186, 51.506713779546786 ], [ 6.9837671339313, 51.507342809673894 ], [ 6.983739358945035, 51.507971839722437 ], [ 6.984747370730318, 51.507989168152697 ], [ 6.985755383522529, 51.508006487925265 ], [ 6.986763397321163, 51.508023799040124 ], [ 6.986735662917948, 51.508652830173624 ], [ 6.987743691586094, 51.508670133018192 ], [ 6.987771412125721, 51.508041101497241 ], [ 6.987799131659926, 51.507412069897782 ], [ 6.98782685018876, 51.50678303821978 ], [ 6.987854567712269, 51.506154006463262 ], [ 6.987882284230502, 51.505524974628216 ], [ 6.988890244590949, 51.505542266878656 ], [ 6.988862541934346, 51.506171299100913 ], [ 6.988834838272968, 51.506800331244662 ], [ 6.989842827361999, 51.506817615612164 ], [ 6.989815136558481, 51.507446648064445 ], [ 6.990823140514562, 51.507463924161399 ], [ 6.99085081745535, 51.506834891322271 ], [ 6.990878493392319, 51.506205858404641 ], [ 6.990906168325519, 51.505576825408532 ], [ 6.990933842254995, 51.50494779233393 ], [ 6.990961515180797, 51.50431875918084 ], [ 6.990989187102973, 51.503689725949265 ], [ 6.991016858021571, 51.503060692639174 ], [ 6.990008951094061, 51.503043419249948 ], [ 6.990036634868345, 51.502414386248162 ], [ 6.990064317638646, 51.501785353167868 ], [ 6.990091999405011, 51.501156320009081 ], [ 6.990119680167488, 51.500527286771778 ], [ 6.990147359926126, 51.499898253455989 ], [ 6.990175038680972, 51.499269220061684 ], [ 6.990202716432074, 51.498640186588879 ], [ 6.991210526355597, 51.498657457270902 ], [ 6.991238189247297, 51.498028423332897 ], [ 6.99224598631826, 51.498045684973491 ], [ 6.992218337282313, 51.498674719298002 ], [ 6.992190687243675, 51.499303753544034 ], [ 6.992163036202294, 51.499932787711593 ], [ 6.993170875844814, 51.499950041856422 ], [ 6.994178716489618, 51.499967287345918 ], [ 6.994151092160112, 51.500596322207485 ], [ 6.994123466828772, 51.501225356990602 ], [ 6.994095840495552, 51.501854391695254 ], [ 6.994068213160402, 51.502483426321433 ], [ 6.995076110239615, 51.502500664699475 ], [ 6.996084008320301, 51.502517894421374 ], [ 6.997091907401962, 51.502535115487078 ], [ 6.997119493160244, 51.501906079703502 ], [ 6.998127379383325, 51.501923291727614 ], [ 6.998099807484095, 51.502552327896616 ], [ 6.999107708566196, 51.502569531649932 ], [ 6.999080149526597, 51.503198568125732 ], [ 7.000088065467818, 51.503215763607848 ], [ 7.001095982408054, 51.503232950433521 ], [ 7.001068450089285, 51.503861987600828 ], [ 7.00207638188828, 51.503879166154697 ], [ 7.002103900346802, 51.503250128602744 ], [ 7.002131417807312, 51.502621090972411 ], [ 7.003139322884279, 51.502638260100682 ], [ 7.003166825487535, 51.502009222007551 ], [ 7.003194327093376, 51.501380183836041 ], [ 7.00420220544963, 51.501397343539516 ], [ 7.004229692199771, 51.500768304905414 ], [ 7.004257177953095, 51.50013926619296 ], [ 7.004284662709649, 51.499510227402155 ], [ 7.005292500489124, 51.499527377297611 ], [ 7.005319970392079, 51.498898338044448 ], [ 7.005347439298862, 51.498269298712948 ], [ 7.00537490720952, 51.497640259303104 ], [ 7.004367110999175, 51.497623110559616 ], [ 7.004394591769129, 51.496994071455418 ], [ 7.004422071542553, 51.496365032272848 ], [ 7.004449550319495, 51.495735993011934 ], [ 7.004477028100001, 51.495106953672661 ], [ 7.00450450488412, 51.494477914255029 ], [ 7.003496778941965, 51.494460758777478 ], [ 7.003524268582562, 51.493831719665636 ], [ 7.002516557490019, 51.49381455591859 ], [ 7.002544059986092, 51.493185517112671 ], [ 7.001536363743065, 51.493168345096542 ], [ 7.001563879093611, 51.492539306596719 ], [ 7.000556197700004, 51.49252212631189 ], [ 7.000583725904022, 51.491893088118331 ], [ 6.99957605935974, 51.491875899565215 ], [ 6.999603600416223, 51.491246861678121 ], [ 6.9996311404741, 51.490617823712611 ], [ 6.999658679533415, 51.489988785668729 ], [ 7.000666304527336, 51.490005973067355 ], [ 7.001673930519265, 51.490023151813595 ], [ 7.001701440881784, 51.489394112921858 ], [ 7.002709054022011, 51.489411282631274 ], [ 7.002736549538358, 51.488782243276745 ], [ 7.003744149826784, 51.488799403949706 ], [ 7.003771630497957, 51.4881703641326 ], [ 7.004779217934489, 51.488187515769496 ], [ 7.004806683761494, 51.487558475490012 ], [ 7.003799110172767, 51.487541324237121 ], [ 7.002791537580356, 51.487524164332569 ], [ 7.002819030106105, 51.486895124742929 ], [ 7.001811472357722, 51.486877956571099 ], [ 7.00183897773341, 51.486248917287462 ], [ 7.001866482111874, 51.485619877925444 ], [ 7.001893985493163, 51.484990838485025 ], [ 7.000886470280527, 51.484973662815442 ], [ 7.000913986509845, 51.484344623681203 ], [ 7.001921487877324, 51.484361798966248 ], [ 7.001948989264403, 51.483732759369083 ], [ 7.001976489654452, 51.483103719693538 ], [ 7.002983964330105, 51.483120885559281 ], [ 7.003011449879468, 51.482491845421052 ], [ 7.004018911707854, 51.482509002252385 ], [ 7.004046382417531, 51.481879961651671 ], [ 7.005053831398557, 51.481897109448987 ], [ 7.00606128137497, 51.481914248596325 ], [ 7.006033838351932, 51.482543289964667 ], [ 7.006006394333961, 51.483172331254671 ], [ 7.005978949321009, 51.483801372466338 ], [ 7.005951503313029, 51.484430413599661 ], [ 7.006959009660899, 51.484447545631205 ], [ 7.006931576503237, 51.48507658706977 ], [ 7.006904142350954, 51.485705628429997 ], [ 7.007911677384785, 51.485722752577551 ], [ 7.008919213412785, 51.485739868073935 ], [ 7.008946619873133, 51.485110825947118 ], [ 7.009954143048762, 51.48512793240932 ], [ 7.009981534669953, 51.484498889821218 ], [ 7.010008925298069, 51.483869847154835 ], [ 7.010036314933164, 51.483240804410137 ], [ 7.011043797566658, 51.483257901072975 ], [ 7.011071172364693, 51.482628857867226 ], [ 7.0110985461703, 51.48199981458319 ], [ 7.012106002108511, 51.482016901830448 ], [ 7.012133361078608, 51.481387858085576 ], [ 7.012160719056872, 51.480758814262437 ], [ 7.011153290804415, 51.48074172778027 ], [ 7.011180661633022, 51.480112684261371 ], [ 7.010173248214929, 51.480095589512253 ], [ 7.010200631892874, 51.479466546297786 ], [ 7.010228014578128, 51.478837503005025 ], [ 7.010255396270737, 51.478208459633976 ], [ 7.011262768165599, 51.478225553234999 ], [ 7.011290135025536, 51.477596509402964 ], [ 7.011317500893425, 51.476967465492663 ], [ 7.011344865769312, 51.47633842150406 ], [ 7.011372229653245, 51.475709377437184 ], [ 7.010364913115682, 51.475692285366812 ], [ 7.010392289845781, 51.475063241604282 ], [ 7.010419665583522, 51.474434197763458 ], [ 7.009412377713913, 51.474417097810623 ], [ 7.009439766296365, 51.473788054274316 ], [ 7.009467153886053, 51.473159010659714 ], [ 7.008459894682708, 51.473141902825155 ], [ 7.008487295115652, 51.472512859515227 ], [ 7.008514694555426, 51.471883816126983 ], [ 7.008542093002077, 51.471254772660423 ], [ 7.00753487629823, 51.471237657328061 ], [ 7.007562287586231, 51.470608614166338 ], [ 7.007589697880703, 51.469979570926277 ], [ 7.007617107181694, 51.469350527607908 ], [ 7.007644515489252, 51.468721484211201 ], [ 7.00663735511349, 51.468704361765425 ], [ 7.006664776260036, 51.468075318673691 ], [ 7.007671922803423, 51.468092440736179 ], [ 7.007699329124256, 51.467463397182833 ], [ 7.008706462829057, 51.46748051021649 ], [ 7.009713597526648, 51.467497614604582 ], [ 7.010720733216531, 51.467514710347096 ], [ 7.011727869898203, 51.467531797444003 ], [ 7.012735007571164, 51.467548875895304 ], [ 7.012762343741118, 51.466919830350157 ], [ 7.013769468573207, 51.4669368997737 ], [ 7.013796789921258, 51.466307853768186 ], [ 7.013824110279118, 51.465678807684398 ], [ 7.014831208439535, 51.465695867698663 ], [ 7.015838307589599, 51.465712919067812 ], [ 7.016845407728808, 51.465729961791858 ], [ 7.017852508856663, 51.465746995870759 ], [ 7.017825243821916, 51.466376043480992 ], [ 7.018832359768813, 51.46639306929584 ], [ 7.018805107577269, 51.467022117208984 ], [ 7.019812238343301, 51.467039134759425 ], [ 7.019784998995962, 51.467668182975324 ], [ 7.019757758661337, 51.468297231112999 ], [ 7.020764918079091, 51.468314240779371 ], [ 7.020737690590124, 51.468943289219638 ], [ 7.021744864827749, 51.468960290620636 ], [ 7.022752040051754, 51.468977283375409 ], [ 7.022724839243034, 51.4696063324985 ], [ 7.023732029286553, 51.46962331698726 ], [ 7.023704841326041, 51.47025236641241 ], [ 7.024712046189166, 51.470269342634765 ], [ 7.025719252037265, 51.470286310210476 ], [ 7.026726458869835, 51.470303269139507 ], [ 7.027733666686378, 51.470320219421851 ], [ 7.027760799309879, 51.469691168477752 ], [ 7.027787930949958, 51.469062117455522 ], [ 7.02879511208173, 51.46907905833266 ], [ 7.028822228905063, 51.468450006853089 ], [ 7.029829397186296, 51.468466938704843 ], [ 7.029856499193884, 51.467837886768137 ], [ 7.029883600219191, 51.467208834753336 ], [ 7.028876459603288, 51.467191903659639 ], [ 7.027869319970121, 51.467174963920186 ], [ 7.026862181320189, 51.467158015534984 ], [ 7.026889322858864, 51.466528964579709 ], [ 7.027896447676975, 51.466545912585509 ], [ 7.02792357440064, 51.465916861172722 ], [ 7.028930686370573, 51.465933800153778 ], [ 7.029937799323147, 51.46595073048946 ], [ 7.03094491325786, 51.465967652179742 ], [ 7.031952028174214, 51.465984565224609 ], [ 7.032959144071708, 51.46600146962404 ], [ 7.033966260949843, 51.466018365378012 ], [ 7.03399330370446, 51.465389311614899 ], [ 7.035000407731585, 51.465406198345384 ], [ 7.035027435675464, 51.464777144126202 ], [ 7.036034526851485, 51.464794021833555 ], [ 7.036061539985623, 51.464164967158531 ], [ 7.036088552140764, 51.463535912405462 ], [ 7.037095616635848, 51.463552780712455 ], [ 7.038102682109382, 51.463569640374693 ], [ 7.038129665627043, 51.462940584788605 ], [ 7.039136718249194, 51.462957435428848 ], [ 7.039163686960116, 51.462328379387557 ], [ 7.039190654693683, 51.461699323268256 ], [ 7.040197680635975, 51.461716164509895 ], [ 7.040224633564351, 51.461087107935612 ], [ 7.041231646655527, 51.461103940156214 ], [ 7.041258584779714, 51.460474883127155 ], [ 7.041285521927684, 51.459845826020114 ], [ 7.042292508340676, 51.45986264884349 ], [ 7.042319430686004, 51.459233591281908 ], [ 7.04234635205571, 51.458604533642358 ], [ 7.041339393295164, 51.458587711572122 ], [ 7.041366327514767, 51.457958654231149 ], [ 7.040359383555725, 51.457941823894359 ], [ 7.040332435510695, 51.458570880858588 ], [ 7.039325478702803, 51.45855404150177 ], [ 7.038318522871985, 51.458537193501712 ], [ 7.038291546198668, 51.459166249633867 ], [ 7.037284577519642, 51.459149392613234 ], [ 7.037311568018746, 51.458520336858413 ], [ 7.037338557539773, 51.457891281025574 ], [ 7.03736554608277, 51.457262225114704 ], [ 7.037392533647784, 51.456633169125816 ], [ 7.036385621246837, 51.45661630497181 ], [ 7.036412621657655, 51.455987249282401 ], [ 7.036439621090082, 51.455358193514954 ], [ 7.035432737314456, 51.455341321473668 ], [ 7.034425854517673, 51.455324440790186 ], [ 7.033418972700232, 51.455307551464507 ], [ 7.033391931798367, 51.455936606098383 ], [ 7.034398827438908, 51.455953495802113 ], [ 7.034371799380753, 51.456582550735973 ], [ 7.034344770343161, 51.457211605591802 ], [ 7.035351694610881, 51.457228487408898 ], [ 7.035324678418453, 51.457857542564561 ], [ 7.034317740326087, 51.457840660369584 ], [ 7.034290709329483, 51.458469715069299 ], [ 7.035297661246994, 51.458486597642192 ], [ 7.036304614143582, 51.458503471571888 ], [ 7.036277609818739, 51.45913252694919 ], [ 7.035270643096458, 51.459115652641771 ], [ 7.034263677353302, 51.459098769690961 ], [ 7.033256712589769, 51.459081878096818 ], [ 7.03224974880636, 51.459064977859342 ], [ 7.031242786003575, 51.459048068978554 ], [ 7.030235824181914, 51.459031151454482 ], [ 7.029228863341878, 51.459014225287127 ], [ 7.028221903483964, 51.458997290476525 ], [ 7.027214944608677, 51.458980347022695 ], [ 7.027242073363064, 51.458351295051806 ], [ 7.027269201134374, 51.457722243002799 ], [ 7.027296327922654, 51.457093190875661 ], [ 7.028303245323491, 51.45711013319174 ], [ 7.028330357304969, 51.456481080607254 ], [ 7.029337261864427, 51.456498013901637 ], [ 7.029364359040104, 51.455868960860002 ], [ 7.029391455233894, 51.455239907740285 ], [ 7.02941855044584, 51.454610854542452 ], [ 7.029445644675991, 51.453981801266529 ], [ 7.03045249492674, 51.453998724403149 ], [ 7.03047957435373, 51.45336967067032 ], [ 7.030506652799521, 51.452740616859408 ], [ 7.031513476389102, 51.452757530597111 ], [ 7.032520300959338, 51.45277443569347 ], [ 7.03254735078301, 51.452145381047508 ], [ 7.033554162512848, 51.452162277124273 ], [ 7.034560975222297, 51.452179164559844 ], [ 7.034587996425709, 51.451550109079633 ], [ 7.03358119753636, 51.45153322202205 ], [ 7.03360823158031, 51.450904166841774 ], [ 7.03461501665006, 51.450921053521355 ], [ 7.034642035895396, 51.450291997885053 ], [ 7.033635264644744, 51.450275111583423 ], [ 7.032628494373562, 51.450258216641167 ], [ 7.031621725082347, 51.450241313058307 ], [ 7.0306149567716, 51.450224400834848 ], [ 7.029608189441818, 51.450207479970828 ], [ 7.028601423093504, 51.450190550466267 ], [ 7.027594657727158, 51.45017361232118 ], [ 7.026587893343277, 51.45015666553558 ], [ 7.025581129942364, 51.450139710109489 ], [ 7.024574367524917, 51.450122746042936 ], [ 7.023567606091436, 51.450105773335927 ], [ 7.023540434838588, 51.450734824803945 ], [ 7.022533660570988, 51.450717843076411 ], [ 7.022506474514545, 51.451346894086178 ], [ 7.021499687412924, 51.451329903337744 ], [ 7.021472486551887, 51.451958953889026 ], [ 7.020465686616337, 51.451941954119306 ], [ 7.019458887666893, 51.451924945708669 ], [ 7.01948611616686, 51.451295895918584 ], [ 7.018479332023416, 51.451278879247873 ], [ 7.018506573355719, 51.450649829760472 ], [ 7.018533813701008, 51.450020780194855 ], [ 7.019540570207163, 51.450037796103807 ], [ 7.019567795747595, 51.449408746079108 ], [ 7.019595020301608, 51.448779695976214 ], [ 7.020601750158844, 51.448796702483506 ], [ 7.020628959909546, 51.448167651921771 ], [ 7.020656168674424, 51.447538601281821 ], [ 7.020683376453523, 51.446909550563696 ], [ 7.020710583246895, 51.446280499767383 ], [ 7.020737789054586, 51.445651448892853 ], [ 7.020764993876639, 51.445022397940157 ], [ 7.019758346913561, 51.445005393716571 ], [ 7.019785564563972, 51.444376343066253 ], [ 7.019812781228342, 51.443747292337733 ], [ 7.019839996906719, 51.44311824153101 ], [ 7.01986721159915, 51.442489190646079 ], [ 7.019894425305683, 51.441860139682952 ], [ 7.020901003204033, 51.441877142003747 ], [ 7.020928202113266, 51.441248090581894 ], [ 7.019921638026362, 51.441231088641636 ], [ 7.019948849761238, 51.440602037522105 ], [ 7.019976060510356, 51.439972986324371 ], [ 7.018969525030559, 51.439955976507854 ], [ 7.018996748603866, 51.439326925612619 ], [ 7.019023971191013, 51.438697874639175 ], [ 7.018017464316634, 51.43868085694718 ], [ 7.017010958428871, 51.438663830618346 ], [ 7.017038207647567, 51.438034780328593 ], [ 7.01603171655568, 51.43801774574419 ], [ 7.015025226451359, 51.438000702523198 ], [ 7.014018737335103, 51.437983650665615 ], [ 7.014046026991376, 51.437354601441918 ], [ 7.014073315659132, 51.436725552139968 ], [ 7.013066855147184, 51.436708492409444 ], [ 7.01309415663359, 51.436079443411018 ], [ 7.013121457131075, 51.435450394334325 ], [ 7.012115025221746, 51.435433326731612 ], [ 7.012142338536432, 51.434804277958619 ], [ 7.01216965086179, 51.434175229107332 ], [ 7.011163247553395, 51.434158153633177 ], [ 7.011135921422507, 51.434787202102299 ], [ 7.011108594301792, 51.435416250493134 ], [ 7.010102164371713, 51.435399165618946 ], [ 7.009095735432004, 51.435382072109036 ], [ 7.009068379708502, 51.436011119656655 ], [ 7.008061937953279, 51.435994017128294 ], [ 7.007055497189477, 51.435976905964075 ], [ 7.006049057417591, 51.435959786164013 ], [ 7.005042618638122, 51.43594265772812 ], [ 7.005015206696441, 51.43657170366523 ], [ 7.004987793761798, 51.437200749523988 ], [ 7.004960379834143, 51.437829795304374 ], [ 7.00493296491343, 51.438458841006423 ], [ 7.004905548999611, 51.439087886630105 ], [ 7.00487813209264, 51.439716932175422 ], [ 7.004850714192467, 51.440345977642387 ], [ 7.004823295299047, 51.440975023030994 ], [ 7.004795875412329, 51.441604068341249 ], [ 7.004768454532268, 51.442233113573145 ], [ 7.00376187865629, 51.442215972665643 ], [ 7.003734442971149, 51.442845017435545 ], [ 7.004741032658816, 51.442862158726676 ], [ 7.005747623339923, 51.442879291379874 ], [ 7.006754215013968, 51.442896415395133 ], [ 7.007760807680452, 51.442913530772408 ], [ 7.007733426250414, 51.443542576997352 ], [ 7.008740033721214, 51.443559684119535 ], [ 7.009746642183504, 51.4435767826035 ], [ 7.010753251636783, 51.443593872449242 ], [ 7.01175986208055, 51.443610953656751 ], [ 7.012766473514306, 51.443628026225994 ], [ 7.013773085937552, 51.443645090156963 ], [ 7.013745786393502, 51.444274138598004 ], [ 7.013718485860417, 51.444903186960779 ], [ 7.013691184338245, 51.445532235245309 ], [ 7.01366388182694, 51.446161283451566 ], [ 7.012657214148239, 51.44614421799286 ], [ 7.012629896832642, 51.446773265738884 ], [ 7.011623216328555, 51.44675619125897 ], [ 7.010616536814694, 51.44673910813983 ], [ 7.009609858291558, 51.446722016381479 ], [ 7.009637217052208, 51.446092969782498 ], [ 7.00863055333522, 51.446075869767697 ], [ 7.008657924919117, 51.445446823473127 ], [ 7.007651276008183, 51.445429715202273 ], [ 7.006644628089378, 51.445412598292648 ], [ 7.005637981163203, 51.445395472744288 ], [ 7.00561056813632, 51.446024517889526 ], [ 7.005583154116262, 51.446653562956406 ], [ 7.004576480554248, 51.446636428002329 ], [ 7.004549051725732, 51.447265472607342 ], [ 7.003542365342255, 51.447248328630465 ], [ 7.003514921704284, 51.447877372773405 ], [ 7.00250822249944, 51.447860219773339 ], [ 7.002480764051014, 51.448489263453986 ], [ 7.001474052024897, 51.448472101430383 ], [ 7.000467340994144, 51.448454930767163 ], [ 7.000494827074704, 51.447825887854954 ], [ 6.999488130855811, 51.447808708936655 ], [ 6.999515629756049, 51.447179666330541 ], [ 6.999543127660016, 51.446550623646012 ], [ 6.999570624567764, 51.445921580883059 ], [ 6.99856397079003, 51.445904394479413 ], [ 6.998591480515553, 51.445275352022705 ], [ 6.999598120479337, 51.445292538041691 ], [ 6.999625615394785, 51.444663495121922 ], [ 6.999653109314155, 51.444034452123738 ], [ 7.000659722647571, 51.444051628735231 ], [ 7.000687201758412, 51.44342258527422 ], [ 7.001693802274814, 51.443439752863235 ], [ 7.002700403786202, 51.443456911814188 ], [ 7.00272785427742, 51.442827867506509 ], [ 7.002755303774201, 51.442198823120449 ], [ 7.002782752276594, 51.441569778655989 ], [ 7.001776192199989, 51.441552620857095 ], [ 7.001803653518633, 51.440923576698289 ], [ 7.000797108247418, 51.4409064106461 ], [ 7.000824582381317, 51.440277366793083 ], [ 7.000852055519971, 51.439648322861643 ], [ 7.000879527663426, 51.439019278851823 ], [ 7.000906998811731, 51.438390234763595 ], [ 7.000934468964934, 51.437761190596973 ], [ 6.999927993734022, 51.437744017829317 ], [ 6.998921519498665, 51.437726836425355 ], [ 6.998949016271772, 51.437097792949189 ], [ 6.997942556839877, 51.437080603293673 ], [ 6.996936098404489, 51.437063405002121 ], [ 6.995929640966104, 51.43704619807454 ], [ 6.994923184525224, 51.437028982510931 ], [ 6.994895632522767, 51.437658024447117 ], [ 6.993889163272671, 51.437640799862045 ], [ 6.992882695021126, 51.437623566640809 ], [ 6.992910274637972, 51.436994525475782 ], [ 6.991903821192599, 51.436977284004264 ], [ 6.991931413617069, 51.436348243146618 ], [ 6.990924974977772, 51.436330993425223 ], [ 6.989918537338427, 51.436313735068097 ], [ 6.988912100699534, 51.436296468075298 ], [ 6.987905665061591, 51.436279192446797 ], [ 6.987878017411105, 51.436908231759091 ], [ 6.986871568968228, 51.436890947108111 ], [ 6.986843906509359, 51.437519985955014 ], [ 6.986816243048449, 51.43814902472338 ], [ 6.986788578585443, 51.438778063413203 ], [ 6.9867609131203, 51.439407102024468 ], [ 6.987767416793708, 51.439424388222847 ], [ 6.987739764135256, 51.440053427142452 ], [ 6.987712110475067, 51.440682465983514 ], [ 6.986705579183399, 51.440665179011368 ], [ 6.985699048894013, 51.440647883402235 ], [ 6.98469251960741, 51.440630579156142 ], [ 6.984664823515942, 51.441259616757392 ], [ 6.984637126421144, 51.441888654280078 ], [ 6.984609428322967, 51.442517691724198 ], [ 6.985615999040418, 51.442534997132178 ], [ 6.985588313750096, 51.443164034885044 ], [ 6.986594899281804, 51.443181332042592 ], [ 6.986567226800335, 51.443810370104018 ], [ 6.987573827146396, 51.443827659010751 ], [ 6.98754616747478, 51.444456697380588 ], [ 6.987518506801092, 51.445085735671881 ], [ 6.986511878829781, 51.44506844599124 ], [ 6.986484203340597, 51.445697483817035 ], [ 6.985477562558577, 51.445680185110895 ], [ 6.9854498722529, 51.446309222470951 ], [ 6.984443218660268, 51.446291914738914 ], [ 6.984415513537098, 51.446920951633047 ], [ 6.984387807410166, 51.447549988448593 ], [ 6.984360100279422, 51.448179025185581 ], [ 6.984332392144821, 51.448808061843998 ], [ 6.983325684295984, 51.44879074392292 ], [ 6.982318977451553, 51.448773417362425 ], [ 6.982346713217564, 51.448144381479409 ], [ 6.981340021193672, 51.448127046667473 ], [ 6.980333330175137, 51.448109703216332 ], [ 6.98036109256651, 51.447480668030877 ], [ 6.980388853952075, 51.446851632766808 ], [ 6.979382191568971, 51.446834281453206 ], [ 6.979409965762813, 51.44620524649887 ], [ 6.979437738950443, 51.445576211465919 ], [ 6.98044437370597, 51.445593562002841 ], [ 6.980472132074397, 51.444964526502922 ], [ 6.981478754022501, 51.444981868013315 ], [ 6.981506497572724, 51.444352832046683 ], [ 6.981534240117877, 51.44372379600145 ], [ 6.981561981658011, 51.44309475987761 ], [ 6.980555401146173, 51.443077419531555 ], [ 6.979548821639807, 51.443060070547844 ], [ 6.9795765897971, 51.442431035121778 ], [ 6.978570025107699, 51.442413677888936 ], [ 6.977563461424721, 51.442396312018673 ], [ 6.977535665645491, 51.443025346667604 ], [ 6.976529089158537, 51.443007971771102 ], [ 6.976556898748664, 51.44237893751103 ], [ 6.97555033708003, 51.442361554366016 ], [ 6.974543776419317, 51.442344162583652 ], [ 6.974571612622675, 51.441715129023201 ], [ 6.973565066780636, 51.441697728992935 ], [ 6.972558521947467, 51.441680320325567 ], [ 6.97155197812367, 51.441662903021104 ], [ 6.970545435309742, 51.441645477079568 ], [ 6.969538893506183, 51.441628042500973 ], [ 6.968532352713494, 51.44161059928534 ], [ 6.967525812932172, 51.441593147432719 ], [ 6.966519274162716, 51.441575686943075 ], [ 6.965512736405629, 51.441558217816471 ], [ 6.964506199661407, 51.441540740052922 ], [ 6.96453417295176, 51.440911710316655 ], [ 6.963527651030175, 51.440894224307513 ], [ 6.963555637115983, 51.440265194883793 ], [ 6.962549130016936, 51.44024770062947 ], [ 6.961542623932155, 51.440230197738643 ], [ 6.960536118862142, 51.440212686211318 ], [ 6.960508091350309, 51.440841714459857 ], [ 6.960480062823162, 51.441470742629591 ], [ 6.961486595510928, 51.441488254940758 ], [ 6.961458579778044, 51.442117283423592 ], [ 6.962465127290346, 51.442134787489628 ], [ 6.962437124352723, 51.4427638162854 ], [ 6.96240912040064, 51.443392845002357 ], [ 6.963415696548296, 51.443410341214445 ], [ 6.963387705392923, 51.444039370244198 ], [ 6.963359713223491, 51.444668399195159 ], [ 6.964366318008192, 51.444685887552538 ], [ 6.9653729238065, 51.44470336727202 ], [ 6.966379530617916, 51.444720838353589 ], [ 6.966351578871323, 51.445349868399411 ], [ 6.966323626112074, 51.445978898366477 ], [ 6.967330261561424, 51.445996361591781 ], [ 6.96730232160288, 51.446625391870924 ], [ 6.96629567234012, 51.446607928254771 ], [ 6.966267717555413, 51.447236958064295 ], [ 6.966239761757901, 51.447865987795062 ], [ 6.96621180494754, 51.448495017447073 ], [ 6.96618384712428, 51.449124047020327 ], [ 6.965177143615828, 51.449106573201348 ], [ 6.964170441120823, 51.449089090743115 ], [ 6.964198426574756, 51.44846006195224 ], [ 6.964226411014792, 51.447831033082586 ], [ 6.964254394440977, 51.447202004134148 ], [ 6.963247734404212, 51.447184514211052 ], [ 6.963275730630361, 51.446555485575267 ], [ 6.962269085421613, 51.446537987405165 ], [ 6.962241075381747, 51.447167015649299 ], [ 6.96221306432708, 51.447796043814655 ], [ 6.961206392505249, 51.447778536222444 ], [ 6.961178366621065, 51.448407563917122 ], [ 6.961150339721486, 51.449036591532995 ], [ 6.96112231180646, 51.449665619070046 ], [ 6.962129025073794, 51.449683127837837 ], [ 6.96210100995944, 51.450312155687946 ], [ 6.963107738057983, 51.450329656208027 ], [ 6.963079735745302, 51.450958684371038 ], [ 6.964086478675149, 51.450976176643032 ], [ 6.964058489165137, 51.45160520511876 ], [ 6.965065246926389, 51.451622689142226 ], [ 6.966072005701281, 51.451640164525671 ], [ 6.966044042812798, 51.452269193705092 ], [ 6.967050816418738, 51.45228666083942 ], [ 6.967078765489313, 51.451657631269036 ], [ 6.968085526289988, 51.45167508937233 ], [ 6.969092288102804, 51.451692538835516 ], [ 6.969120208525776, 51.451063508405092 ], [ 6.97012695753268, 51.451080948837806 ], [ 6.971133707550679, 51.451098380630569 ], [ 6.972140458579273, 51.451115803783367 ], [ 6.972112579609106, 51.451744835384289 ], [ 6.973119345465492, 51.451762250286876 ], [ 6.973091479303378, 51.452391282198903 ], [ 6.973063612131572, 51.45302031403223 ], [ 6.973035743950028, 51.453649345786864 ], [ 6.973007874758695, 51.454278377462828 ], [ 6.972001053626519, 51.454260961001012 ], [ 6.970994233504681, 51.454243535898236 ], [ 6.970966335663166, 51.45487256671565 ], [ 6.969959502732062, 51.45485513258172 ], [ 6.968952670812344, 51.454837689806688 ], [ 6.96794583990451, 51.454820238390575 ], [ 6.967917899590457, 51.455449267957988 ], [ 6.966911055874551, 51.455431807509996 ], [ 6.965904213171577, 51.455414338420759 ], [ 6.965876244203232, 51.456043367127606 ], [ 6.965848274221405, 51.456672395755675 ], [ 6.96582030322605, 51.45730142430498 ], [ 6.965792331217116, 51.457930452775535 ], [ 6.965764358194559, 51.458559481167313 ], [ 6.965736384158327, 51.459188509480313 ], [ 6.965708409108371, 51.459817537714578 ], [ 6.966715348568186, 51.459835009541123 ], [ 6.966687386328864, 51.460464038087693 ], [ 6.966659423076225, 51.461093066555499 ], [ 6.967666391198718, 51.461110530521282 ], [ 6.967638440758163, 51.461739559301243 ], [ 6.968645423719027, 51.46175701501474 ], [ 6.968673360334079, 51.461127985844037 ], [ 6.969680330481808, 51.461145432523786 ], [ 6.969708252259441, 51.46051640288384 ], [ 6.970715209593939, 51.460533840530232 ], [ 6.971722167939755, 51.460551269533745 ], [ 6.971750061056322, 51.45992223903464 ], [ 6.972757006588264, 51.459939659005329 ], [ 6.972729127296392, 51.46056868989438 ], [ 6.973736087663349, 51.460586101612115 ], [ 6.973708221186404, 51.4612151328122 ], [ 6.97368035369959, 51.461844163933627 ], [ 6.97468734272745, 51.461861567787544 ], [ 6.974659488057014, 51.462490599219855 ], [ 6.974631632377113, 51.463119630573509 ], [ 6.975638650067572, 51.463137026562869 ], [ 6.976645668767043, 51.463154413908491 ], [ 6.977652688475027, 51.46317179261036 ], [ 6.978659709191022, 51.463189162668435 ], [ 6.979666730914529, 51.463206524082707 ], [ 6.979638943362305, 51.463835557302772 ], [ 6.979611154803022, 51.464464590444209 ], [ 6.980618205189205, 51.464481943991558 ], [ 6.981625256581996, 51.464499288894679 ], [ 6.982632308980895, 51.464516625153557 ], [ 6.982660056055788, 51.463887590847342 ], [ 6.98268780212512, 51.463258556462556 ], [ 6.981680777382078, 51.463241220979796 ], [ 6.981708536273078, 51.462612186904444 ], [ 6.982715547188942, 51.462629521999176 ], [ 6.983722559110268, 51.462646848450198 ], [ 6.984729572036557, 51.462664166257518 ], [ 6.98573658596731, 51.462681475421107 ], [ 6.985764288545344, 51.462052439716224 ], [ 6.986771289653189, 51.462069739848808 ], [ 6.987778291764446, 51.462087031337816 ], [ 6.987805965685779, 51.461457994780069 ], [ 6.988812954973485, 51.461475277238627 ], [ 6.98878529487862, 51.462104314183236 ], [ 6.989792298995207, 51.462121588385038 ], [ 6.990799304113708, 51.462138853943202 ], [ 6.990771670670505, 51.462767891582452 ], [ 6.991778690617531, 51.462785148883256 ], [ 6.992785711565518, 51.462802397540194 ], [ 6.992813317354453, 51.462173359128549 ], [ 6.993820325475695, 51.462190598755697 ], [ 6.993792733513967, 51.462819637553238 ], [ 6.994799756462376, 51.462836868922373 ], [ 6.99477217732844, 51.463465908027182 ], [ 6.994744597194996, 51.464094947053518 ], [ 6.993737546590578, 51.464077714912925 ], [ 6.992730496986217, 51.46406047412804 ], [ 6.991723448382412, 51.464043224698877 ], [ 6.991695825763292, 51.464672262488946 ], [ 6.991668202143065, 51.46530130020053 ], [ 6.990661126882596, 51.465284041354451 ], [ 6.989654052623782, 51.465266773863753 ], [ 6.989626400343226, 51.465895810723964 ], [ 6.98861931325705, 51.465878534201934 ], [ 6.987612227173575, 51.465861249035136 ], [ 6.986605142093303, 51.465843955223583 ], [ 6.986577447320644, 51.466472990844466 ], [ 6.985570349414201, 51.466455688000856 ], [ 6.984563252512012, 51.466438376512329 ], [ 6.984535529074904, 51.467067411279828 ], [ 6.983528419347189, 51.467050090758697 ], [ 6.982521310624771, 51.46703276159252 ], [ 6.982493558521363, 51.467661795505791 ], [ 6.981486436974066, 51.467644457306442 ], [ 6.980479316433117, 51.467627110461883 ], [ 6.980451535661548, 51.468256143520129 ], [ 6.98042375388308, 51.468885176499761 ], [ 6.979416606686311, 51.468867820232973 ], [ 6.979388810068815, 51.469496852745458 ], [ 6.979361012443825, 51.470125885179328 ], [ 6.979333213811291, 51.470754917534585 ], [ 6.979305414171169, 51.471383949811219 ], [ 6.97927761352341, 51.472012982009225 ], [ 6.979249811867963, 51.472642014128617 ], [ 6.979222009204782, 51.473271046169387 ], [ 6.979194205533821, 51.473900078131528 ], [ 6.980201463401279, 51.473917437506884 ], [ 6.980173672558574, 51.474546469779028 ], [ 6.98014588070849, 51.475175501972565 ], [ 6.980118087850979, 51.475804534087487 ], [ 6.979110788473752, 51.475787173546244 ], [ 6.979082980771175, 51.476416205193907 ], [ 6.97807566856438, 51.476398835616138 ], [ 6.97706835736611, 51.476381457390509 ], [ 6.976061047176864, 51.476364070517057 ], [ 6.976088896391922, 51.475735040036504 ], [ 6.975081601049601, 51.475717644904648 ], [ 6.975109463092078, 51.475088614734865 ], [ 6.976116744597503, 51.475106009477301 ], [ 6.976144591793656, 51.474476978839455 ], [ 6.976172437980427, 51.473847948122916 ], [ 6.976200283157866, 51.47321891732777 ], [ 6.976228127326019, 51.472589886453939 ], [ 6.975220901163175, 51.472572493269048 ], [ 6.975193043160127, 51.473201523753495 ], [ 6.975165184147293, 51.473830554159278 ], [ 6.974157931323993, 51.473813151548605 ], [ 6.974130057465479, 51.474442181486154 ], [ 6.973122791816713, 51.474424769838691 ], [ 6.972115527178831, 51.474407349544052 ], [ 6.97110826355233, 51.474389920602249 ], [ 6.971136178918098, 51.473760891834623 ], [ 6.970128930139134, 51.473743454636065 ], [ 6.970156858328219, 51.473114426180089 ], [ 6.970184785505016, 51.472485397645386 ], [ 6.969177565408099, 51.472467952580963 ], [ 6.969205505406761, 51.471838924358075 ], [ 6.969233444392732, 51.471209896056457 ], [ 6.969261382366059, 51.470580867676098 ], [ 6.968254204782548, 51.470563415137264 ], [ 6.967247028212131, 51.470545953952524 ], [ 6.967274992837925, 51.469916926274998 ], [ 6.96626783111356, 51.469899456835407 ], [ 6.965260670403241, 51.469881978750145 ], [ 6.964253510707469, 51.469864492019212 ], [ 6.963246352026745, 51.469846996642652 ], [ 6.96223919436157, 51.469829492620455 ], [ 6.961232037712441, 51.469811979952674 ], [ 6.960224882079864, 51.469794458639299 ], [ 6.959217727464333, 51.469776928680368 ], [ 6.958210573866352, 51.469759390075893 ], [ 6.957203421286422, 51.469741842825904 ], [ 6.956196269725042, 51.469724286930401 ], [ 6.95616815294489, 51.470353310295565 ], [ 6.956140035145639, 51.470982333581858 ], [ 6.956111916327239, 51.471611356789275 ], [ 6.955104724287641, 51.471593791068692 ], [ 6.955076590616621, 51.472222813804024 ], [ 6.954069385763345, 51.472205239043987 ], [ 6.953062181930316, 51.472187655637732 ], [ 6.952054979118034, 51.472170063585281 ], [ 6.951047777326998, 51.472152462886676 ], [ 6.951019587301026, 51.472781483968262 ], [ 6.950012372698058, 51.472763874229294 ], [ 6.949984167816108, 51.47339289483773 ], [ 6.949955961911812, 51.47402191536726 ], [ 6.949927754985121, 51.474650935817841 ], [ 6.95093501109213, 51.474668546739473 ], [ 6.950906816978678, 51.475297567505365 ], [ 6.951914087943361, 51.475315170174127 ], [ 6.951885906644146, 51.475944191255167 ], [ 6.952893192466602, 51.475961785670663 ] ], [ [ 6.986874324875284, 51.505507673720786 ], [ 6.986902054249369, 51.504878642194619 ], [ 6.987909999743508, 51.504895942714647 ], [ 6.987882284230502, 51.505524974628216 ], [ 6.986874324875284, 51.505507673720786 ] ], [ [ 7.011125918983524, 51.481370771220867 ], [ 7.010118477880773, 51.481353675706295 ], [ 7.010145863544245, 51.480724632648432 ], [ 7.011153290804415, 51.48074172778027 ], [ 7.011125918983524, 51.481370771220867 ] ], [ [ 6.981653017485066, 51.463870254976534 ], [ 6.980645979920406, 51.463852910461675 ], [ 6.980673753645048, 51.463223876853171 ], [ 6.981680777382078, 51.463241220979796 ], [ 6.981653017485066, 51.463870254976534 ] ], [ [ 6.994703388465694, 51.488015610069169 ], [ 6.993695811015356, 51.487998371914564 ], [ 6.992688234566394, 51.487981125108277 ], [ 6.991680659119307, 51.487963869650379 ], [ 6.991708304964056, 51.487334834378075 ], [ 6.991735949806475, 51.486705799027291 ], [ 6.991763593646612, 51.486076763598 ], [ 6.992771127553505, 51.48609401789696 ], [ 6.993778662462132, 51.486111263544863 ], [ 6.994786198371992, 51.486128500541682 ], [ 6.995793735282582, 51.486145728887401 ], [ 6.995766146827651, 51.486774765860751 ], [ 6.996773698584891, 51.486791985940876 ], [ 6.996746122976604, 51.487421023221323 ], [ 6.996718546368494, 51.488050060423326 ], [ 6.995710966916907, 51.488032839572099 ], [ 6.994703388465694, 51.488015610069169 ] ], [ [ 6.996510684170097, 51.469790740047038 ], [ 6.996538245635617, 51.469161700955759 ], [ 6.995531082387776, 51.469144483020663 ], [ 6.99555865668671, 51.468515444236381 ], [ 6.995586229986253, 51.467886405373648 ], [ 6.995613802286451, 51.467257366432463 ], [ 6.995641373587355, 51.46662832741282 ], [ 6.996648481508788, 51.466645543806244 ], [ 6.997655590428968, 51.466662751554558 ], [ 6.998662700347396, 51.466679950657714 ], [ 6.999669811263569, 51.466697141115709 ], [ 6.999697326243534, 51.46606810047723 ], [ 6.999724840226302, 51.465439059760335 ], [ 7.00073192447914, 51.46545624080391 ], [ 7.001739009728627, 51.465473413202673 ], [ 7.001711523405991, 51.466102454688581 ], [ 7.001684036087156, 51.466731496096095 ], [ 7.002691149993567, 51.466748660618464 ], [ 7.003698264895725, 51.466765816495574 ], [ 7.003670804242966, 51.467394858592989 ], [ 7.004677933971601, 51.467412006208697 ], [ 7.004650486155283, 51.468041048611603 ], [ 7.00565763071049, 51.468058187965497 ], [ 7.005630195731615, 51.468687230673744 ], [ 7.004623037344126, 51.468670090936165 ], [ 7.004595587538081, 51.469299133182382 ], [ 7.003588416312747, 51.469281984415062 ], [ 7.003560951678533, 51.469911026199014 ], [ 7.002553767615446, 51.469893868401563 ], [ 7.002526288152062, 51.470522909723044 ], [ 7.00151909125132, 51.470505742895078 ], [ 7.000511895347109, 51.470488567420738 ], [ 6.99950470043993, 51.47047138330003 ], [ 6.998497506530285, 51.470454190532962 ], [ 6.997490313618671, 51.470436989119563 ], [ 6.996483121705593, 51.47041977905986 ], [ 6.996510684170097, 51.469790740047038 ] ], [ [ 6.981966077390611, 51.479613424926171 ], [ 6.98199384861336, 51.478984392506092 ], [ 6.983001220205193, 51.479001729044604 ], [ 6.984008592803241, 51.479019056934405 ], [ 6.983980849261017, 51.479648090130532 ], [ 6.984988236705111, 51.479665409759299 ], [ 6.985995625154467, 51.479682720739106 ], [ 6.985967908288201, 51.48031175463197 ], [ 6.985940190417128, 51.48094078844629 ], [ 6.985912471541198, 51.481569822182067 ], [ 6.984905041567687, 51.48155251003957 ], [ 6.984877307844469, 51.48218154330921 ], [ 6.985884751660365, 51.482198855839286 ], [ 6.98585703077458, 51.482827889417962 ], [ 6.985829308883797, 51.48345692291808 ], [ 6.984821837381625, 51.483439609612802 ], [ 6.983814366885002, 51.48342228765739 ], [ 6.982806897394429, 51.483404957051867 ], [ 6.982834660815235, 51.482775924715135 ], [ 6.981827206174457, 51.482758585847726 ], [ 6.981854982431501, 51.482129553820592 ], [ 6.980847542640421, 51.482112206691674 ], [ 6.980875331732705, 51.481483174974315 ], [ 6.980903119817581, 51.480854143178355 ], [ 6.980930906895096, 51.480225111303795 ], [ 6.9809586929653, 51.479596079350628 ], [ 6.981966077390611, 51.479613424926171 ] ], [ [ 6.966491600017885, 51.487529671478121 ], [ 6.966463606993092, 51.488158696950627 ], [ 6.967471171076924, 51.488176169084184 ], [ 6.967443190884206, 51.488805194869123 ], [ 6.966435612953346, 51.488787722344384 ], [ 6.965428036037489, 51.488770241168133 ], [ 6.965456043924214, 51.488141216165758 ], [ 6.965484050795484, 51.487512191084619 ], [ 6.966491600017885, 51.487529671478121 ] ], [ [ 6.966099605292317, 51.496336020926499 ], [ 6.966127611515298, 51.495706996477807 ], [ 6.967135341796536, 51.495724473306289 ], [ 6.967163333151439, 51.495095448387545 ], [ 6.968171050595122, 51.495112916171259 ], [ 6.968143073092808, 51.495741941481121 ], [ 6.968115094575959, 51.496370966712227 ], [ 6.968087115044528, 51.49699999186462 ], [ 6.967079356041571, 51.496982522907551 ], [ 6.967107349426596, 51.496353498146298 ], [ 6.966099605292317, 51.496336020926499 ] ], [ [ 6.980055650931351, 51.45440005074709 ], [ 6.979048822740817, 51.454382694772519 ], [ 6.979076609012957, 51.453753660761677 ], [ 6.979104394278305, 51.453124626672221 ], [ 6.979132178536913, 51.452495592504128 ], [ 6.979159961788828, 51.451866558257414 ], [ 6.979187744034098, 51.451237523932079 ], [ 6.980194503129458, 51.451254877964388 ], [ 6.980222270550596, 51.450625843172006 ], [ 6.98122901683447, 51.450643188175938 ], [ 6.981256769432474, 51.450014152916729 ], [ 6.982263502904765, 51.450031488892662 ], [ 6.983270237382057, 51.450048816228801 ], [ 6.983242512418365, 51.450677852263858 ], [ 6.984249261717388, 51.450695171347796 ], [ 6.984221549566873, 51.451324207691925 ], [ 6.983214786450122, 51.451306888220337 ], [ 6.983187059477282, 51.451935924098237 ], [ 6.98419383641226, 51.451953243957483 ], [ 6.984166122253501, 51.452582280144462 ], [ 6.983159331499796, 51.452564959897551 ], [ 6.982152541750784, 51.452547631010049 ], [ 6.982124798949425, 51.453176666342898 ], [ 6.983131602517616, 51.453193995618278 ], [ 6.983103872530693, 51.453823031260434 ], [ 6.982097055142824, 51.453805701597162 ], [ 6.981090238760245, 51.453788363292936 ], [ 6.980083423383455, 51.453771016347773 ], [ 6.980055650931351, 51.45440005074709 ] ], [ [ 6.975439037428115, 51.444877689378103 ], [ 6.976445654343142, 51.444895074079383 ], [ 6.976417840722846, 51.445524108024863 ], [ 6.977424472458382, 51.445541484476898 ], [ 6.977396671643818, 51.446170518732607 ], [ 6.97840331819996, 51.446187886935029 ], [ 6.978375530192127, 51.446816921500812 ], [ 6.978347741177536, 51.44744595598798 ], [ 6.97734106699301, 51.447428587008098 ], [ 6.976334393815792, 51.44741120938928 ], [ 6.975327721646381, 51.447393823131549 ], [ 6.975355552104153, 51.446764789811184 ], [ 6.974348894757346, 51.446747395303888 ], [ 6.974376738020657, 51.446118362294179 ], [ 6.97440458027526, 51.445489329205778 ], [ 6.975411209994972, 51.445506722934468 ], [ 6.975439037428115, 51.444877689378103 ] ], [ [ 6.985274659944051, 51.496037576424989 ], [ 6.985302401944936, 51.495408544495874 ], [ 6.986310137572652, 51.495425856513904 ], [ 6.98731787420583, 51.495443159878079 ], [ 6.988325611843967, 51.495460454588404 ], [ 6.988297911403605, 51.496089487679811 ], [ 6.988270209958737, 51.496718520692696 ], [ 6.988242507509316, 51.497347553627051 ], [ 6.987234728309006, 51.497330257754982 ], [ 6.986226950113799, 51.497312953228473 ], [ 6.9852191729242, 51.497295640047533 ], [ 6.985246916937155, 51.49666660827554 ], [ 6.985274659944051, 51.496037576424989 ] ], [ [ 6.988740997941338, 51.486024948794956 ], [ 6.988713312562799, 51.486653983064159 ], [ 6.987705768821811, 51.486636693774081 ], [ 6.987733468046385, 51.48600765989196 ], [ 6.988740997941338, 51.486024948794956 ] ], [ [ 6.986207393294156, 51.451987857754673 ], [ 6.987214173240074, 51.452005151692582 ], [ 6.987186500537784, 51.452634189041412 ], [ 6.986179706772994, 51.452616894716421 ], [ 6.986207393294156, 51.451987857754673 ] ], [ [ 7.002141471059732, 51.479329479994298 ], [ 7.001134080435474, 51.479312307785129 ], [ 7.001161587688279, 51.478683267945371 ], [ 7.001189093943933, 51.478054228027226 ], [ 7.001216599202484, 51.477425188030672 ], [ 7.002223948306298, 51.477442359086545 ], [ 7.003231298406669, 51.477459521493884 ], [ 7.004238649503095, 51.47747667525266 ], [ 7.005246001595073, 51.477493820362874 ], [ 7.005218551695397, 51.478122861895947 ], [ 7.00519110080062, 51.478751903350656 ], [ 7.005163648910695, 51.479380944727005 ], [ 7.004156255297843, 51.479363798465251 ], [ 7.00412878857143, 51.479992839379392 ], [ 7.003121382113031, 51.479975684084415 ], [ 7.003148862680689, 51.479346643554337 ], [ 7.002141471059732, 51.479329479994298 ] ], [ [ 7.010479797224465, 51.449884341872995 ], [ 7.010507147124247, 51.449255295282953 ], [ 7.010534496033112, 51.448626248614616 ], [ 7.011541216995026, 51.448643332880863 ], [ 7.011513881903176, 51.449272379931593 ], [ 7.012520617672522, 51.449289455940239 ], [ 7.013527354431784, 51.449306523308856 ], [ 7.013500045984694, 51.449935571045522 ], [ 7.012493295407821, 51.449918503294882 ], [ 7.012465972153156, 51.450547550571244 ], [ 7.011459208748184, 51.450530473798182 ], [ 7.011431870684947, 51.451159520614041 ], [ 7.010425094451969, 51.451142434818166 ], [ 7.010452446333722, 51.450513388384728 ], [ 7.009445684910269, 51.450496294330897 ], [ 7.009473049618981, 51.449867248201784 ], [ 7.010479797224465, 51.449884341872995 ] ] ], [ [ [ 6.930533809270687, 51.479975798168219 ], [ 6.930505329163121, 51.480604810300235 ], [ 6.930476848023108, 51.481233822353111 ], [ 6.9304483658506, 51.481862834326854 ], [ 6.931455768495608, 51.481880614311834 ], [ 6.932463172172663, 51.481898385647973 ], [ 6.932491626664613, 51.481269372878359 ], [ 6.932520080125068, 51.480640360029632 ], [ 6.932548532554078, 51.480011347101772 ], [ 6.931541170396434, 51.479993576959124 ], [ 6.931569635632851, 51.479364564349957 ], [ 6.931598099837419, 51.478735551661664 ], [ 6.931626563010189, 51.478106538894252 ], [ 6.931655025151211, 51.477477526047707 ], [ 6.930647719377471, 51.477459748848744 ], [ 6.930619243399199, 51.478088761297315 ], [ 6.929611924820457, 51.478070975052709 ], [ 6.929583433972233, 51.478699987023987 ], [ 6.929554942091209, 51.479328998916095 ], [ 6.929526449177337, 51.479958010729057 ], [ 6.930533809270687, 51.479975798168219 ] ] ], [ [ [ 6.93464852803165, 51.478159819798812 ], [ 6.934676948660623, 51.477530805759514 ], [ 6.933669639793287, 51.477513054503106 ], [ 6.933641205326915, 51.478142068145011 ], [ 6.93464852803165, 51.478159819798812 ] ] ], [ [ [ 6.93114254871498, 51.48879974517876 ], [ 6.931114067994925, 51.489428756600958 ], [ 6.932121637794697, 51.489446532712073 ], [ 6.932150104668435, 51.488817520891899 ], [ 6.933157661653979, 51.488835287954018 ], [ 6.933186113649767, 51.488206275656957 ], [ 6.934193657820985, 51.488224033670491 ], [ 6.934222094939825, 51.487595020896748 ], [ 6.934250531027677, 51.4869660080439 ], [ 6.933243014546782, 51.486948250825485 ], [ 6.933271463448108, 51.486319238291095 ], [ 6.932263961843011, 51.48630147281996 ], [ 6.932292423556808, 51.485672460604185 ], [ 6.931284936827411, 51.485654686880757 ], [ 6.931256461269804, 51.486283698698628 ], [ 6.930248961728989, 51.486265915927071 ], [ 6.93022047129473, 51.486894927267663 ], [ 6.930191979827531, 51.487523938529137 ], [ 6.930163487327341, 51.488152949711477 ], [ 6.930134993794111, 51.488781960814649 ], [ 6.93114254871498, 51.48879974517876 ] ] ], [ [ [ 6.922103195958029, 51.488010366558051 ], [ 6.921095664198319, 51.487992504735963 ], [ 6.921067046055438, 51.488621512247022 ], [ 6.920059501488008, 51.488603641374269 ], [ 6.920030868461758, 51.489232648405995 ], [ 6.919023311086708, 51.489214768482199 ], [ 6.918994663176088, 51.489843775034359 ], [ 6.920002234397359, 51.489861655358467 ], [ 6.919973599294761, 51.490490662231679 ], [ 6.920981185401004, 51.490508534304773 ], [ 6.920952563107431, 51.491137541498873 ], [ 6.921960164098742, 51.491155405320569 ], [ 6.921988772544994, 51.490526397726505 ], [ 6.922996360726231, 51.490544252496882 ], [ 6.924003949944211, 51.490562098615854 ], [ 6.924032529659424, 51.489933090143303 ], [ 6.924061108338441, 51.489304081591548 ], [ 6.925068670899226, 51.489321918260423 ], [ 6.92509723469613, 51.488692909230132 ], [ 6.925125797457439, 51.488063900120643 ], [ 6.925154359183205, 51.487434890931937 ], [ 6.924146838158823, 51.487417055461009 ], [ 6.924175412693558, 51.486788046592423 ], [ 6.923167906549587, 51.486770202870538 ], [ 6.923139318170436, 51.487399211339643 ], [ 6.922131799218545, 51.487381358567852 ], [ 6.922103195958029, 51.488010366558051 ] ] ], [ [ [ 6.938223844811205, 51.488294979215986 ], [ 6.938195462045473, 51.488923993499 ], [ 6.937187899907008, 51.488906269692158 ], [ 6.937159502265584, 51.489535283499308 ], [ 6.93615192731014, 51.489517550644372 ], [ 6.936123514792022, 51.490146563975436 ], [ 6.936095101243721, 51.49077557722741 ], [ 6.937102703893792, 51.490793310876398 ], [ 6.937074303163326, 51.491422324446354 ], [ 6.93704590140308, 51.492051337937227 ], [ 6.936038271056379, 51.49203360349415 ], [ 6.936009854417237, 51.492662616508902 ], [ 6.937017498613006, 51.492680351349037 ], [ 6.936989094793054, 51.493309364681785 ], [ 6.937996753868319, 51.493327091266544 ], [ 6.939004413973009, 51.493344809198824 ], [ 6.940012075106624, 51.493362518478612 ], [ 6.941019737268663, 51.493380219105873 ], [ 6.941048085689849, 51.492751204186781 ], [ 6.941076433083162, 51.492122189188649 ], [ 6.942084068573996, 51.492139880371191 ], [ 6.942112401090673, 51.491510864897954 ], [ 6.943120023759967, 51.491528547032409 ], [ 6.94314834140101, 51.490899531084281 ], [ 6.94317665801533, 51.490270515057155 ], [ 6.94418425401508, 51.49028818774827 ], [ 6.944212555755318, 51.489659171246466 ], [ 6.944240856469433, 51.489030154665691 ], [ 6.943233288163996, 51.489012482765901 ], [ 6.94326160169844, 51.488383466501766 ], [ 6.943289914206358, 51.487754450158626 ], [ 6.942282374619708, 51.48773677039928 ], [ 6.941274836060037, 51.487719081989098 ], [ 6.940267298527845, 51.487701384928144 ], [ 6.939259762023633, 51.487683679216396 ], [ 6.939231394132592, 51.488312693975082 ], [ 6.938223844811205, 51.488294979215986 ] ] ], [ [ [ 6.943957803146814, 51.495320316918921 ], [ 6.943929492169249, 51.495949332709777 ], [ 6.943901180165069, 51.49657834842165 ], [ 6.943872867134224, 51.497207364054532 ], [ 6.943844553076666, 51.497836379608422 ], [ 6.944852316311156, 51.49785404839438 ], [ 6.945860080571908, 51.497871708526382 ], [ 6.946867845858421, 51.497889360004386 ], [ 6.946896118355419, 51.49726034326428 ], [ 6.94790387081357, 51.497277985693238 ], [ 6.947932128432242, 51.496648968479157 ], [ 6.948939868061936, 51.496666601859459 ], [ 6.948968110803284, 51.496037584171617 ], [ 6.948996352520523, 51.495408566404855 ], [ 6.949024593213702, 51.494779548559137 ], [ 6.949052832882871, 51.494150530634485 ], [ 6.948045148660827, 51.494132898833342 ], [ 6.948073401156694, 51.493503881224505 ], [ 6.947065731809724, 51.493486241165442 ], [ 6.947037465463247, 51.494115258379324 ], [ 6.94602978329063, 51.494097609272444 ], [ 6.945022102143478, 51.494079951512731 ], [ 6.944993807069962, 51.494708967857129 ], [ 6.943986113097814, 51.494691301049052 ], [ 6.943957803146814, 51.495320316918921 ] ] ], [ [ [ 6.959108888318776, 51.449630575616332 ], [ 6.958102178099423, 51.449613040930458 ], [ 6.957095468897064, 51.449595497605273 ], [ 6.956088760712198, 51.449577945640783 ], [ 6.956060662701575, 51.450206971136708 ], [ 6.957067384702366, 51.450224523494043 ], [ 6.958074107720697, 51.450242067211889 ], [ 6.959080831756071, 51.450259602290231 ], [ 6.959108888318776, 51.449630575616332 ] ] ], [ [ [ 6.959607295111876, 51.483632989022688 ], [ 6.959635377933126, 51.483003965742022 ], [ 6.958627932738023, 51.482986427540034 ], [ 6.958599836074143, 51.483615450428047 ], [ 6.959607295111876, 51.483632989022688 ] ] ], [ [ [ 6.96232510245714, 51.445279930680464 ], [ 6.963331720039952, 51.445297428067327 ], [ 6.963359713223491, 51.444668399195159 ], [ 6.962353109452896, 51.444650902199896 ], [ 6.96232510245714, 51.445279930680464 ] ] ], [ [ [ 6.981569731757483, 51.465757356495175 ], [ 6.981597494672817, 51.465128322734223 ], [ 6.980590429451395, 51.465110977442833 ], [ 6.980562652706929, 51.465740010815516 ], [ 6.981569731757483, 51.465757356495175 ] ] ], [ [ [ 6.993186015869233, 51.430704109509023 ], [ 6.993158446240253, 51.43133315145888 ], [ 6.994164776442553, 51.431350380823829 ], [ 6.995171107642926, 51.431367601554548 ], [ 6.996177439840872, 51.431384813651007 ], [ 6.996149910621501, 51.43201385667853 ], [ 6.997156257619344, 51.43203106052573 ], [ 6.99712874120617, 51.432660103859817 ], [ 6.998135103004006, 51.432677299457332 ], [ 6.999141465798012, 51.432694486420154 ], [ 6.999168954604403, 51.432065442316613 ], [ 7.000175304590621, 51.432082620260282 ], [ 7.00020277859842, 51.431453575693894 ], [ 7.000230251611141, 51.430824531049105 ], [ 7.00025772362883, 51.430195486325907 ], [ 7.000285194651536, 51.429566441524301 ], [ 7.000312664679304, 51.428937396644301 ], [ 7.000340133712184, 51.428308351685878 ], [ 7.000367601750223, 51.427679306649054 ], [ 6.99936134837428, 51.427662131396133 ], [ 6.999388829216996, 51.427033086665254 ], [ 6.99838259063577, 51.427015903163685 ], [ 6.997376353050286, 51.426998711029171 ], [ 6.996370116461047, 51.426981510261697 ], [ 6.995363880868548, 51.426964300861322 ], [ 6.99435764627329, 51.426947082828029 ], [ 6.993351412675771, 51.426929856161841 ], [ 6.993323849037221, 51.427558898582582 ], [ 6.992317602638802, 51.427541662897823 ], [ 6.992290024202328, 51.428170704854374 ], [ 6.992262444767023, 51.428799746732423 ], [ 6.99125617176771, 51.428782501642829 ], [ 6.991228577532938, 51.429411543056446 ], [ 6.992234864332838, 51.429428788531972 ], [ 6.992207282899725, 51.430057830253048 ], [ 6.992179700467637, 51.430686871895617 ], [ 6.993186015869233, 51.430704109509023 ] ] ], [ [ [ 6.988613172804303, 51.511832585568129 ], [ 6.988640884505607, 51.5112035540525 ], [ 6.987632799372423, 51.511186258316727 ], [ 6.987605073804973, 51.511815289445046 ], [ 6.988613172804303, 51.511832585568129 ] ] ], [ [ [ 6.993957693799553, 51.504999564041611 ], [ 6.993985325142898, 51.504370529729272 ], [ 6.992977387486074, 51.504353281536474 ], [ 6.992949742281862, 51.504982315462605 ], [ 6.993957693799553, 51.504999564041611 ] ] ], [ [ [ 6.993487807591631, 51.515693135347114 ], [ 6.992479620362414, 51.515675880200632 ], [ 6.992451957102777, 51.516304912714254 ], [ 6.992424292839606, 51.516933945149404 ], [ 6.992396627572849, 51.517562977506088 ], [ 6.99340485641328, 51.51758023381187 ], [ 6.99441308625684, 51.517597481456853 ], [ 6.99438544772932, 51.518226514507774 ], [ 6.995393692447012, 51.518243753878025 ], [ 6.996401938166877, 51.518260984587279 ], [ 6.996429548951341, 51.517631950764432 ], [ 6.997437781801275, 51.517649172426971 ], [ 6.997465377713016, 51.517020138140026 ], [ 6.998473597692925, 51.517037350756247 ], [ 6.99844601565233, 51.517666385428662 ], [ 6.999454250504004, 51.517683589769469 ], [ 6.999481818673404, 51.517054554711777 ], [ 7.00049004065395, 51.5170717500066 ], [ 7.000462486355794, 51.517700785449364 ], [ 7.001470723207197, 51.517717972468361 ], [ 7.00247896105771, 51.517735150826418 ], [ 7.002451433503574, 51.518364186960405 ], [ 7.003459686224585, 51.51838135704201 ], [ 7.003432171544184, 51.519010393482141 ], [ 7.004440439135787, 51.519027555286904 ], [ 7.005448707725092, 51.519044708430286 ], [ 7.006456977311595, 51.519061852912259 ], [ 7.006429503251957, 51.519690890426482 ], [ 7.006402028195577, 51.520319927862367 ], [ 7.005393730862499, 51.520302782612475 ], [ 7.004385434526714, 51.520285628700798 ], [ 7.004357930725508, 51.520914665290221 ], [ 7.004330425926458, 51.521543701801292 ], [ 7.005338750010734, 51.521560856481322 ], [ 7.00531125808879, 51.52218989329824 ], [ 7.006319597045501, 51.522207039700085 ], [ 7.006292118001671, 51.522836076822664 ], [ 7.005283765169412, 51.522818930036813 ], [ 7.005256271252549, 51.523447966697049 ], [ 7.005228776338154, 51.524077003278954 ], [ 7.00422039675087, 51.524059847062105 ], [ 7.004192886961887, 51.524688883181447 ], [ 7.004165376174774, 51.525317919222431 ], [ 7.003156969831148, 51.525300753573802 ], [ 7.002148564486203, 51.525283579261853 ], [ 7.002176103028195, 51.524654543989939 ], [ 7.001167712559801, 51.524637361399535 ], [ 7.001195263979524, 51.52400832643405 ], [ 7.000186888387584, 51.523991135565581 ], [ 6.999178513795736, 51.523973936034274 ], [ 6.99920609196845, 51.523344901760595 ], [ 6.999233669140617, 51.522715867408522 ], [ 6.999261245312285, 51.522086832978047 ], [ 6.99825291334818, 51.522069625940006 ], [ 6.998280502394108, 51.521440591816479 ], [ 6.99830809043913, 51.520811557614529 ], [ 6.997299787224805, 51.520794342685342 ], [ 6.997327388142628, 51.520165308790503 ], [ 6.996319099803274, 51.520148085585213 ], [ 6.996346713592891, 51.519519051997662 ], [ 6.996374326380743, 51.518890018331689 ], [ 6.995366066788823, 51.51887278723656 ], [ 6.994357808199123, 51.518855547480229 ], [ 6.994330167666202, 51.51948458037424 ], [ 6.994302526130512, 51.520113613189785 ], [ 6.994274883592002, 51.52074264592688 ], [ 6.995283183800739, 51.520759886841489 ], [ 6.995255554133378, 51.521388919886263 ], [ 6.995227923463603, 51.522017952852579 ], [ 6.995200291791369, 51.522646985740451 ], [ 6.996208634626174, 51.522664219151061 ], [ 6.997216978462985, 51.522681443899295 ], [ 6.997189373539434, 51.523310477480443 ], [ 6.997161767614331, 51.523939510983162 ], [ 6.997134160687628, 51.524568544407458 ], [ 6.998142547154455, 51.524585761650002 ], [ 6.99811495310328, 51.52521479538148 ], [ 6.998087358050912, 51.525843829034535 ], [ 6.99707894382923, 51.525826611020776 ], [ 6.997051333897438, 51.526455644209804 ], [ 6.997023722963855, 51.527084677320417 ], [ 6.996015281987148, 51.527067449871652 ], [ 6.995987656172586, 51.527696482517982 ], [ 6.996996111028431, 51.527713710352586 ], [ 6.99696849809112, 51.528342743306339 ], [ 6.996940884151871, 51.52897177618167 ], [ 6.996913269210641, 51.529600808978579 ], [ 6.997921766708949, 51.529618029306199 ], [ 6.997894164646882, 51.530247062410368 ], [ 6.997866561583238, 51.530876095436113 ], [ 6.998875087846069, 51.530893307870173 ], [ 6.999883615110021, 51.530910511639256 ], [ 7.000892143374594, 51.530927706743356 ], [ 7.00091970479285, 51.530298672561699 ], [ 7.001928220175649, 51.530315858615872 ], [ 7.002936736558012, 51.53033303600521 ], [ 7.003945253939439, 51.530350204729714 ], [ 7.004953772319428, 51.530367364789328 ], [ 7.005962291697474, 51.530384516184064 ], [ 7.006970812073075, 51.530401658913874 ], [ 7.006998289202211, 51.529772622347295 ], [ 7.008006796693189, 51.529789756028435 ], [ 7.009015305180667, 51.529806881044813 ], [ 7.010023814664146, 51.52982399739642 ], [ 7.010051249152615, 51.5291949596009 ], [ 7.011059745750273, 51.529212066904563 ], [ 7.011087165362481, 51.528583028647603 ], [ 7.012095649074222, 51.528600126903676 ], [ 7.012123053811171, 51.527971088185531 ], [ 7.012150457553774, 51.527342049389112 ], [ 7.012177860302075, 51.526713010514413 ], [ 7.011169418229899, 51.526695913407117 ], [ 7.011196833862801, 51.526066874837063 ], [ 7.011224248500992, 51.525437836188743 ], [ 7.011251662144524, 51.524808797462136 ], [ 7.012260062581656, 51.524825893420754 ], [ 7.012287461353234, 51.524196854232997 ], [ 7.01231485913075, 51.523567814966988 ], [ 7.013323232807713, 51.52358490149696 ], [ 7.013350615714829, 51.522955861770029 ], [ 7.013377997628481, 51.522326821964832 ], [ 7.013405378548716, 51.521697782081397 ], [ 7.0144137115914, 51.521714858801083 ], [ 7.014441077643343, 51.521085818456932 ], [ 7.013432758475584, 51.521068742119674 ], [ 7.013460137409128, 51.520439702079727 ], [ 7.0134875153494, 51.519810661961522 ], [ 7.012479224923211, 51.519793577727334 ], [ 7.012506615743626, 51.519164537913483 ], [ 7.011498340184488, 51.519147445400357 ], [ 7.011525743884042, 51.518518405891008 ], [ 7.012534005570361, 51.518535498021357 ], [ 7.012561394403461, 51.517906458050952 ], [ 7.011553146589462, 51.517889366303379 ], [ 7.011580548300794, 51.517260326637484 ], [ 7.012588782242977, 51.517277418002294 ], [ 7.012616169088954, 51.516648377875391 ], [ 7.011607949018083, 51.516631286893315 ], [ 7.010599729941205, 51.516614187250497 ], [ 7.010627143535267, 51.51598514781098 ], [ 7.0096189393236, 51.515968039890559 ], [ 7.009646365793428, 51.51533900075588 ], [ 7.008638176446877, 51.515321884558254 ], [ 7.007629988095731, 51.515304759700314 ], [ 7.00760253388562, 51.515933798068183 ], [ 7.00659433266031, 51.515916664166276 ], [ 7.005586132431455, 51.515899521603899 ], [ 7.005613614381661, 51.515270484003615 ], [ 7.004605429019741, 51.515253333164885 ], [ 7.003597244655236, 51.515236173665933 ], [ 7.002589061288645, 51.515219005506793 ], [ 7.00158087892047, 51.515201828687459 ], [ 7.000572697551218, 51.515184643207959 ], [ 6.999564517181386, 51.515167449068315 ], [ 6.998556337811478, 51.515150246268561 ], [ 6.997548159441997, 51.515133034808699 ], [ 6.996539982073444, 51.515115814688741 ], [ 6.995531805706323, 51.515098585908724 ], [ 6.994523630341134, 51.515081348468684 ], [ 6.994495995823834, 51.515710381833401 ], [ 6.993487807591631, 51.515693135347114 ] ], [ [ 7.009372056316694, 51.521629388579434 ], [ 7.008363728245879, 51.521612268548253 ], [ 7.007355401170946, 51.521595139854817 ], [ 7.007382864346364, 51.520966102191785 ], [ 7.007410326525446, 51.520337064450437 ], [ 7.007437787708239, 51.519708026630781 ], [ 7.008446073160761, 51.51972515417345 ], [ 7.009454359609022, 51.519742273054462 ], [ 7.01046264705252, 51.519759383273787 ], [ 7.010435227490772, 51.520388422243606 ], [ 7.010407806934245, 51.521017461135116 ], [ 7.009399491742785, 51.521000350149393 ], [ 7.009372056316694, 51.521629388579434 ] ] ], [ [ [ 7.002270343770924, 51.430229814004839 ], [ 7.001264033202635, 51.430212654482368 ], [ 7.00123657498696, 51.430841699589763 ], [ 7.001209115776752, 51.431470744618792 ], [ 7.002215453949663, 51.431487904909297 ], [ 7.002242899357311, 51.430858859496254 ], [ 7.002270343770924, 51.430229814004839 ] ] ], [ [ [ 6.999867668059656, 51.508248055672283 ], [ 6.999895221233065, 51.507619019438629 ], [ 7.000903235205228, 51.507636208958473 ], [ 7.001911250176238, 51.507653389820511 ], [ 7.001938774623832, 51.50702435273881 ], [ 7.000930773516077, 51.507007172261503 ], [ 7.000958310828127, 51.506378135486131 ], [ 6.999950324581882, 51.506360946736102 ], [ 6.99894233933489, 51.50634374932865 ], [ 6.998914774297472, 51.506972785334021 ], [ 6.998887208260252, 51.507601821260977 ], [ 6.998859641223179, 51.508230857109524 ], [ 6.999867668059656, 51.508248055672283 ] ] ], [ [ [ 7.009205148417771, 51.432865881135392 ], [ 7.009177796657472, 51.433494928996275 ], [ 7.010184184180873, 51.433512021358574 ], [ 7.011190572694505, 51.433529105085732 ], [ 7.012196962197869, 51.433546180177764 ], [ 7.012224272544715, 51.432917131169916 ], [ 7.012251581902376, 51.432288082083794 ], [ 7.011245220007577, 51.432271007756015 ], [ 7.011272542179633, 51.431641958973721 ], [ 7.010266195077957, 51.431624876393478 ], [ 7.010293530063412, 51.430995827915162 ], [ 7.009287197754764, 51.430978737082853 ], [ 7.009259848966369, 51.431607785178684 ], [ 7.009232499187388, 51.432236833196193 ], [ 7.008226140262996, 51.432219732964185 ], [ 7.008198775689489, 51.432848780520686 ], [ 7.009205148417771, 51.432865881135392 ] ] ], [ [ [ 7.004907817222963, 51.508333918615833 ], [ 7.004880332371702, 51.508962956693829 ], [ 7.004852846523504, 51.509591994693487 ], [ 7.005860907078244, 51.509609142075938 ], [ 7.005833434098518, 51.510238180381251 ], [ 7.004825359678323, 51.510221032614801 ], [ 7.004797871836111, 51.510850070457778 ], [ 7.004770382996819, 51.511479108222403 ], [ 7.005778485149433, 51.51149625675685 ], [ 7.005751009179978, 51.51212529482715 ], [ 7.006759126196227, 51.512142435086339 ], [ 7.007767244208646, 51.512159566686243 ], [ 7.008775363216732, 51.51217668962682 ], [ 7.009783483219986, 51.512193803908069 ], [ 7.010791604217903, 51.512210909529969 ], [ 7.011799726209982, 51.512228006492478 ], [ 7.011827118976662, 51.511598966122129 ], [ 7.012835228095104, 51.511616054042591 ], [ 7.012862606001378, 51.51098701321132 ], [ 7.01387070224609, 51.511004092090097 ], [ 7.013898065292962, 51.510375050798096 ], [ 7.014906148663846, 51.510392120635579 ], [ 7.014933496852321, 51.509763078883083 ], [ 7.015941567349285, 51.509780139679634 ], [ 7.015968900680366, 51.509151097466884 ], [ 7.014960844048833, 51.50913403705237 ], [ 7.014988190253428, 51.508504995143404 ], [ 7.013980148478693, 51.508487926452638 ], [ 7.014007507555798, 51.507858884847643 ], [ 7.012999480637763, 51.507841807881007 ], [ 7.011991454712553, 51.507824722256323 ], [ 7.012018840524948, 51.507195681338075 ], [ 7.012046225344063, 51.506566640341532 ], [ 7.011038228139147, 51.50654954682436 ], [ 7.011065625827761, 51.505920506132327 ], [ 7.010057643479262, 51.505903404340479 ], [ 7.009049662124948, 51.505886293891216 ], [ 7.008041681765325, 51.50586917478455 ], [ 7.008014242488804, 51.50649821432711 ], [ 7.007006249261833, 51.506481086179541 ], [ 7.005998257030602, 51.5064639493744 ], [ 7.005970789032807, 51.507092988071392 ], [ 7.004962783934872, 51.507075842224779 ], [ 7.00395477983373, 51.507058687720473 ], [ 7.003927283112795, 51.507687725571024 ], [ 7.003899785394519, 51.508316763343224 ], [ 7.004907817222963, 51.508333918615833 ] ] ], [ [ [ 7.00845315151684, 51.496433572248463 ], [ 7.008480574876015, 51.495804531452897 ], [ 7.007472817243988, 51.495787409824032 ], [ 7.006465060606891, 51.495770279540892 ], [ 7.006437609538738, 51.496399319569534 ], [ 7.007445380030299, 51.496416450236225 ], [ 7.007417941821634, 51.497045490570088 ], [ 7.008425727163189, 51.497062612965713 ], [ 7.00845315151684, 51.496433572248463 ] ] ], [ [ [ 7.008370875472265, 51.49832069416528 ], [ 7.007363062419175, 51.498303571002864 ], [ 7.007335621225288, 51.498932611101765 ], [ 7.008343448134897, 51.498949734647596 ], [ 7.009351276039173, 51.498966849538171 ], [ 7.009378689519974, 51.498337808672638 ], [ 7.008370875472265, 51.49832069416528 ] ] ], [ [ [ 7.012707670410422, 51.468177921362177 ], [ 7.011700518905347, 51.468160842528562 ], [ 7.011673166921155, 51.468789887534825 ], [ 7.010666002574853, 51.468772799672884 ], [ 7.010638635766209, 51.469401844218346 ], [ 7.011645813945579, 51.469418932462823 ], [ 7.011618459978571, 51.470047977312518 ], [ 7.011591105020084, 51.470677022083947 ], [ 7.012598311858615, 51.470694102446934 ], [ 7.013605519688173, 51.47071117416332 ], [ 7.013632846978382, 51.470082128627368 ], [ 7.013660173278113, 51.469453083013164 ], [ 7.012652993116381, 51.469436012061102 ], [ 7.012680332258843, 51.468806966750762 ], [ 7.012707670410422, 51.468177921362177 ] ] ], [ [ [ 7.010934288449287, 51.485774073113113 ], [ 7.009926750434453, 51.485756974919134 ], [ 7.009899356826976, 51.48638601735064 ], [ 7.009871962226287, 51.487015059703843 ], [ 7.010879527934796, 51.48703215866346 ], [ 7.010852146188435, 51.487661201321224 ], [ 7.010824763449264, 51.488290243900671 ], [ 7.011832357846313, 51.488307334973982 ], [ 7.012839953235716, 51.488324417395269 ], [ 7.012867308278562, 51.487695374050702 ], [ 7.013874890811584, 51.487712447437687 ], [ 7.013902231014892, 51.487083403632589 ], [ 7.013929570226943, 51.486454359749231 ], [ 7.013956908447783, 51.485825315787636 ], [ 7.013984245677462, 51.485196271747775 ], [ 7.012976718532362, 51.485179199889743 ], [ 7.012949367456454, 51.485808243547389 ], [ 7.011941827456789, 51.485791162655879 ], [ 7.010934288449287, 51.485774073113113 ] ] ], [ [ [ 7.010304302708202, 51.500242038035722 ], [ 7.011312160315138, 51.50025913638143 ], [ 7.011339548069035, 51.4996300949066 ], [ 7.010331704319765, 51.499612996943739 ], [ 7.010304302708202, 51.500242038035722 ] ] ], [ [ [ 7.01114781293168, 51.50403338358656 ], [ 7.011175206645837, 51.503404342581405 ], [ 7.010167279743049, 51.503387242321274 ], [ 7.010139872168216, 51.504016282943525 ], [ 7.01114781293168, 51.50403338358656 ] ] ], [ [ [ 7.014312215140183, 51.477647737165647 ], [ 7.01531957716016, 51.477664795789025 ], [ 7.015292265660998, 51.478293841149849 ], [ 7.015264953171743, 51.478922886432414 ], [ 7.016272343862889, 51.478939937170423 ], [ 7.017279735543676, 51.478956979259252 ], [ 7.017307020351256, 51.478327933213428 ], [ 7.018314399180272, 51.478344966271699 ], [ 7.018341669158355, 51.477715919766311 ], [ 7.019349035135507, 51.4777329437944 ], [ 7.019376290285092, 51.477103896829703 ], [ 7.019403544446683, 51.476474849786804 ], [ 7.018396206148937, 51.476457826520956 ], [ 7.018423473161532, 51.475828779780961 ], [ 7.017416149691139, 51.475811748247949 ], [ 7.017443429553738, 51.475182701811015 ], [ 7.016436120910604, 51.475165662011221 ], [ 7.016463413622204, 51.474536615877533 ], [ 7.015456119806233, 51.474519567811356 ], [ 7.014448826980072, 51.474502511097342 ], [ 7.013441535144219, 51.474485445735532 ], [ 7.013414200919335, 51.475114490723655 ], [ 7.013386865703595, 51.475743535633512 ], [ 7.013359529496949, 51.476372580465103 ], [ 7.013332192299351, 51.477001625218442 ], [ 7.014339539489064, 51.477018692108494 ], [ 7.014312215140183, 51.477647737165647 ] ] ], [ [ [ 7.01112041822398, 51.504662424513427 ], [ 7.012128373842211, 51.504679516882341 ], [ 7.012155754688686, 51.504050475572747 ], [ 7.01114781293168, 51.50403338358656 ], [ 7.01112041822398, 51.504662424513427 ] ] ], [ [ [ 7.024002212281658, 51.440040939217596 ], [ 7.023975056774615, 51.440669991936197 ], [ 7.024981610988608, 51.440686958945939 ], [ 7.025008752685014, 51.440057905847596 ], [ 7.026015294071584, 51.440074863840245 ], [ 7.026042420974592, 51.439445810284234 ], [ 7.027048949533645, 51.439462759260167 ], [ 7.027076061644256, 51.43883370524668 ], [ 7.028082577375699, 51.43885064520628 ], [ 7.029089094088763, 51.438867576528835 ], [ 7.029116177598646, 51.43823852167916 ], [ 7.030122681483461, 51.438255443985916 ], [ 7.03112918634885, 51.438272357655805 ], [ 7.031156241259864, 51.437643301970773 ], [ 7.032162733296363, 51.437660206625416 ], [ 7.033169226312392, 51.437677102643335 ], [ 7.033196252626394, 51.437048046123735 ], [ 7.03322327796141, 51.436418989526089 ], [ 7.03325030231749, 51.435789932850369 ], [ 7.034256754888363, 51.435806819097735 ], [ 7.034283764458488, 51.435177761966031 ], [ 7.034310773050267, 51.434548704756274 ], [ 7.033304348093022, 51.43453181926472 ], [ 7.033331369512569, 51.433902762354798 ], [ 7.03232495934014, 51.433885868605572 ], [ 7.031318550146961, 51.433868966220757 ], [ 7.031345598198749, 51.433239909989119 ], [ 7.030339203790745, 51.43322299934723 ], [ 7.030366264667757, 51.432593943415966 ], [ 7.029359885044835, 51.432577024517371 ], [ 7.028353506402564, 51.432560096983671 ], [ 7.027347128741446, 51.432543160814859 ], [ 7.027320026449933, 51.433172215609609 ], [ 7.026313635965729, 51.433155270426489 ], [ 7.026286518887279, 51.433784324763892 ], [ 7.026259400826585, 51.434413379023141 ], [ 7.025252983713695, 51.434396424445907 ], [ 7.025225850864521, 51.435025478247582 ], [ 7.025198717032508, 51.435654531971103 ], [ 7.02517158221761, 51.436283585616472 ], [ 7.024165124667586, 51.436266621264657 ], [ 7.024137975062116, 51.436895674452209 ], [ 7.023131504687928, 51.436878701084339 ], [ 7.023104340290888, 51.437507753813875 ], [ 7.023077174909824, 51.438136806465216 ], [ 7.024083672900696, 51.438153780592842 ], [ 7.024056520344651, 51.438782833545915 ], [ 7.024029366804988, 51.439411886420835 ], [ 7.024002212281658, 51.440040939217596 ] ] ], [ [ [ 7.020002175192634, 51.485927567551407 ], [ 7.020029429343943, 51.485298521222255 ], [ 7.021036963416325, 51.485315532522215 ], [ 7.022044498476316, 51.485332535170933 ], [ 7.022017272018175, 51.485961582261623 ], [ 7.023024821911928, 51.485978576639582 ], [ 7.024032372792331, 51.485995562366071 ], [ 7.025039924658888, 51.486012539441063 ], [ 7.025067109576921, 51.485383491209497 ], [ 7.026074648582331, 51.4854004592531 ], [ 7.026101818668466, 51.484771410563503 ], [ 7.027109344812635, 51.48478836957608 ], [ 7.028116871941356, 51.484805319937486 ], [ 7.029124400054132, 51.484822261647722 ], [ 7.030131929150458, 51.484839194706751 ], [ 7.03015904286789, 51.484210144421425 ], [ 7.031166559101236, 51.484227068450338 ], [ 7.032174076317085, 51.484243983828193 ], [ 7.032201161360409, 51.483614932707169 ], [ 7.033208665712636, 51.483631839055441 ], [ 7.034216171046316, 51.483648736752848 ], [ 7.035223677360949, 51.483665625799318 ], [ 7.036231184656033, 51.483682506194882 ], [ 7.036258213336634, 51.483053453482931 ], [ 7.037265707766358, 51.483070324849791 ], [ 7.037292721622245, 51.482441271682092 ], [ 7.03731973449878, 51.48181221843636 ], [ 7.037346746396007, 51.481183165112625 ], [ 7.037373757313971, 51.480554111710866 ], [ 7.037400767252721, 51.479925058231103 ], [ 7.037427776212303, 51.479296004673323 ], [ 7.037454784192765, 51.478666951037532 ], [ 7.037481791194153, 51.478037897323716 ], [ 7.038489175858464, 51.478054757019862 ], [ 7.038516168039977, 51.477425702850596 ], [ 7.039523539841921, 51.477442553520234 ], [ 7.03955051720456, 51.476813498895716 ], [ 7.039577493589268, 51.476184444193215 ], [ 7.039604468996091, 51.475555389412719 ], [ 7.039631443425078, 51.474926334554205 ], [ 7.039658416876271, 51.474297279617737 ], [ 7.038651114271287, 51.474280430834199 ], [ 7.037643812644551, 51.474263573402581 ], [ 7.03663651199656, 51.474246707322898 ], [ 7.036609497030335, 51.474875761127201 ], [ 7.03560218352334, 51.474858886021693 ], [ 7.035575153739071, 51.475487939370183 ], [ 7.035548122974961, 51.476116992640627 ], [ 7.036555464159958, 51.476133868501734 ], [ 7.036528446255711, 51.476762922071963 ], [ 7.036501427372031, 51.477391975564167 ], [ 7.03647440750887, 51.478021028978333 ], [ 7.035467024803114, 51.478004151983761 ], [ 7.034459643077386, 51.477987266339994 ], [ 7.033452262332188, 51.477970372047061 ], [ 7.033479323717471, 51.477341319766971 ], [ 7.03350638412177, 51.476712267408828 ], [ 7.033533443545133, 51.476083214972611 ], [ 7.032526105301303, 51.476066313165752 ], [ 7.032499032038329, 51.476695365223556 ], [ 7.031491680936324, 51.476678454389557 ], [ 7.031464592851848, 51.477307505990694 ], [ 7.031437503785385, 51.477936557513779 ], [ 7.031410413736891, 51.478565608958775 ], [ 7.031383322706317, 51.479194660325696 ], [ 7.031356230693617, 51.47982371161455 ], [ 7.030348811368451, 51.47980679023776 ], [ 7.030375917223171, 51.479177739327753 ], [ 7.029368512722654, 51.479160809680323 ], [ 7.029341393025958, 51.479789860211305 ], [ 7.028333975666641, 51.479772921535201 ], [ 7.02830684114434, 51.480401971608856 ], [ 7.027299410926317, 51.4803850239037 ], [ 7.027272261577411, 51.48101407351983 ], [ 7.026264818500776, 51.480997116785247 ], [ 7.025257376408913, 51.480980151400679 ], [ 7.02523019838911, 51.481609200179214 ], [ 7.024222743439279, 51.481592225764665 ], [ 7.024195550590411, 51.482221274085042 ], [ 7.023188082782704, 51.482204290640134 ], [ 7.023160875103774, 51.482833338502104 ], [ 7.022153394438286, 51.482816346026468 ], [ 7.022126171928288, 51.483445393429832 ], [ 7.022098948431325, 51.484074440755045 ], [ 7.021091441063046, 51.484057438867644 ], [ 7.021064202733466, 51.484686485734017 ], [ 7.020056682507142, 51.484669474814922 ], [ 7.019049163268879, 51.484652455244806 ], [ 7.01804164501918, 51.484635427023704 ], [ 7.018014364164004, 51.485264472668732 ], [ 7.019021896259668, 51.485281501271096 ], [ 7.018994628261845, 51.48591054721917 ], [ 7.020002175192634, 51.485927567551407 ] ] ], [ [ [ 7.02057374388241, 51.496009315959618 ], [ 7.0205464867811, 51.496638361340537 ], [ 7.020519228691333, 51.497267406643246 ], [ 7.019511431448584, 51.497250388104973 ], [ 7.019484158514223, 51.497879432948423 ], [ 7.019456884590808, 51.498508477713713 ], [ 7.020464709546231, 51.498525497014136 ], [ 7.020437448490801, 51.499154542082294 ], [ 7.020410186446725, 51.499783587072272 ], [ 7.021418040105523, 51.499800598479197 ], [ 7.022425894752515, 51.499817601230426 ], [ 7.022398659436069, 51.50044664690386 ], [ 7.023406528928987, 51.500463641379902 ], [ 7.023379306483539, 51.501092687355701 ], [ 7.024387190822479, 51.501109673556158 ], [ 7.024359981249029, 51.501738719834179 ], [ 7.025367880434084, 51.501755697758647 ], [ 7.02534068373364, 51.502384744338677 ], [ 7.026348597764905, 51.502401713986757 ], [ 7.026321413938467, 51.503030760868661 ], [ 7.027329342816036, 51.503047722239963 ], [ 7.02730217186461, 51.503676769423549 ], [ 7.028310115588578, 51.503693722517689 ], [ 7.029318060297511, 51.503710666954817 ], [ 7.029290916083625, 51.504339714819352 ], [ 7.030298875638596, 51.5043566509787 ], [ 7.030271744302279, 51.504985699144378 ], [ 7.031279718703384, 51.50500262702554 ], [ 7.032287694088042, 51.505019546249258 ], [ 7.032314797700064, 51.504390497325666 ], [ 7.03234190032908, 51.503761448324006 ], [ 7.032369001975141, 51.503132399244279 ], [ 7.032396102638289, 51.502503350086506 ], [ 7.032423202318575, 51.501874300850666 ], [ 7.03343110938021, 51.501891209523691 ], [ 7.03345819421797, 51.501262159831157 ], [ 7.033485278073461, 51.500633110060598 ], [ 7.033512360946732, 51.500004060211985 ], [ 7.033539442837829, 51.49937501028532 ], [ 7.0335665237468, 51.498745960280608 ], [ 7.033593603673691, 51.49811691019783 ], [ 7.034601428566628, 51.498133807943958 ], [ 7.034628493654741, 51.497504757404776 ], [ 7.033620682618549, 51.497487860037012 ], [ 7.032612872564344, 51.497470954014076 ], [ 7.031605063492626, 51.497454039335999 ], [ 7.030597255403896, 51.497437116002793 ], [ 7.030624374935221, 51.496808066900151 ], [ 7.030651493483104, 51.496179017719406 ], [ 7.029643714089477, 51.496162086489335 ], [ 7.028635935679747, 51.496145146604562 ], [ 7.028663080954292, 51.495516098104147 ], [ 7.028690225244485, 51.49488704952563 ], [ 7.028717368550375, 51.494258000869003 ], [ 7.027709632688417, 51.494241053467988 ], [ 7.027736788863502, 51.49361200511273 ], [ 7.026729067839712, 51.493595049437289 ], [ 7.026756236882991, 51.492966001383564 ], [ 7.025748530697274, 51.492949037434094 ], [ 7.025775712607746, 51.492319989682052 ], [ 7.024768021260005, 51.492303017458944 ], [ 7.024740825497224, 51.492932064830974 ], [ 7.023733121283344, 51.492915083574211 ], [ 7.023705910681629, 51.493544130487855 ], [ 7.022698193601702, 51.493527140197081 ], [ 7.02267096816005, 51.494156186652141 ], [ 7.022643741731131, 51.494785233029049 ], [ 7.02163599793158, 51.494768233323235 ], [ 7.021608756661173, 51.495397279241338 ], [ 7.020600999995308, 51.49538027050054 ], [ 7.02057374388241, 51.496009315959618 ] ] ], [ [ [ 7.027926854519797, 51.489208664438792 ], [ 7.028934479568155, 51.489225608804432 ], [ 7.029942105600393, 51.489242544517516 ], [ 7.029914984017241, 51.489871594178133 ], [ 7.030922624882899, 51.489888521617644 ], [ 7.031930266731481, 51.489905440404378 ], [ 7.032937909562489, 51.489922350538315 ], [ 7.033945553375419, 51.489939252019418 ], [ 7.034953198169772, 51.489956144847682 ], [ 7.034926144856367, 51.490585196323316 ], [ 7.035933804482416, 51.490602080876755 ], [ 7.035960843945045, 51.489973029023083 ], [ 7.036968490700736, 51.489989904545602 ], [ 7.037976138436345, 51.490006771415217 ], [ 7.038003149217865, 51.489377718728029 ], [ 7.036995515332625, 51.489360852236054 ], [ 7.037022538984642, 51.488731799848495 ], [ 7.037049561656838, 51.488102747382925 ], [ 7.037076583349255, 51.487473694839345 ], [ 7.037103604061941, 51.48684464221774 ], [ 7.036096026552844, 51.486827768584313 ], [ 7.035088450023931, 51.486810886298954 ], [ 7.035115497452518, 51.486181834355108 ], [ 7.034107935752012, 51.486164943796027 ], [ 7.033100375032645, 51.486148044585278 ], [ 7.03209281529492, 51.486131136722861 ], [ 7.031085256539337, 51.486114220208805 ], [ 7.031058153720147, 51.486743270638797 ], [ 7.030050582099673, 51.486726345094183 ], [ 7.030023464449758, 51.487355395067155 ], [ 7.029015879964489, 51.487338460491578 ], [ 7.028988747482846, 51.487967510007287 ], [ 7.027981150132875, 51.487950566400386 ], [ 7.027954002818504, 51.48857961545864 ], [ 7.027926854519797, 51.489208664438792 ] ] ], [ [ [ 7.043691177652656, 51.427151552259389 ], [ 7.04366430500465, 51.427780613797133 ], [ 7.043637431383349, 51.428409675256916 ], [ 7.04361055678871, 51.429038736638738 ], [ 7.044616867265654, 51.429055532388119 ], [ 7.045623178715485, 51.42907231950322 ], [ 7.045650025705999, 51.428443257369828 ], [ 7.04567687172417, 51.427814195158533 ], [ 7.044670587878013, 51.427797408794767 ], [ 7.044697446724978, 51.427168346881167 ], [ 7.043691177652656, 51.427151552259389 ] ] ], [ [ [ 7.044937039003953, 51.468719878929676 ], [ 7.043929856040341, 51.468703076772535 ], [ 7.043902946723173, 51.469332133917455 ], [ 7.043876036430635, 51.469961190984421 ], [ 7.044883247062982, 51.469977993893856 ], [ 7.044856349630149, 51.470607051259037 ], [ 7.044829451222355, 51.471236108546279 ], [ 7.044802551839553, 51.471865165755581 ], [ 7.044775651481697, 51.472494222886951 ], [ 7.04474875014874, 51.473123279940353 ], [ 7.045756030936839, 51.473140076082913 ], [ 7.045729142466405, 51.473769133434402 ], [ 7.046736438066866, 51.473785921304945 ], [ 7.047743734641521, 51.473802700527436 ], [ 7.048751032189869, 51.473819471101841 ], [ 7.049758330711408, 51.47383623302818 ], [ 7.050765630205637, 51.473852986306397 ], [ 7.051772930672056, 51.473869730936499 ], [ 7.052780232110165, 51.473886466918444 ], [ 7.053787534519462, 51.473903194252216 ], [ 7.054794837899447, 51.473919912937824 ], [ 7.054821601828762, 51.473290852210816 ], [ 7.054848364787936, 51.472661791405983 ], [ 7.054875126777016, 51.472032730523296 ], [ 7.055882389614286, 51.47204943943845 ], [ 7.055909136796687, 51.471420378103879 ], [ 7.056916386766824, 51.471437077997521 ], [ 7.056943119143545, 51.470808016211272 ], [ 7.057950356246458, 51.470824707083779 ], [ 7.057977073818502, 51.470195644846058 ], [ 7.05800379042214, 51.469566582530526 ], [ 7.058030506057417, 51.468937520137203 ], [ 7.05805722072438, 51.468308457666048 ], [ 7.058083934423076, 51.467679395117102 ], [ 7.057076766493776, 51.467662706112741 ], [ 7.057103493057471, 51.467033643859594 ], [ 7.056096339930068, 51.467016946582724 ], [ 7.056123079357763, 51.466387884625526 ], [ 7.056149817816327, 51.465758822590516 ], [ 7.056176555305808, 51.465129760477687 ], [ 7.055169444643964, 51.465113055676603 ], [ 7.054162334951656, 51.465096342230034 ], [ 7.054135569798968, 51.46572540359476 ], [ 7.054108803676196, 51.466354464881647 ], [ 7.053101667290358, 51.466337742040899 ], [ 7.05307488636492, 51.466966802875575 ], [ 7.052067737117224, 51.466950071014423 ], [ 7.052040941388118, 51.467579131396668 ], [ 7.051033779278659, 51.467562390514736 ], [ 7.050026618140923, 51.467545640986607 ], [ 7.049019457975414, 51.467528882812317 ], [ 7.048012298782629, 51.467512115991852 ], [ 7.047005140563072, 51.467495340525261 ], [ 7.046978274695991, 51.468124398953861 ], [ 7.045971103616949, 51.468107614465417 ], [ 7.044963933512182, 51.468090821330691 ], [ 7.044937039003953, 51.468719878929676 ] ] ], [ [ [ 7.034486690622008, 51.477358213681683 ], [ 7.035494058507028, 51.477375098947419 ], [ 7.035521091230962, 51.476746045833039 ], [ 7.034513737186148, 51.476729160945325 ], [ 7.034486690622008, 51.477358213681683 ] ] ], [ [ [ 7.046118052542734, 51.488254227527477 ], [ 7.046144949593685, 51.487625171592327 ], [ 7.046171845669419, 51.486996115579259 ], [ 7.045164259361215, 51.48697931981394 ], [ 7.044156674028686, 51.486962515396527 ], [ 7.044129750255525, 51.487591570657294 ], [ 7.044102825506141, 51.488220625840114 ], [ 7.044075899780491, 51.48884968094498 ], [ 7.045083526660598, 51.488866486491169 ], [ 7.046091154516516, 51.488883283384688 ], [ 7.046118052542734, 51.488254227527477 ] ] ], [ [ [ 7.039694558372622, 51.496960061909419 ], [ 7.038686756290507, 51.496943208195148 ], [ 7.038659747609328, 51.497572260323821 ], [ 7.03863273794867, 51.498201312374505 ], [ 7.039640567744247, 51.498218166843543 ], [ 7.039667563547923, 51.497589114415469 ], [ 7.039694558372622, 51.496960061909419 ] ] ], [ [ [ 7.042502317078883, 51.502042998035158 ], [ 7.043510233941086, 51.502059820142108 ], [ 7.044518151780585, 51.502076633592345 ], [ 7.044491218425934, 51.502705687358912 ], [ 7.04446428409444, 51.503334741047546 ], [ 7.044437348786058, 51.50396379465824 ], [ 7.043429389362871, 51.503946980078489 ], [ 7.042421430917121, 51.503930156841442 ], [ 7.042394466907384, 51.504559209620965 ], [ 7.04340243921532, 51.504576033234734 ], [ 7.043375488090286, 51.505205086313026 ], [ 7.04438347523844, 51.505221901645832 ], [ 7.045391463363624, 51.505238708320945 ], [ 7.045418386763143, 51.504609654489776 ], [ 7.046426362002025, 51.504626452131014 ], [ 7.047434338216887, 51.504643241114721 ], [ 7.047461232915227, 51.504014186453517 ], [ 7.048469196243144, 51.504030966403874 ], [ 7.048442315407225, 51.504660021440834 ], [ 7.049450293572537, 51.504676793109368 ], [ 7.050458272712323, 51.504693556120294 ], [ 7.05146625282608, 51.504710310473605 ], [ 7.051439412604231, 51.505339366558772 ], [ 7.052447407554565, 51.505356112629407 ], [ 7.053455403477911, 51.5053728500422 ], [ 7.053482215973497, 51.504743793207254 ], [ 7.054490199006153, 51.504760521587556 ], [ 7.054516996666575, 51.504131464300158 ], [ 7.054543793355078, 51.503502406934935 ], [ 7.055551749634708, 51.50351912590876 ], [ 7.055578531489599, 51.502890068091325 ], [ 7.055605312373169, 51.502261010196065 ], [ 7.054597383816521, 51.502244291970989 ], [ 7.054624177589556, 51.501615234372267 ], [ 7.054650970390858, 51.500986176695719 ], [ 7.054677762220477, 51.500357118941324 ], [ 7.054704553078459, 51.499728061109103 ], [ 7.054731342964849, 51.499099003199049 ], [ 7.054758131879695, 51.498469945211141 ], [ 7.053750287451451, 51.498453220576302 ], [ 7.053777089252481, 51.49782416288506 ], [ 7.052769259653871, 51.497807429969136 ], [ 7.051761431027717, 51.497790688397679 ], [ 7.050753603374519, 51.497773938170717 ], [ 7.049745776694778, 51.497757179288236 ], [ 7.049772632952108, 51.49712812301901 ], [ 7.049799488235527, 51.496499066671902 ], [ 7.04879169024314, 51.496482299884839 ], [ 7.048764821103275, 51.497111355856511 ], [ 7.047757010228856, 51.497094580038748 ], [ 7.046749200329353, 51.49707779556573 ], [ 7.04672230250132, 51.497706850708035 ], [ 7.046695403697823, 51.498335905772429 ], [ 7.045687567059622, 51.49831911189213 ], [ 7.045660653422805, 51.498948166502558 ], [ 7.044652803902852, 51.498931363590422 ], [ 7.043644955359462, 51.498914552022519 ], [ 7.042637107793134, 51.498897731798863 ], [ 7.041629261204372, 51.498880902919495 ], [ 7.041656230271965, 51.498251849815183 ], [ 7.040648398518845, 51.498235012657105 ], [ 7.039640567744247, 51.498218166843543 ], [ 7.039613570961547, 51.498847219193621 ], [ 7.040621415593677, 51.49886406538441 ], [ 7.040594431689939, 51.499493118033719 ], [ 7.040567446807587, 51.500122170605053 ], [ 7.041575320134942, 51.500139008894195 ], [ 7.042583194440456, 51.500155838527249 ], [ 7.042556236297652, 51.500784891774515 ], [ 7.042529277177143, 51.501413944943813 ], [ 7.042502317078883, 51.502042998035158 ] ] ], [ [ [ 7.05456369586343, 51.455660412417686 ], [ 7.054536945256438, 51.456289474950076 ], [ 7.054510193680057, 51.456918537404633 ], [ 7.054483441134241, 51.457547599781343 ], [ 7.054456687618945, 51.458176662080213 ], [ 7.055463645196886, 51.458193371411831 ], [ 7.055436904538139, 51.458822434006883 ], [ 7.055410162910318, 51.45945149652411 ], [ 7.056417149110035, 51.459468197960049 ], [ 7.056390420340217, 51.460097260773303 ], [ 7.057397421335724, 51.460113953939128 ], [ 7.057424136278371, 51.459484890752201 ], [ 7.058431124414827, 51.459501574900557 ], [ 7.058404423299398, 51.46013063846096 ], [ 7.059411426230737, 51.460147314338784 ], [ 7.06041843012924, 51.460163981572592 ], [ 7.060391755701718, 51.460793045801573 ], [ 7.060365080307483, 51.4614221099528 ], [ 7.061372112828866, 51.461438769288364 ], [ 7.062379146316504, 51.461455419979487 ], [ 7.06240579405398, 51.460826355082617 ], [ 7.061398774394744, 51.460809704764216 ], [ 7.06142543499441, 51.460180640162328 ], [ 7.062432440825744, 51.460197290107999 ], [ 7.062459086631844, 51.459568225055619 ], [ 7.062485731472325, 51.458939159925464 ], [ 7.062512375347233, 51.458310094717568 ], [ 7.062539018256617, 51.457681029431896 ], [ 7.061532067731888, 51.457664380976979 ], [ 7.061558723501191, 51.457035315986204 ], [ 7.062565660200518, 51.457051964068462 ], [ 7.062592301178987, 51.45642289862726 ], [ 7.062618941192067, 51.455793833108309 ], [ 7.062645580239806, 51.45516476751159 ], [ 7.062672218322249, 51.454535701837109 ], [ 7.061665336919525, 51.454519055245406 ], [ 7.06169198785962, 51.453889989865779 ], [ 7.060685121245498, 51.453873335004552 ], [ 7.059678255597582, 51.453856671501221 ], [ 7.058671390916367, 51.453839999355765 ], [ 7.057664527202355, 51.453823318568254 ], [ 7.05763782097112, 51.4544523824555 ], [ 7.056630944402142, 51.454435692652332 ], [ 7.055624068801413, 51.454418994206947 ], [ 7.055597333956137, 51.455048057269011 ], [ 7.054590445501081, 51.45503134980742 ], [ 7.05456369586343, 51.455660412417686 ] ] ], [ [ [ 7.057183666936688, 51.465146456633249 ], [ 7.057210389625959, 51.464517394068842 ], [ 7.056203291826251, 51.464500698287033 ], [ 7.056176555305808, 51.465129760477687 ], [ 7.057183666936688, 51.465146456633249 ] ] ], [ [ [ 7.055819524479727, 51.497228544232378 ], [ 7.055846296623494, 51.496599485636715 ], [ 7.054838492795432, 51.496582770780478 ], [ 7.054811706794941, 51.49721182900187 ], [ 7.055819524479727, 51.497228544232378 ] ] ], [ [ [ 7.094961521777549, 51.380783134837714 ], [ 7.09596680410159, 51.38079947893528 ], [ 7.095992914699483, 51.380170392955293 ], [ 7.094987646140869, 51.380154049223364 ], [ 7.094961521777549, 51.380783134837714 ] ] ], [ [ [ 7.082424833235604, 51.391909781846337 ], [ 7.082451139912151, 51.391280702030976 ], [ 7.081445635838763, 51.391264239613093 ], [ 7.081419315388421, 51.391893319060131 ], [ 7.082424833235604, 51.391909781846337 ] ] ], [ [ [ 7.085152410828622, 51.398879003457239 ], [ 7.085178686643655, 51.398249923391091 ], [ 7.085204961507539, 51.397620843247402 ], [ 7.086210607148672, 51.397637274848371 ], [ 7.086236867282998, 51.39700819425947 ], [ 7.085231235420322, 51.396991763026158 ], [ 7.085257508382045, 51.396362682727379 ], [ 7.08425189124834, 51.396346243236898 ], [ 7.083246275066146, 51.396329795121659 ], [ 7.083219974548641, 51.3969588746846 ], [ 7.082214345540634, 51.39694241757639 ], [ 7.082188030292756, 51.397571496693551 ], [ 7.081182388459026, 51.397555030592024 ], [ 7.081156058479779, 51.398184109263177 ], [ 7.081129727547392, 51.39881318785676 ], [ 7.082135396939164, 51.398829654695149 ], [ 7.083141067283625, 51.398846112908039 ], [ 7.084146738580277, 51.398862562495417 ], [ 7.085152410828622, 51.398879003457239 ] ] ], [ [ [ 7.091468798407512, 51.440529527478304 ], [ 7.092475389768644, 51.440545914995354 ], [ 7.092449174440489, 51.441174993173604 ], [ 7.092422958162587, 51.441804071274383 ], [ 7.093429578100477, 51.441820450886169 ], [ 7.094436198987664, 51.441836821859077 ], [ 7.094462387637965, 51.441207743025281 ], [ 7.095468995660076, 51.441224104993083 ], [ 7.09549516954826, 51.440595025715638 ], [ 7.094488575339519, 51.440578664114042 ], [ 7.094514762092369, 51.439949585125348 ], [ 7.094540947896562, 51.439320506059211 ], [ 7.095547514480064, 51.439336866928407 ], [ 7.095573685523774, 51.438707787418657 ], [ 7.095599855619415, 51.438078707831451 ], [ 7.095626024767037, 51.437449628166824 ], [ 7.09565219296668, 51.436820548424762 ], [ 7.094645681627662, 51.436804189020222 ], [ 7.094671862689247, 51.436175109566861 ], [ 7.093665366108488, 51.436158741891305 ], [ 7.092658870476614, 51.436142365578618 ], [ 7.092632661795421, 51.436771444299112 ], [ 7.092606452164797, 51.437400522942148 ], [ 7.091599929862335, 51.43738413725891 ], [ 7.091573705471502, 51.438013215457737 ], [ 7.091547480130648, 51.438642293579093 ], [ 7.091521253839728, 51.439271371622972 ], [ 7.091495026598698, 51.439900449589381 ], [ 7.091468798407512, 51.440529527478304 ] ] ], [ [ [ 7.074887216903776, 51.451589435009673 ], [ 7.075894041703244, 51.451605967398912 ], [ 7.076900867461231, 51.45162249114653 ], [ 7.076927306262427, 51.45099341980989 ], [ 7.076953744105647, 51.450364348395638 ], [ 7.07698018099094, 51.449735276903766 ], [ 7.077006616918351, 51.449106205334274 ], [ 7.078013388352996, 51.44912271896164 ], [ 7.07803980950348, 51.448493646944904 ], [ 7.078066229696673, 51.447864574850577 ], [ 7.07705948589971, 51.447848061962453 ], [ 7.077085918953749, 51.447218990160124 ], [ 7.076079189932576, 51.447202469001304 ], [ 7.076105635846464, 51.446573397491122 ], [ 7.075098921600989, 51.446556868062004 ], [ 7.075072461869602, 51.447185939202207 ], [ 7.074065734765327, 51.447169400762846 ], [ 7.074039260257288, 51.447798471455215 ], [ 7.074012784790005, 51.448427542069936 ], [ 7.073986308363434, 51.449056612607009 ], [ 7.073959830977525, 51.449685683066434 ], [ 7.074966613356615, 51.449702222986595 ], [ 7.074940148831279, 51.450331293738586 ], [ 7.074913683347014, 51.450960364412957 ], [ 7.074887216903776, 51.451589435009673 ] ] ], [ [ [ 7.105995067831516, 51.454614247770692 ], [ 7.106021109576935, 51.453985166101532 ], [ 7.105014214769286, 51.453968891876812 ], [ 7.104988159199502, 51.454597973181677 ], [ 7.105995067831516, 51.454614247770692 ] ] ], [ [ [ 7.10594298150953, 51.455872410877021 ], [ 7.106949918735562, 51.455888677551293 ], [ 7.106975948543018, 51.455259595672679 ], [ 7.105969025142395, 51.455243329362524 ], [ 7.10594298150953, 51.455872410877021 ] ] ], [ [ [ 7.075602999586247, 51.458525742909892 ], [ 7.075576535458749, 51.459154812945108 ], [ 7.075550070372182, 51.459783882902698 ], [ 7.074543065854225, 51.45976734570187 ], [ 7.073536062295884, 51.45975079985692 ], [ 7.073562555037405, 51.4591217306399 ], [ 7.073589046818857, 51.458492661345218 ], [ 7.072582071874948, 51.458476107597292 ], [ 7.071575097891564, 51.458459545205656 ], [ 7.070568124869204, 51.458442974170339 ], [ 7.069561152808369, 51.458426394491362 ], [ 7.068554181709559, 51.458409806168738 ], [ 7.068527620794027, 51.459038873608698 ], [ 7.067520636831063, 51.459022276270929 ], [ 7.066513653831174, 51.459005670289358 ], [ 7.06648706429876, 51.459634736908349 ], [ 7.066460473802729, 51.4602638034496 ], [ 7.066433882343034, 51.460892869913152 ], [ 7.067440906825822, 51.460909477009935 ], [ 7.06741432823105, 51.461538543767531 ], [ 7.068421367505728, 51.4615551425915 ], [ 7.068394801776879, 51.462184209642949 ], [ 7.069401855843537, 51.462200800193713 ], [ 7.070408910872497, 51.462217382099666 ], [ 7.071415966863256, 51.462233955360809 ], [ 7.072423023815317, 51.462250519977097 ], [ 7.072449534226987, 51.461621451441282 ], [ 7.073456578310438, 51.461638007042112 ], [ 7.073483073932446, 51.461008938058015 ], [ 7.074490105147197, 51.461025484643756 ], [ 7.074516585980541, 51.460396415211633 ], [ 7.075523604326499, 51.46041295278264 ], [ 7.076530623631617, 51.460429481709319 ], [ 7.076504170455319, 51.461058551881656 ], [ 7.076477716320314, 51.461687621976381 ], [ 7.077484764241778, 51.461704142998336 ], [ 7.077458322977613, 51.462333213385264 ], [ 7.07743188075515, 51.46296228369458 ], [ 7.078438957294646, 51.462978796811072 ], [ 7.078412527944478, 51.463607867412442 ], [ 7.07838609763642, 51.464236937936214 ], [ 7.078359666370426, 51.464866008382394 ], [ 7.078333234146453, 51.465495078750948 ], [ 7.078306800964453, 51.466124149041917 ], [ 7.078280366824379, 51.466753219255281 ], [ 7.079287527313335, 51.466769725943571 ], [ 7.079261106048832, 51.467398796448862 ], [ 7.080268281329142, 51.467415294860153 ], [ 7.080294688759911, 51.466786223985515 ], [ 7.080321095233565, 51.466157153033301 ], [ 7.080347500750145, 51.465528082003516 ], [ 7.0803739053097, 51.464899010896133 ], [ 7.080400308912274, 51.464269939711173 ], [ 7.080426711557914, 51.463640868448643 ], [ 7.080453113246665, 51.463011797108521 ], [ 7.080479513978573, 51.46238272569083 ], [ 7.079472449354122, 51.462366230233954 ], [ 7.079498862958964, 51.461737159107948 ], [ 7.080505913753685, 51.461753654195554 ], [ 7.080532312572045, 51.461124582622674 ], [ 7.08153935049424, 51.461141068696413 ], [ 7.081565734527119, 51.460511996676928 ], [ 7.081592117603838, 51.45988292457988 ], [ 7.081618499724444, 51.459253852405261 ], [ 7.081644880888979, 51.458624780153073 ], [ 7.081671261097495, 51.457995707823308 ], [ 7.080664292314173, 51.457979223594684 ], [ 7.080690685392985, 51.457350151556341 ], [ 7.080717077515366, 51.456721079440435 ], [ 7.079710137340477, 51.456704587306504 ], [ 7.079736542331701, 51.456075515482169 ], [ 7.079762946366085, 51.455446443580243 ], [ 7.078756034797946, 51.45542994354178 ], [ 7.077749124187102, 51.455413434860461 ], [ 7.0777226925034, 51.4560425060235 ], [ 7.07671576902576, 51.456025988329607 ], [ 7.076689322559127, 51.456655059045275 ], [ 7.076662875134108, 51.457284129683337 ], [ 7.076636426750657, 51.457913200243773 ], [ 7.076609977408728, 51.458542270726596 ], [ 7.075602999586247, 51.458525742909892 ] ] ], [ [ [ 7.100594882611774, 51.463339898111968 ], [ 7.100568757547225, 51.463968976797034 ], [ 7.100542631535796, 51.464598055404721 ], [ 7.100516504577441, 51.465227133935038 ], [ 7.101523644517301, 51.465243449303465 ], [ 7.101497530445165, 51.465872528121636 ], [ 7.10250468516473, 51.465888835208922 ], [ 7.102478583979813, 51.466517914314799 ], [ 7.103485753479171, 51.466534213120561 ], [ 7.104492923924088, 51.466550503279706 ], [ 7.104466849461718, 51.46717958303779 ], [ 7.105474034686065, 51.467195864914807 ], [ 7.105447973113462, 51.467824944960064 ], [ 7.105421910596212, 51.468454024927958 ], [ 7.106429124435495, 51.468470298886757 ], [ 7.107436339218971, 51.468486564198322 ], [ 7.107462374065342, 51.467857483501959 ], [ 7.107488407968066, 51.467228402728281 ], [ 7.107514440927188, 51.466599321877297 ], [ 7.107540472942753, 51.465970240949005 ], [ 7.108547633330895, 51.465986496157619 ], [ 7.108573650569443, 51.465357414788116 ], [ 7.108599666865025, 51.464728333341313 ], [ 7.108625682217687, 51.464099251817217 ], [ 7.107618563328558, 51.46408299770026 ], [ 7.107644591570347, 51.463453916462733 ], [ 7.107670618868805, 51.462824835147885 ], [ 7.10666352858647, 51.462808573113122 ], [ 7.10565643924792, 51.46279230243286 ], [ 7.105682493264962, 51.462163221768982 ], [ 7.104675418701567, 51.462146942807649 ], [ 7.103668345082914, 51.46213065520103 ], [ 7.102661272409505, 51.462114358949151 ], [ 7.102635176899997, 51.462743438519176 ], [ 7.101628091341599, 51.462727133257054 ], [ 7.101601981055071, 51.46335621238471 ], [ 7.100594882611774, 51.463339898111968 ] ] ], [ [ [ 7.096487954292712, 51.465161785999818 ], [ 7.096514136581366, 51.464532708932389 ], [ 7.095507015213824, 51.464516350699505 ], [ 7.095533210385512, 51.463887273920854 ], [ 7.094526103799313, 51.463870907408477 ], [ 7.09449989479571, 51.464499983820744 ], [ 7.093492775327525, 51.464483608296113 ], [ 7.093466551541622, 51.465112684264348 ], [ 7.094473684842179, 51.465129060155569 ], [ 7.095480819092709, 51.465145427400728 ], [ 7.096487954292712, 51.465161785999818 ] ] ], [ [ [ 7.090927058912003, 51.477661394964237 ], [ 7.090953329400659, 51.477032321279204 ], [ 7.089945936045456, 51.477015912471771 ], [ 7.089972219423521, 51.476386839076625 ], [ 7.088964840862858, 51.476370421987113 ], [ 7.088938543643093, 51.476999495014695 ], [ 7.087931152194071, 51.47698306890797 ], [ 7.087904840178806, 51.477612141490326 ], [ 7.088912245469984, 51.477628567964786 ], [ 7.08991965171455, 51.477644985789446 ], [ 7.089893366430758, 51.478274059029616 ], [ 7.089867080194034, 51.478903132192315 ], [ 7.090874515077486, 51.478919542101885 ], [ 7.09090078747096, 51.478290468571799 ], [ 7.090927058912003, 51.477661394964237 ] ] ], [ [ [ 7.063380937821718, 51.485393132205203 ], [ 7.06237337654933, 51.485376484646643 ], [ 7.061365816243958, 51.485359828436252 ], [ 7.060358256906098, 51.485343163574036 ], [ 7.060331557621905, 51.485972225064891 ], [ 7.061339130807695, 51.485988890300234 ], [ 7.061312444403873, 51.486617952086469 ], [ 7.061285757032443, 51.487247013794921 ], [ 7.062293358883253, 51.48726367112414 ], [ 7.062320032405703, 51.486634609042731 ], [ 7.063327621374639, 51.486651257346772 ], [ 7.063354280081458, 51.486022194814865 ], [ 7.063380937821718, 51.485393132205203 ] ] ] ] } }
]
}
