{
"type": "FeatureCollection",
"name": "2024_Essen_70m_gistar_urbanOnly_hotcold_dissolved_4326",
"crs": { "type": "name", "properties": { "name": "urn:ogc:def:crs:OGC:1.3:CRS84" } },
"features": [
{ "type": "Feature", "properties": { "spot": "coldspot" }, "geometry": { "type": "MultiPolygon", "coordinates": [ [ [ [ 6.92916593297371, 51.353551556402259 ], [ 6.929137583027708, 51.354180127456807 ], [ 6.929109232057108, 51.354808698432286 ], [ 6.929080880061858, 51.355437269328704 ], [ 6.930084781167049, 51.35545501734552 ], [ 6.930056441867613, 51.356083588559535 ], [ 6.930028101543924, 51.356712159694503 ], [ 6.929024172997218, 51.356694410884373 ], [ 6.928020245475307, 51.35667665347632 ], [ 6.927991876684369, 51.357305223738713 ], [ 6.927963506868092, 51.357933793922015 ], [ 6.927935136026428, 51.358562364026248 ], [ 6.928939104714176, 51.358580122624929 ], [ 6.929943074426864, 51.358597872625097 ], [ 6.929914730005684, 51.359226443443859 ], [ 6.929886384560008, 51.35985501418358 ], [ 6.928882387400856, 51.359837263389991 ], [ 6.92885402720666, 51.360465833653926 ], [ 6.927850017348622, 51.360448073864532 ], [ 6.927821642404918, 51.361076643652474 ], [ 6.927793266435583, 51.361705213361354 ], [ 6.928797303742959, 51.361722973944609 ], [ 6.928768940473355, 51.362351543971357 ], [ 6.928740576178515, 51.362980113919043 ], [ 6.928712210858394, 51.36360868378766 ], [ 6.928683844512939, 51.364237253577215 ], [ 6.92767975230095, 51.364219491406104 ], [ 6.927651371202722, 51.364848060719602 ], [ 6.928655477142104, 51.364865823287708 ], [ 6.929659584106915, 51.364883577255398 ], [ 6.930663692096661, 51.364901322622636 ], [ 6.930692032012566, 51.364272752118737 ], [ 6.930720370904082, 51.363644181535797 ], [ 6.930748708771255, 51.363015610873816 ], [ 6.930777045614136, 51.362387040132774 ], [ 6.93178109972114, 51.362404775313948 ], [ 6.931809421814219, 51.361776204097509 ], [ 6.932813463219366, 51.361793930282772 ], [ 6.932841770563634, 51.361165358591123 ], [ 6.933845799266827, 51.361183075780865 ], [ 6.933874091863273, 51.360554503614225 ], [ 6.932870076884745, 51.360536786820461 ], [ 6.932898382182749, 51.359908214970773 ], [ 6.933902383437108, 51.359925931368593 ], [ 6.933930673988378, 51.35929735904395 ], [ 6.934934662541576, 51.359315066447017 ], [ 6.935938652116796, 51.359332765251253 ], [ 6.936942642713539, 51.359350455456656 ], [ 6.937946634331314, 51.3593681370632 ], [ 6.937974868966863, 51.358739563077712 ], [ 6.93897884788175, 51.358757235690391 ], [ 6.939007067773885, 51.358128661230985 ], [ 6.939035286646081, 51.35750008669261 ], [ 6.939063504498381, 51.356871512075287 ], [ 6.938059566750794, 51.356853840647474 ], [ 6.937055630023547, 51.356836160621555 ], [ 6.936051694317135, 51.356818471997521 ], [ 6.935047759632054, 51.356800774775422 ], [ 6.934043825968798, 51.356783068955266 ], [ 6.93407211140798, 51.356154496235575 ], [ 6.934100395824892, 51.355525923436893 ], [ 6.93412867921958, 51.354897350559199 ], [ 6.934156961592094, 51.354268777602478 ], [ 6.934185242942483, 51.353640204566766 ], [ 6.934213523270796, 51.353011631452055 ], [ 6.933209672949634, 51.352993919409059 ], [ 6.932205823650993, 51.352976198769198 ], [ 6.931201975375372, 51.352958469532496 ], [ 6.931230295836202, 51.352329897526829 ], [ 6.931258615273567, 51.351701325442129 ], [ 6.931286933687518, 51.351072753278387 ], [ 6.931315251078103, 51.350444181035613 ], [ 6.931343567445371, 51.349815608713783 ], [ 6.930339788778734, 51.349797872862176 ], [ 6.930368117838342, 51.349169300857675 ], [ 6.929364353911031, 51.349151556806753 ], [ 6.928360591007929, 51.349133804160211 ], [ 6.928332234517246, 51.349762375371434 ], [ 6.92933601113586, 51.349780128414714 ], [ 6.929307667336431, 51.350408699943628 ], [ 6.929279322512696, 51.351037271393466 ], [ 6.929250976664605, 51.351665842764255 ], [ 6.929222629792108, 51.352294414055983 ], [ 6.92919428189516, 51.352922985268648 ], [ 6.92916593297371, 51.353551556402259 ] ] ], [ [ [ 6.925671570955094, 51.364183941263235 ], [ 6.92569997848109, 51.363555372665203 ], [ 6.926704054914033, 51.363573151639358 ], [ 6.92673244768691, 51.362944582564879 ], [ 6.926760839433511, 51.362316013411309 ], [ 6.925756790452679, 51.362298235231833 ], [ 6.92578519489837, 51.361669666396509 ], [ 6.924781160669522, 51.361651880014975 ], [ 6.923777127467841, 51.361634085034055 ], [ 6.92374869557167, 51.36226265307414 ], [ 6.923720262647791, 51.362891221035099 ], [ 6.923691828696152, 51.363519788916953 ], [ 6.924695903074965, 51.363537585091052 ], [ 6.92466748182222, 51.364166153291528 ], [ 6.925671570955094, 51.364183941263235 ] ] ], [ [ [ 6.916663336850816, 51.363394974901063 ], [ 6.917667404024574, 51.36341283127431 ], [ 6.917695920332418, 51.362784265782921 ], [ 6.916691866884521, 51.362766409808749 ], [ 6.916663336850816, 51.363394974901063 ] ] ], [ [ [ 6.931554486117445, 51.367433342200378 ], [ 6.932558651070875, 51.36745107195167 ], [ 6.932586967625744, 51.36682250097121 ], [ 6.933591119873202, 51.366840221725155 ], [ 6.933619421675354, 51.366211650269598 ], [ 6.93462356121674, 51.366229362026566 ], [ 6.934651848267166, 51.365600790096138 ], [ 6.935655975102385, 51.365618492856491 ], [ 6.935684247402077, 51.364989920451414 ], [ 6.935712518679805, 51.364361347967346 ], [ 6.935740788935617, 51.363732775404294 ], [ 6.936744875609502, 51.363750468377518 ], [ 6.936773131116658, 51.363121895340043 ], [ 6.936801385602492, 51.362493322223585 ], [ 6.935797326381695, 51.362475630041224 ], [ 6.934793268182666, 51.362457929259051 ], [ 6.934764986244287, 51.363086501584462 ], [ 6.934736703283598, 51.363715073830882 ], [ 6.934708419300547, 51.364343645998304 ], [ 6.933704320943699, 51.364325935428894 ], [ 6.933676022210554, 51.364954507121467 ], [ 6.932671911148975, 51.364936787555685 ], [ 6.931667801110846, 51.364919059389408 ], [ 6.931639473898533, 51.365547630210699 ], [ 6.931611145662228, 51.366176200952964 ], [ 6.930607009191482, 51.366158463393319 ], [ 6.930578666202112, 51.366787033660096 ], [ 6.931582816401883, 51.366804771616188 ], [ 6.931554486117445, 51.367433342200378 ] ] ], [ [ [ 6.917268067460625, 51.372212739839462 ], [ 6.917296598203846, 51.371584175456654 ], [ 6.916292352548813, 51.371566313894348 ], [ 6.916263808072796, 51.372194877877931 ], [ 6.917268067460625, 51.372212739839462 ] ] ], [ [ [ 6.894457863942767, 51.474972209584514 ], [ 6.894428913679822, 51.475600753650575 ], [ 6.894399962368263, 51.476229297637232 ], [ 6.895406490535327, 51.476247372805126 ], [ 6.895435428032362, 51.475618828414163 ], [ 6.896441943433017, 51.47563689454384 ], [ 6.896470866067869, 51.475008349669338 ], [ 6.895464364481287, 51.474990283943782 ], [ 6.894457863942767, 51.474972209584514 ] ] ], [ [ [ 6.926352751650268, 51.48246042830614 ], [ 6.925346066855326, 51.482442617219007 ], [ 6.924339383094008, 51.48242479749544 ], [ 6.924367929253119, 51.481796242174731 ], [ 6.923361260346387, 51.481778414213544 ], [ 6.922354592474231, 51.481760577616171 ], [ 6.922326018674246, 51.482389132139012 ], [ 6.923332700366814, 51.482406969135418 ], [ 6.923304139352617, 51.483035523978195 ], [ 6.923275577303747, 51.48366407874186 ], [ 6.924282287673361, 51.483681907899566 ], [ 6.925288999077198, 51.483699728420461 ], [ 6.925260463637573, 51.484328283902556 ], [ 6.926267189897193, 51.484346096185085 ], [ 6.926238667246353, 51.484974651986597 ], [ 6.927245408361856, 51.48499245603039 ], [ 6.9272168985008, 51.485621012151121 ], [ 6.928223654472283, 51.485638807955766 ], [ 6.92923041147614, 51.485656595122919 ], [ 6.930237169511869, 51.485674373652607 ], [ 6.93124392857897, 51.485692143544746 ], [ 6.932250688676945, 51.485709904799371 ], [ 6.932279129421723, 51.485081346689981 ], [ 6.933285876726669, 51.485099098909892 ], [ 6.934292625061438, 51.485116842492424 ], [ 6.935299374425535, 51.485134577437549 ], [ 6.935327772671127, 51.484506018058326 ], [ 6.936334509240996, 51.484523743969461 ], [ 6.93636289263526, 51.483895184114708 ], [ 6.937369616410803, 51.483912900992237 ], [ 6.93739798495474, 51.483284340662166 ], [ 6.938404695935861, 51.483302048506474 ], [ 6.938433049630468, 51.482673487701319 ], [ 6.939439747817068, 51.482691186512753 ], [ 6.939468086663346, 51.482062625232729 ], [ 6.939496424483044, 51.481434063873756 ], [ 6.939524761276211, 51.480805502435871 ], [ 6.939553097042895, 51.480176940919051 ], [ 6.939581431783146, 51.479548379323305 ], [ 6.939609765497013, 51.478919817648624 ], [ 6.939638098184544, 51.478291255895016 ], [ 6.938631496735852, 51.478273559854919 ], [ 6.938659842214802, 51.477644998418242 ], [ 6.937653255610549, 51.477627294138834 ], [ 6.936646670033533, 51.477609581224279 ], [ 6.935640085484252, 51.477591859674583 ], [ 6.935611698552489, 51.478220419922515 ], [ 6.934605101213936, 51.478202689341074 ], [ 6.934576699435884, 51.478831249113384 ], [ 6.934548296629, 51.479459808806709 ], [ 6.933541672682818, 51.479442068796303 ], [ 6.933513255028094, 51.480070628013799 ], [ 6.932506618292389, 51.480052878970696 ], [ 6.931499982586613, 51.480035121291763 ], [ 6.931528427879099, 51.479406562868569 ], [ 6.930521807022561, 51.479388796951291 ], [ 6.930493347911267, 51.480017354977043 ], [ 6.929486714266851, 51.479999580026529 ], [ 6.929515187196904, 51.479371022398411 ], [ 6.928508568402625, 51.479353239209971 ], [ 6.928480081653863, 51.479981796440278 ], [ 6.927473450072806, 51.479964004218267 ], [ 6.927501950640227, 51.479335447385992 ], [ 6.926495333910208, 51.479317646926475 ], [ 6.926523847263362, 51.478689090413347 ], [ 6.926552359583689, 51.478060533821129 ], [ 6.925545771522172, 51.47804272552289 ], [ 6.924539184493934, 51.478024908589546 ], [ 6.924510644538534, 51.478653464384813 ], [ 6.924482103549305, 51.479282020100975 ], [ 6.9244535615262, 51.479910575738046 ], [ 6.925460190008474, 51.479928393867134 ], [ 6.926466819524175, 51.479946203360548 ], [ 6.926438304105214, 51.480574759715566 ], [ 6.926409787653276, 51.481203315991486 ], [ 6.92638127016831, 51.481831872188359 ], [ 6.926352751650268, 51.48246042830614 ] ] ], [ [ [ 6.901012736950832, 51.485783835167851 ], [ 6.902019479727562, 51.485801855942668 ], [ 6.901990622212908, 51.486430401889173 ], [ 6.901961763652788, 51.48705894775636 ], [ 6.902968535121265, 51.48707696069998 ], [ 6.902939689339543, 51.487705506890798 ], [ 6.901932904047152, 51.4876874935442 ], [ 6.901904043395948, 51.488316039252709 ], [ 6.901875181699128, 51.488944584881892 ], [ 6.902881994640847, 51.48896259903448 ], [ 6.903888808627732, 51.488980604548971 ], [ 6.904895623659286, 51.488998601425315 ], [ 6.905902439735005, 51.489016589663514 ], [ 6.90593124613187, 51.488388042423473 ], [ 6.905960051485117, 51.487759495104164 ], [ 6.904953263059024, 51.487741507670805 ], [ 6.903946475677, 51.487723511599675 ], [ 6.903975307634759, 51.487094965006058 ], [ 6.904004138548, 51.486466418333137 ], [ 6.904032968416775, 51.485837871580891 ], [ 6.904061797241132, 51.485209324749327 ], [ 6.904090625021122, 51.484580777838467 ], [ 6.904119451756794, 51.483952230848288 ], [ 6.904148277448199, 51.483323683778799 ], [ 6.904177102095386, 51.482695136629999 ], [ 6.903170426335651, 51.482677135143113 ], [ 6.903199263758638, 51.482048588317696 ], [ 6.902192602863484, 51.482030578597538 ], [ 6.90216375162058, 51.482659125020064 ], [ 6.902134899332511, 51.48328767136325 ], [ 6.901128211842241, 51.483269652200931 ], [ 6.901099344688089, 51.483898198061688 ], [ 6.901070476488169, 51.484526743843077 ], [ 6.900063762401484, 51.484508715237823 ], [ 6.900034879333934, 51.485137260536554 ], [ 6.901041607242433, 51.485155289545141 ], [ 6.901012736950832, 51.485783835167851 ] ] ], [ [ [ 6.912029525303338, 51.487238688501051 ], [ 6.912000803939089, 51.487867238310024 ], [ 6.913007599659657, 51.487885165278428 ], [ 6.914014396420293, 51.487903083608892 ], [ 6.915021194220497, 51.487920993301408 ], [ 6.914992513290568, 51.48854954423377 ], [ 6.915999325954902, 51.488567445688787 ], [ 6.917006139657856, 51.488585338505622 ], [ 6.917034792937612, 51.487956786772486 ], [ 6.918041593853523, 51.487974670551004 ], [ 6.918070232270549, 51.487346118338614 ], [ 6.918098869650053, 51.486717566047062 ], [ 6.918127505992089, 51.486089013676342 ], [ 6.918156141296705, 51.485460461226467 ], [ 6.918184775563948, 51.48483190869743 ], [ 6.917178043766346, 51.484814026919246 ], [ 6.917206690818432, 51.48418547471109 ], [ 6.916199973880762, 51.484167584696067 ], [ 6.915193257981365, 51.484149686044205 ], [ 6.915221931638856, 51.483521134557499 ], [ 6.914215230599743, 51.483503227669424 ], [ 6.91320853059985, 51.483485312144737 ], [ 6.912201831639678, 51.483467387983467 ], [ 6.912173116517796, 51.484095938267785 ], [ 6.912144400355642, 51.484724488472892 ], [ 6.911137674792462, 51.484706554872687 ], [ 6.911108943767625, 51.485335104597375 ], [ 6.911080211701919, 51.485963654242816 ], [ 6.911051478595295, 51.486592203809018 ], [ 6.912058245627067, 51.486610138612846 ], [ 6.912029525303338, 51.487238688501051 ] ] ], [ [ [ 6.919740411929968, 51.494924490102655 ], [ 6.918733456834056, 51.494906619202787 ], [ 6.918704819793636, 51.49553517086526 ], [ 6.918676181715549, 51.4961637224486 ], [ 6.919683164473483, 51.496181594148148 ], [ 6.920690148268632, 51.496199457207091 ], [ 6.920718758684146, 51.49557090482427 ], [ 6.920747368062997, 51.494942352362308 ], [ 6.919740411929968, 51.494924490102655 ] ] ], [ [ [ 6.93814425535166, 51.35496811750658 ], [ 6.939148151936404, 51.354985787749612 ], [ 6.940152049540847, 51.355003449395106 ], [ 6.940180249594051, 51.354374874067261 ], [ 6.940208448628099, 51.353746298660489 ], [ 6.940236646643038, 51.353117723174762 ], [ 6.93923279019713, 51.353100062713374 ], [ 6.939261000911533, 51.352471487543383 ], [ 6.940264843638919, 51.352489147610093 ], [ 6.940293039615788, 51.351860571966498 ], [ 6.939289210606431, 51.351842912294451 ], [ 6.938285382616529, 51.351825244025804 ], [ 6.937281555646578, 51.35180756716057 ], [ 6.937253318515772, 51.352436141619599 ], [ 6.937225080364471, 51.353064715999658 ], [ 6.937196841192626, 51.35369329030074 ], [ 6.937168601000189, 51.354321864522852 ], [ 6.938172482844829, 51.354339542968347 ], [ 6.93814425535166, 51.35496811750658 ] ] ], [ [ [ 6.941708947487911, 51.365095954026913 ], [ 6.942713067738243, 51.365113596187193 ], [ 6.942741242920476, 51.364485020938965 ], [ 6.941737136398219, 51.364467379172986 ], [ 6.941708947487911, 51.365095954026913 ] ] ], [ [ [ 6.94183913167398, 51.384599389740714 ], [ 6.941810923875774, 51.385227962463638 ], [ 6.941782715057517, 51.385856535107642 ], [ 6.941754505219161, 51.386485107672712 ], [ 6.941726294360655, 51.387113680158883 ], [ 6.940721693315555, 51.387096024191131 ], [ 6.940693467690934, 51.387724596203682 ], [ 6.94066524104557, 51.3883531681373 ], [ 6.941669869583004, 51.388370824894437 ], [ 6.941641655663761, 51.388999397143827 ], [ 6.94264629896845, 51.389017045687687 ], [ 6.94261809777632, 51.3896456182527 ], [ 6.943622755848358, 51.389663258582857 ], [ 6.943594567384333, 51.390291831463301 ], [ 6.94356637790086, 51.390920404264868 ], [ 6.944571064488892, 51.390938036775104 ], [ 6.944542887734965, 51.391566609891939 ], [ 6.944514709961987, 51.392195182929889 ], [ 6.944486531169912, 51.392823755888948 ], [ 6.944458351358691, 51.393452328769122 ], [ 6.945463093965063, 51.393469954246726 ], [ 6.946467837590132, 51.39348757111491 ], [ 6.947472582233403, 51.393505179373619 ], [ 6.94744444265636, 51.394133753356414 ], [ 6.947416302061562, 51.394762327260366 ], [ 6.94641152991545, 51.394744718214334 ], [ 6.945406758787636, 51.39472710055847 ], [ 6.945378589670754, 51.395355673596015 ], [ 6.945350419535028, 51.39598424655469 ], [ 6.945322248380408, 51.396612819434488 ], [ 6.94632706076606, 51.396630438271963 ], [ 6.947331874170159, 51.396648048499031 ], [ 6.947303729503859, 51.397276622087531 ], [ 6.948308557679609, 51.397294224097671 ], [ 6.949313386872858, 51.397311817497148 ], [ 6.949341504031704, 51.396683243121814 ], [ 6.949369620173593, 51.396054668667652 ], [ 6.949397735298576, 51.395426094134649 ], [ 6.949425849406699, 51.39479751952279 ], [ 6.949453962498014, 51.394168944832124 ], [ 6.949482074572566, 51.39354037006261 ], [ 6.949510185630406, 51.392911795214253 ], [ 6.949538295671581, 51.392283220287069 ], [ 6.949566404696141, 51.391654645281037 ], [ 6.948561699268786, 51.391637055421022 ], [ 6.947556994858493, 51.391619456952093 ], [ 6.947585130365006, 51.390990882653867 ], [ 6.946580440721461, 51.390973275969621 ], [ 6.945575752095925, 51.390955660676703 ], [ 6.945603914082259, 51.390327087087002 ], [ 6.945632075050137, 51.389698513418409 ], [ 6.946636736178885, 51.389716127923776 ], [ 6.947641398325543, 51.389733733820833 ], [ 6.948646061489617, 51.389751331109579 ], [ 6.949650725670608, 51.389768919789965 ], [ 6.949678830629188, 51.389140344468608 ], [ 6.949706934571395, 51.388511769068408 ], [ 6.949735037497277, 51.387883193589381 ], [ 6.949763139406882, 51.387254618031513 ], [ 6.949791240300259, 51.386626042394809 ], [ 6.949819340177457, 51.385997466679278 ], [ 6.949847439038523, 51.385368890884905 ], [ 6.949875536883507, 51.384740315011705 ], [ 6.949903633712456, 51.384111739059662 ], [ 6.949931729525418, 51.383483163028792 ], [ 6.948927202800056, 51.383465578279804 ], [ 6.948955311339918, 51.382837002563171 ], [ 6.947950799373776, 51.382819409601019 ], [ 6.946946288424514, 51.382801808032667 ], [ 6.945941778492629, 51.382784197858122 ], [ 6.944937269578618, 51.382766579077398 ], [ 6.943932761682975, 51.382748951690523 ], [ 6.942928254806196, 51.382731315697534 ], [ 6.942900063810347, 51.38335988905164 ], [ 6.942871871795087, 51.38398846232684 ], [ 6.941867338452183, 51.383970816938863 ], [ 6.94183913167398, 51.384599389740714 ] ] ], [ [ [ 6.945791876577453, 51.408573315486336 ], [ 6.94478680278836, 51.408555689163052 ], [ 6.944758611245674, 51.409184260465203 ], [ 6.944730418683076, 51.409812831688477 ], [ 6.945735519998753, 51.409830458799973 ], [ 6.945763698797811, 51.40920188718259 ], [ 6.945791876577453, 51.408573315486336 ] ] ], [ [ [ 6.944448436951105, 51.416098539582443 ], [ 6.945453675929524, 51.416116170635625 ], [ 6.946458915927898, 51.416133793072412 ], [ 6.946487091155244, 51.415505221849756 ], [ 6.94548186492543, 51.415487599806994 ], [ 6.944476639715521, 51.415469969148035 ], [ 6.944448436951105, 51.416098539582443 ] ] ], [ [ [ 6.945913706170638, 51.450722724358464 ], [ 6.946919706249946, 51.450740351229122 ], [ 6.946947910027636, 51.450111783555691 ], [ 6.946976112784236, 51.449483215803404 ], [ 6.947004314519794, 51.448854647972261 ], [ 6.945998355827109, 51.448837022284252 ], [ 6.946026570336218, 51.448208454768441 ], [ 6.945020626459518, 51.44819082084841 ], [ 6.944992398155914, 51.44881938796982 ], [ 6.943986441506709, 51.448801745028973 ], [ 6.94401468360476, 51.448173178302149 ], [ 6.94300874177244, 51.4481555271297 ], [ 6.942980485879992, 51.448784093461754 ], [ 6.942952228964557, 51.449412659714895 ], [ 6.942923971026087, 51.450041225889159 ], [ 6.943929954243095, 51.450058878245969 ], [ 6.943901709077433, 51.450687444736147 ], [ 6.944907707112966, 51.450705088860808 ], [ 6.945913706170638, 51.450722724358464 ] ] ], [ [ [ 6.938758467418936, 51.453113351976178 ], [ 6.938786785664376, 51.452484787777756 ], [ 6.939792819971836, 51.452502476223827 ], [ 6.940798855304071, 51.452520156042453 ], [ 6.940827144929802, 51.45189159097405 ], [ 6.940855433531304, 51.451263025826712 ], [ 6.939849425793056, 51.451245346798913 ], [ 6.938843419079482, 51.451227659144052 ], [ 6.938815102884542, 51.451856223500371 ], [ 6.937809083399499, 51.451838526822648 ], [ 6.936803064940182, 51.4518208215177 ], [ 6.936774720125777, 51.452449385003284 ], [ 6.936746374285102, 51.453077948409906 ], [ 6.937752420339109, 51.453095654506846 ], [ 6.938758467418936, 51.453113351976178 ] ] ], [ [ [ 6.930760043156857, 51.496377612559684 ], [ 6.930788515256544, 51.495749056190959 ], [ 6.92978153494857, 51.495731279936763 ], [ 6.929753049017076, 51.496359835907754 ], [ 6.929724562053371, 51.496988391799718 ], [ 6.930731570025456, 51.497006168849381 ], [ 6.930760043156857, 51.496377612559684 ] ] ], [ [ [ 6.94178040370555, 51.497829706657576 ], [ 6.942787437859153, 51.497847380409191 ], [ 6.942759128667694, 51.498475941298828 ], [ 6.94376617768105, 51.498493606804232 ], [ 6.943794473038563, 51.497865045519355 ], [ 6.94480150924328, 51.49788270198804 ], [ 6.944829789741991, 51.497254140229238 ], [ 6.944858069215946, 51.496625578391573 ], [ 6.943851060677717, 51.496607922712947 ], [ 6.943879352959456, 51.495979361191424 ], [ 6.942872359278882, 51.495961697266921 ], [ 6.941865366623967, 51.495944024701551 ], [ 6.940858374995213, 51.495926343495334 ], [ 6.940830041216286, 51.496554903830656 ], [ 6.939823036781896, 51.496537213587807 ], [ 6.939794688143461, 51.497165773448408 ], [ 6.94080170641065, 51.497183464087051 ], [ 6.940773370578256, 51.497812024264533 ], [ 6.94178040370555, 51.497829706657576 ] ] ], [ [ [ 6.953370925908464, 51.351460784567415 ], [ 6.954374755420054, 51.351478323492913 ], [ 6.95537858594363, 51.351495853821703 ], [ 6.956382417478699, 51.351513375553758 ], [ 6.956410391938505, 51.35088479346404 ], [ 6.957414210766709, 51.350902306207963 ], [ 6.95841803060537, 51.350919810355286 ], [ 6.958445976619449, 51.350291227404242 ], [ 6.959449783750606, 51.350308722563973 ], [ 6.960453591891179, 51.350326209127282 ], [ 6.960425673312073, 51.350954792860115 ], [ 6.960397753723995, 51.351583376514213 ], [ 6.961401590309101, 51.351600855262291 ], [ 6.962405427902729, 51.351618325413504 ], [ 6.963409266504384, 51.35163578696784 ], [ 6.964413106113574, 51.351653239925277 ], [ 6.964385240390955, 51.352281825062015 ], [ 6.965389094725922, 51.352299269812391 ], [ 6.965416946729801, 51.351670684285807 ], [ 6.966420788352573, 51.351688120049396 ], [ 6.966448625631617, 51.351059534054464 ], [ 6.966476461904661, 51.350430947980875 ], [ 6.967480277097296, 51.350448374368582 ], [ 6.967508098647035, 51.349819787826888 ], [ 6.967535919191365, 51.34919120120653 ], [ 6.967563738730332, 51.348562614507543 ], [ 6.966559964688265, 51.348545189288131 ], [ 6.965556191652005, 51.348527755472738 ], [ 6.964552419622051, 51.348510313061347 ], [ 6.964580279303158, 51.347881727452517 ], [ 6.963576521995725, 51.347864276835161 ], [ 6.963548648598894, 51.348492862054009 ], [ 6.962544878583032, 51.348475402450731 ], [ 6.961541109574958, 51.348457934251535 ], [ 6.960537341575164, 51.348440457456434 ], [ 6.960565256118874, 51.347811873408695 ], [ 6.95956150284339, 51.347794388408474 ], [ 6.95855775057713, 51.347776894812597 ], [ 6.958529808602408, 51.348405478078632 ], [ 6.957526043630431, 51.348387975495953 ], [ 6.956522279668718, 51.348370464317476 ], [ 6.95551851671776, 51.34835294454318 ], [ 6.954514754778053, 51.348335416173121 ], [ 6.954486756930137, 51.348963997794662 ], [ 6.953482982286438, 51.348946460436927 ], [ 6.953454969710499, 51.349575041587755 ], [ 6.953426956122221, 51.35020362265977 ], [ 6.953398941521558, 51.350832203652992 ], [ 6.953370925908464, 51.351460784567415 ] ] ], [ [ [ 6.949875536883508, 51.384740315011705 ], [ 6.949847439038525, 51.385368890884905 ], [ 6.949819340177458, 51.385997466679278 ], [ 6.94979124030026, 51.386626042394809 ], [ 6.949763139406883, 51.387254618031513 ], [ 6.949735037497279, 51.387883193589381 ], [ 6.949706934571397, 51.388511769068408 ], [ 6.94967883062919, 51.389140344468608 ], [ 6.949650725670609, 51.389768919789965 ], [ 6.949622619695607, 51.390397495032502 ], [ 6.95062729864136, 51.390415075497529 ], [ 6.950655390868022, 51.389786499861991 ], [ 6.951660057081361, 51.389804071325635 ], [ 6.95266472431013, 51.389821634180862 ], [ 6.953669392553832, 51.389839188427686 ], [ 6.954674061811971, 51.389856734066043 ], [ 6.955678732084051, 51.389874271095927 ], [ 6.955650708599817, 51.390502848693622 ], [ 6.95562268410209, 51.391131426212532 ], [ 6.954617986332349, 51.391113888398536 ], [ 6.954589947071504, 51.391742465446612 ], [ 6.953585236566275, 51.391724918631503 ], [ 6.952580527075628, 51.391707363207374 ], [ 6.9525524593007, 51.392335939391948 ], [ 6.952524390510647, 51.392964515497702 ], [ 6.95151965453473, 51.392946950679246 ], [ 6.950514919574483, 51.392929377251427 ], [ 6.950543015865334, 51.392300801931199 ], [ 6.949538295671582, 51.392283220287069 ], [ 6.949510185630407, 51.392911795214253 ], [ 6.949482074572567, 51.39354037006261 ], [ 6.949453962498015, 51.394168944832124 ], [ 6.949425849406701, 51.39479751952279 ], [ 6.950430624604731, 51.39481510273918 ], [ 6.951435400819078, 51.394832677345633 ], [ 6.951407314215623, 51.395461252743466 ], [ 6.951379226596305, 51.396089828062493 ], [ 6.951351137961072, 51.396718403302692 ], [ 6.951323048309876, 51.397346978464078 ], [ 6.952327880552648, 51.397364546031483 ], [ 6.952299803639836, 51.397993121506808 ], [ 6.953304650652565, 51.398010680856039 ], [ 6.95430949868036, 51.398028231594331 ], [ 6.955314347722726, 51.398045773721641 ], [ 6.955342383372066, 51.397417197069238 ], [ 6.956347219673916, 51.397434730193595 ], [ 6.957352056989296, 51.397452254707126 ], [ 6.95732404884918, 51.398080832143322 ], [ 6.957296039695981, 51.398709409500768 ], [ 6.957268029529655, 51.39933798677945 ], [ 6.957240018350152, 51.399966563979383 ], [ 6.957212006157423, 51.400595141100574 ], [ 6.957183992951422, 51.401223718143008 ], [ 6.958188913815387, 51.401241236395464 ], [ 6.958216913264221, 51.400612658961379 ], [ 6.959221821383796, 51.400630168210355 ], [ 6.960226730515649, 51.400647668847519 ], [ 6.961231640659287, 51.400665160872812 ], [ 6.962236551814212, 51.400682644286228 ], [ 6.962264495223105, 51.400054065208757 ], [ 6.962292437621255, 51.3994254860526 ], [ 6.963297322273642, 51.399442960072783 ], [ 6.963325249905181, 51.398814380447256 ], [ 6.963353176526571, 51.39818580074305 ], [ 6.96435803467772, 51.398203265370775 ], [ 6.964385946534034, 51.397574685197441 ], [ 6.964413857380794, 51.396946104945428 ], [ 6.965418689031999, 51.39696356018149 ], [ 6.965390791939766, 51.397592140823747 ], [ 6.966395638354555, 51.39760958783905 ], [ 6.966367754008331, 51.398238168792702 ], [ 6.967372615186801, 51.398255607586854 ], [ 6.967344743587581, 51.398884188851731 ], [ 6.968349619529828, 51.398901619424343 ], [ 6.969354496479742, 51.398919041385518 ], [ 6.969382340567588, 51.398290459341467 ], [ 6.969410183648315, 51.397661877218788 ], [ 6.969438025721967, 51.397033295017494 ], [ 6.969465866788595, 51.396404712737571 ], [ 6.969493706848246, 51.395776130379012 ], [ 6.968488898671921, 51.3957587103652 ], [ 6.96851675147787, 51.395130128317483 ], [ 6.968544603276443, 51.394501546191115 ], [ 6.968572454067684, 51.393872963986112 ], [ 6.969577220985815, 51.393890382831643 ], [ 6.969605057018038, 51.393261800158598 ], [ 6.968600303851646, 51.393244381702495 ], [ 6.968628152628374, 51.39261579934022 ], [ 6.968656000397917, 51.391987216899317 ], [ 6.96765127574065, 51.391969790612663 ], [ 6.96762341422041, 51.392598372663997 ], [ 6.966618676820126, 51.392580937378256 ], [ 6.966590800541058, 51.393209518961143 ], [ 6.966562923253763, 51.393838100465381 ], [ 6.966535044958195, 51.394466681890975 ], [ 6.965530267311306, 51.394449236825793 ], [ 6.965502374254828, 51.395077817782713 ], [ 6.964497583864219, 51.395060363717313 ], [ 6.964469676045838, 51.395688944205354 ], [ 6.964441767218046, 51.396317524614737 ], [ 6.96343695033033, 51.396300061158307 ], [ 6.963464872911605, 51.395671481139345 ], [ 6.962460070787281, 51.395654009462966 ], [ 6.962488006111588, 51.395025429755918 ], [ 6.961483218750558, 51.395007949859959 ], [ 6.960478432400381, 51.394990461353842 ], [ 6.959473647061555, 51.394972964237603 ], [ 6.959501622632546, 51.394344385624763 ], [ 6.959529597191738, 51.393715806933187 ], [ 6.958524840368759, 51.393698301989538 ], [ 6.95855282766746, 51.393069723610573 ], [ 6.959557570739182, 51.393087228162884 ], [ 6.959585543274925, 51.392458649313852 ], [ 6.959613514799017, 51.391830070386085 ], [ 6.958608799228319, 51.391812566616402 ], [ 6.957604084669724, 51.391795054237591 ], [ 6.956599371123726, 51.391777533249673 ], [ 6.956627382885372, 51.391148955417663 ], [ 6.957632082681698, 51.391166476013893 ], [ 6.957660079681124, 51.39053789771144 ], [ 6.957688075668049, 51.389909319330243 ], [ 6.957716070642523, 51.389280740870291 ], [ 6.957744064604591, 51.388652162331596 ], [ 6.957772057554305, 51.388023583714144 ], [ 6.957800049491711, 51.38739500501795 ], [ 6.957828040416858, 51.386766426243 ], [ 6.957856030329795, 51.386137847389307 ], [ 6.957884019230569, 51.385509268456872 ], [ 6.958888596314297, 51.385526776921267 ], [ 6.958916570458199, 51.38489819751868 ], [ 6.958944543590531, 51.384269618037372 ], [ 6.959949094196762, 51.38428711711218 ], [ 6.959977052573759, 51.383658537160962 ], [ 6.960005009939779, 51.383029957131008 ], [ 6.959000486820679, 51.383012458838536 ], [ 6.959028456918592, 51.382383879121008 ], [ 6.958023948553692, 51.382366372613433 ], [ 6.957019441200666, 51.382348857499643 ], [ 6.956991443617255, 51.382977436434295 ], [ 6.95598692353392, 51.382959912322569 ], [ 6.954982404463498, 51.382942379604479 ], [ 6.955010429532216, 51.382313801453463 ], [ 6.954005925217785, 51.382296260521123 ], [ 6.953001421917208, 51.382278710982646 ], [ 6.953029473456686, 51.381650133537249 ], [ 6.952024984912452, 51.381632575785133 ], [ 6.951020497383017, 51.381615009427101 ], [ 6.950016010868879, 51.381597434463195 ], [ 6.949987918103584, 51.382226010730548 ], [ 6.949959824322446, 51.382854586919088 ], [ 6.94993172952542, 51.383483163028792 ], [ 6.949903633712456, 51.384111739059662 ], [ 6.949875536883508, 51.384740315011705 ] ], [ [ 6.953529127501739, 51.392982071706761 ], [ 6.954533865507511, 51.39299961930643 ], [ 6.954505823204265, 51.393628196118151 ], [ 6.953501071447477, 51.393610648126199 ], [ 6.952496320705418, 51.393593091524643 ], [ 6.952524390510647, 51.392964515497702 ], [ 6.953529127501739, 51.392982071706761 ] ], [ [ 6.954561906796576, 51.39237104241591 ], [ 6.955566632065961, 51.392388581014053 ], [ 6.955538604527465, 51.393017158296651 ], [ 6.954533865507511, 51.39299961930643 ], [ 6.954561906796576, 51.39237104241591 ] ], [ [ 6.963409026739097, 51.396928641098576 ], [ 6.962404197107404, 51.396911168640976 ], [ 6.962432134452569, 51.396282589091314 ], [ 6.96343695033033, 51.396300061158307 ], [ 6.963409026739097, 51.396928641098576 ] ], [ [ 6.951968853334671, 51.382889729812142 ], [ 6.952973369363378, 51.382907288349237 ], [ 6.952945315795147, 51.383535865637029 ], [ 6.952917261212466, 51.384164442846028 ], [ 6.951912717697303, 51.384146883523904 ], [ 6.95194078602346, 51.38351830670743 ], [ 6.951968853334671, 51.382889729812142 ] ] ], [ [ [ 6.95215940384136, 51.401135997701331 ], [ 6.951154489064776, 51.401118427777263 ], [ 6.950149575304494, 51.401100849241324 ], [ 6.950121464782878, 51.401729423457986 ], [ 6.949116538282119, 51.401711835916991 ], [ 6.949088412985884, 51.402340409661626 ], [ 6.950093353244418, 51.402357997595828 ], [ 6.95006524068906, 51.402986571654829 ], [ 6.951070195722807, 51.403004151369821 ], [ 6.952075151773001, 51.403021722472367 ], [ 6.952103236811674, 51.402393147627507 ], [ 6.952131320834444, 51.401764572703819 ], [ 6.95215940384136, 51.401135997701331 ] ] ], [ [ [ 6.951878528052967, 51.407421744179871 ], [ 6.951906620204311, 51.406793169886654 ], [ 6.950901581593484, 51.406775596426847 ], [ 6.949896543999396, 51.406758014353471 ], [ 6.948891507422543, 51.406740423666506 ], [ 6.948863373985811, 51.407368996780413 ], [ 6.9488352395313, 51.407997569815478 ], [ 6.949840303632143, 51.408015161289057 ], [ 6.950845368750321, 51.408032744148663 ], [ 6.951850434885332, 51.408050318394295 ], [ 6.951878528052967, 51.407421744179871 ] ] ], [ [ [ 6.946740622333897, 51.409848077297006 ], [ 6.946712456279458, 51.41047664922943 ], [ 6.947717573397706, 51.410494259505739 ], [ 6.947745725688009, 51.409865687179575 ], [ 6.94777387695984, 51.409237114774555 ], [ 6.947802027213249, 51.408608542290686 ], [ 6.946796951385915, 51.408590933195569 ], [ 6.946768787369366, 51.409219505285719 ], [ 6.946740622333897, 51.409848077297006 ] ] ], [ [ [ 6.948497546672594, 51.415540440086652 ], [ 6.948469398982514, 51.41616901209678 ], [ 6.948441250273974, 51.41679758402806 ], [ 6.949446507098424, 51.416815181009042 ], [ 6.949418371141074, 51.41744375325495 ], [ 6.950423642753286, 51.417461342012558 ], [ 6.950395519548122, 51.418089914572924 ], [ 6.950367395325347, 51.418718487054456 ], [ 6.949362096172145, 51.41870089751027 ], [ 6.949333957160468, 51.419329469519667 ], [ 6.949305817130584, 51.419958041450229 ], [ 6.949277676082446, 51.420586613301964 ], [ 6.949249534016002, 51.421215185074864 ], [ 6.950254888257152, 51.421232776192369 ], [ 6.951260243516155, 51.421250358691836 ], [ 6.952265599792517, 51.421267932573258 ], [ 6.953270957085738, 51.421285497836635 ], [ 6.954276315395322, 51.421303054481925 ], [ 6.955281674720772, 51.421320602509098 ], [ 6.955309734150088, 51.420692028379058 ], [ 6.955337792564085, 51.420063454170226 ], [ 6.956343125359351, 51.420080992794944 ], [ 6.956371168986048, 51.419452418115185 ], [ 6.95639921159802, 51.41882384335667 ], [ 6.955393906346315, 51.418806305516277 ], [ 6.954388602109785, 51.418788759058536 ], [ 6.954416671249102, 51.418160185005739 ], [ 6.953411381799179, 51.418142630323182 ], [ 6.952406093365378, 51.418125067023524 ], [ 6.952434189029903, 51.417496493677163 ], [ 6.95246228367786, 51.416867920252017 ], [ 6.952490377309296, 51.416239346748071 ], [ 6.953495624433414, 51.416256908869634 ], [ 6.953523703279478, 51.415628334894201 ], [ 6.953551781109616, 51.414999760839983 ], [ 6.953579857923877, 51.414371186706973 ], [ 6.952574652104968, 51.414353625763411 ], [ 6.951569447302385, 51.414336056203894 ], [ 6.950564243516625, 51.414318478028456 ], [ 6.949559040748186, 51.414300891237097 ], [ 6.94958717161596, 51.413672318597044 ], [ 6.949615301465965, 51.413043745878149 ], [ 6.950620476700376, 51.413061331883064 ], [ 6.950648591766392, 51.41243275869212 ], [ 6.950676705815233, 51.411804185422376 ], [ 6.950704818846948, 51.411175612073819 ], [ 6.95170995380112, 51.411193188284209 ], [ 6.952715089771874, 51.411210755879644 ], [ 6.95274317425681, 51.410582181666506 ], [ 6.95277125772571, 51.409953607374547 ], [ 6.951766149284208, 51.409936040564673 ], [ 6.950761041859191, 51.409918465140215 ], [ 6.950732930861584, 51.410547038646421 ], [ 6.949727810689265, 51.410529454214249 ], [ 6.948722691534475, 51.41051186116735 ], [ 6.948694551990331, 51.411140433808214 ], [ 6.948666411428116, 51.411769006370228 ], [ 6.948638269847781, 51.412397578853394 ], [ 6.948610127249276, 51.413026151257739 ], [ 6.948581983632554, 51.413654723583235 ], [ 6.948553838997565, 51.414283295829875 ], [ 6.948525693344261, 51.414911867997688 ], [ 6.948497546672594, 51.415540440086652 ] ] ], [ [ [ 6.948581983632553, 51.413654723583235 ], [ 6.948610127249276, 51.413026151257739 ], [ 6.94863826984778, 51.412397578853394 ], [ 6.948666411428116, 51.411769006370228 ], [ 6.94869455199033, 51.411140433808214 ], [ 6.947689420088882, 51.41112283175304 ], [ 6.946684289206003, 51.411105221082998 ], [ 6.946656121113482, 51.41173379285771 ], [ 6.946627952001846, 51.41236236455353 ], [ 6.946599781871047, 51.412990936170516 ], [ 6.946571610721035, 51.413619507708617 ], [ 6.946543438551763, 51.414248079167869 ], [ 6.947548638265257, 51.414265691806797 ], [ 6.948553838997564, 51.414283295829875 ], [ 6.948581983632553, 51.413654723583235 ] ] ], [ [ [ 6.948497546672592, 51.415540440086652 ], [ 6.94852569334426, 51.414911867997688 ], [ 6.947520478844291, 51.414894263580976 ], [ 6.947492318404464, 51.41552283527632 ], [ 6.947464156945727, 51.416151406892801 ], [ 6.947435994468032, 51.416779978430434 ], [ 6.948441250273972, 51.41679758402806 ], [ 6.948469398982513, 51.41616901209678 ], [ 6.948497546672592, 51.415540440086652 ] ] ], [ [ [ 6.952765217686754, 51.432599804575041 ], [ 6.953770823994109, 51.432617368288426 ], [ 6.954776431318202, 51.432634923380256 ], [ 6.955782039658537, 51.432652469850488 ], [ 6.955753974711421, 51.433281042876274 ], [ 6.956759597850025, 51.433298581117107 ], [ 6.956731545670143, 51.433927154456335 ], [ 6.95670349247492, 51.434555727716806 ], [ 6.956675438264305, 51.435184300898534 ], [ 6.95768110376892, 51.435201831693618 ], [ 6.958686770288476, 51.435219353866287 ], [ 6.959692437822475, 51.435236867416521 ], [ 6.959720450680734, 51.434608293059263 ], [ 6.960726105444463, 51.434625797595579 ], [ 6.960754103505108, 51.433997222768156 ], [ 6.960782100552402, 51.433368647862025 ], [ 6.960810096586395, 51.432740072877188 ], [ 6.960838091607135, 51.432111497813636 ], [ 6.959832491975288, 51.432093994843051 ], [ 6.959860499764548, 51.431465420092195 ], [ 6.959888506540153, 51.430836845262633 ], [ 6.958882935484867, 51.43081933445373 ], [ 6.957877365443685, 51.430801815023742 ], [ 6.956871796417103, 51.430784286972688 ], [ 6.956899843521003, 51.430155713239692 ], [ 6.95589428929006, 51.430138176959737 ], [ 6.955922349158946, 51.42950960354014 ], [ 6.954916809723541, 51.429492059031695 ], [ 6.953911271304134, 51.429474505902611 ], [ 6.953883183875315, 51.43010307853735 ], [ 6.952877632692511, 51.430085516394954 ], [ 6.952849530466756, 51.430714088558169 ], [ 6.952821427223911, 51.431342660642585 ], [ 6.951815849496967, 51.431325089093548 ], [ 6.950810272787659, 51.431307508923382 ], [ 6.950782140965046, 51.431936080142926 ], [ 6.950754008124251, 51.432564651283656 ], [ 6.951759612396635, 51.432582232240108 ], [ 6.952765217686754, 51.432599804575041 ] ] ], [ [ [ 6.948931709471483, 51.450775579089353 ], [ 6.948903532265876, 51.451404147471848 ], [ 6.94990954920379, 51.451421748855026 ], [ 6.949881384775175, 51.452050317552363 ], [ 6.950887416530014, 51.452067910701743 ], [ 6.951893449304094, 51.452085495223628 ], [ 6.952899483096918, 51.452103071118003 ], [ 6.952871359041898, 51.452731640916404 ], [ 6.953877407650842, 51.452749208576165 ], [ 6.954883457277583, 51.452766767608168 ], [ 6.955889507921619, 51.452784318012398 ], [ 6.955861424243577, 51.453412888910215 ], [ 6.956867489702932, 51.453430431079006 ], [ 6.956895559582454, 51.452801859788856 ], [ 6.956923628445678, 51.452173288419949 ], [ 6.955917590582866, 51.452155747035832 ], [ 6.954911553736802, 51.452138197024126 ], [ 6.954939649178772, 51.451509626361315 ], [ 6.954967743603544, 51.450881055619732 ], [ 6.954995837011165, 51.450252484799385 ], [ 6.953989842573132, 51.450234927338201 ], [ 6.954017948759581, 51.449606356831765 ], [ 6.954046053928478, 51.448977786246552 ], [ 6.953040088099312, 51.448960220944123 ], [ 6.953068206045589, 51.448331650672984 ], [ 6.95206225502926, 51.448314077137027 ], [ 6.952034123288145, 51.448942647015123 ], [ 6.951028159495481, 51.448925064459566 ], [ 6.950022196721815, 51.44890747327748 ], [ 6.949994036371677, 51.449536042290099 ], [ 6.949965875001991, 51.450164611223904 ], [ 6.948959885656948, 51.450147010628022 ], [ 6.94898806082232, 51.449518442087879 ], [ 6.949016234967647, 51.448889873468886 ], [ 6.948010274233473, 51.448872265033813 ], [ 6.947982086293006, 51.449500833258973 ], [ 6.946976112784237, 51.449483215803404 ], [ 6.946947910027637, 51.450111783555691 ], [ 6.947953897331996, 51.450129401405285 ], [ 6.947925707350395, 51.450757969472768 ], [ 6.948931709471483, 51.450775579089353 ] ] ], [ [ [ 6.944773227719762, 51.498511263667979 ], [ 6.944744945171388, 51.499139825269047 ], [ 6.9457520100695, 51.499157473885973 ], [ 6.946759075992015, 51.499175113861007 ], [ 6.947766142938437, 51.499192745194115 ], [ 6.947737900870437, 51.499821307900376 ], [ 6.947709657778985, 51.500449870527788 ], [ 6.948716753419693, 51.500467494007573 ], [ 6.949723850083402, 51.500485108845012 ], [ 6.949752065503422, 51.499856545429175 ], [ 6.950759149353841, 51.499874151230323 ], [ 6.950787349916118, 51.499245587341754 ], [ 6.951794420953151, 51.499263184106987 ], [ 6.951822606658689, 51.4986346197459 ], [ 6.952829664882238, 51.498652207475594 ], [ 6.952857835732035, 51.49802364264221 ], [ 6.952886005561029, 51.497395077730019 ], [ 6.952914174369267, 51.496766512739072 ], [ 6.952942342156799, 51.496137947669325 ], [ 6.951935339267793, 51.496120361513583 ], [ 6.951963519867052, 51.495491796758522 ], [ 6.951991699445202, 51.494863231924668 ], [ 6.950984725241526, 51.494845637915169 ], [ 6.949977752059411, 51.49482803526503 ], [ 6.949949544817638, 51.49545659931141 ], [ 6.948942558825846, 51.495438987626613 ], [ 6.948914336729724, 51.496067551200127 ], [ 6.947907337928353, 51.496049930480282 ], [ 6.946900340150139, 51.49603230111947 ], [ 6.946872089366029, 51.496660863825483 ], [ 6.945865078778884, 51.496643225429082 ], [ 6.944858069215946, 51.496625578391573 ], [ 6.944829789741993, 51.497254140229238 ], [ 6.94480150924328, 51.49788270198804 ], [ 6.944773227719762, 51.498511263667979 ] ] ], [ [ [ 6.964078650963891, 51.359196256372861 ], [ 6.964050773153068, 51.359824840565373 ], [ 6.965054792151509, 51.359842289994887 ], [ 6.966058812157117, 51.359859730824994 ], [ 6.966086662518534, 51.359231145852704 ], [ 6.966114511873328, 51.358602560801749 ], [ 6.966142360221545, 51.357973975672131 ], [ 6.967146340060985, 51.357991406733994 ], [ 6.967174173679385, 51.357362821136135 ], [ 6.968178140801522, 51.357380243209718 ], [ 6.968205959691093, 51.356751657143853 ], [ 6.968233777575222, 51.356123070999331 ], [ 6.967229837898275, 51.35610564970446 ], [ 6.966225899227218, 51.356088219811276 ], [ 6.966198053898442, 51.356716805176887 ], [ 6.965194102511516, 51.356699366295672 ], [ 6.965166242453561, 51.357327951192858 ], [ 6.965138381388631, 51.357956536011379 ], [ 6.964134403562741, 51.357939087751788 ], [ 6.964106527767099, 51.358567672101664 ], [ 6.964078650963891, 51.359196256372861 ] ] ], [ [ [ 6.967621551793423, 51.369951948011924 ], [ 6.967593711778493, 51.370580532426239 ], [ 6.967565870757066, 51.371209116761918 ], [ 6.968570140913571, 51.371226538801366 ], [ 6.969574412076125, 51.371243952237855 ], [ 6.970578684244233, 51.371261357071347 ], [ 6.970606484064155, 51.370632771568019 ], [ 6.970634282879066, 51.370004185986069 ], [ 6.971638528584867, 51.370021581438898 ], [ 6.971666312661877, 51.369392995389518 ], [ 6.970662080689015, 51.369375600325505 ], [ 6.970689877494051, 51.368747014586326 ], [ 6.971694095734468, 51.368764409261537 ], [ 6.972698314979254, 51.368781795334485 ], [ 6.972726083315478, 51.368153208739301 ], [ 6.972753850647872, 51.367524622065524 ], [ 6.972781616976489, 51.36689603531314 ], [ 6.972809382301371, 51.366267448482176 ], [ 6.971805217981598, 51.366250063963555 ], [ 6.971777438926204, 51.366878650405965 ], [ 6.971749658866583, 51.367507236769768 ], [ 6.970745468089569, 51.367489842872118 ], [ 6.969741278317326, 51.36747244037263 ], [ 6.968737089550348, 51.367455029271298 ], [ 6.967732901789132, 51.367437609568164 ], [ 6.966728715034174, 51.367420181263213 ], [ 6.966700865313491, 51.368048765602573 ], [ 6.966673014586006, 51.368677349863283 ], [ 6.967677228803984, 51.368694778947329 ], [ 6.967649390801903, 51.369323363518951 ], [ 6.967621551793423, 51.369951948011924 ] ] ], [ [ [ 6.962655596841637, 51.391253949860975 ], [ 6.963660302705812, 51.391271418803427 ], [ 6.963688217209174, 51.390642838154974 ], [ 6.963716130703012, 51.390014257427843 ], [ 6.963744043187376, 51.38938567662202 ], [ 6.962739378570106, 51.389368208851089 ], [ 6.96271145233727, 51.389996789266412 ], [ 6.961706774981499, 51.389979312496358 ], [ 6.961734714962758, 51.389350732471726 ], [ 6.961762653933599, 51.388722152368388 ], [ 6.960758005084552, 51.388704667771478 ], [ 6.959753357246369, 51.388687174566364 ], [ 6.959725390779818, 51.389315753887757 ], [ 6.959697423301855, 51.389944333130437 ], [ 6.959669454812433, 51.390572912294381 ], [ 6.959641485311503, 51.391201491379604 ], [ 6.959613514799017, 51.391830070386085 ], [ 6.960618231381317, 51.391847565546634 ], [ 6.961622948974725, 51.391865052098012 ], [ 6.962627667578746, 51.391882530040206 ], [ 6.962655596841637, 51.391253949860975 ] ] ], [ [ [ 6.966144642924504, 51.403266813590264 ], [ 6.966172535340962, 51.402638233265861 ], [ 6.965167578871708, 51.402620783129791 ], [ 6.965139672696207, 51.403249363064035 ], [ 6.966144642924504, 51.403266813590264 ] ] ], [ [ [ 6.966954435319551, 51.407684318302074 ], [ 6.966982321037424, 51.407055738138247 ], [ 6.967987375848486, 51.407073173777746 ], [ 6.96801524679545, 51.406444593145444 ], [ 6.967010205746509, 51.406427157895777 ], [ 6.967038089446853, 51.405798577574664 ], [ 6.966033063168227, 51.405781134101268 ], [ 6.966005165706307, 51.406409714032378 ], [ 6.965000126675341, 51.406392261555268 ], [ 6.964972214442161, 51.407020841017506 ], [ 6.964944301199197, 51.407649420401079 ], [ 6.965949367754708, 51.407666873658627 ], [ 6.966954435319551, 51.407684318302074 ] ] ], [ [ [ 6.962486981327551, 51.417671734982598 ], [ 6.962514938274382, 51.417043157639121 ], [ 6.96150966825456, 51.417025672676203 ], [ 6.960504399246783, 51.417008179096385 ], [ 6.96047641475934, 51.417636755657732 ], [ 6.960448429259306, 51.418265332140372 ], [ 6.960420442746632, 51.418893908544298 ], [ 6.960392455221272, 51.419522484869503 ], [ 6.960364466683176, 51.420151061116002 ], [ 6.959359129831801, 51.42013355696244 ], [ 6.959331126508201, 51.420762132738808 ], [ 6.958325776897436, 51.420744619575835 ], [ 6.958297758787336, 51.421373194881873 ], [ 6.958269739663362, 51.422001770109169 ], [ 6.957264363519683, 51.421984247544593 ], [ 6.956258988390426, 51.421966716361659 ], [ 6.956230940704344, 51.422595290726377 ], [ 6.957236329607669, 51.422612822301318 ], [ 6.958241719525463, 51.422630345257716 ], [ 6.95924711045723, 51.42264785959555 ], [ 6.960252502402472, 51.422665365314785 ], [ 6.960224508799973, 51.423293941167699 ], [ 6.96122991553295, 51.423311438659589 ], [ 6.962235323278456, 51.423328927532665 ], [ 6.96226328933139, 51.422700350897436 ], [ 6.963268684314071, 51.422717830760796 ], [ 6.964274080308237, 51.422735302005485 ], [ 6.964302017800424, 51.422106724510037 ], [ 6.965307401031123, 51.422124186745563 ], [ 6.965279477313389, 51.422752764631497 ], [ 6.965251552585166, 51.423381342438745 ], [ 6.966256964375809, 51.423398796836331 ], [ 6.967262377176493, 51.423416242615005 ], [ 6.96826779098672, 51.423433679774725 ], [ 6.969273205805991, 51.423451108315476 ], [ 6.970278621633811, 51.423468528237258 ], [ 6.970306477486552, 51.422839948480458 ], [ 6.971311880547182, 51.422857359393895 ], [ 6.971339721617179, 51.422228779169167 ], [ 6.972345111910522, 51.422246181074641 ], [ 6.972372938198767, 51.421617600382199 ], [ 6.973378315724727, 51.421634993280094 ], [ 6.973406127232217, 51.42100641212015 ], [ 6.973433937733342, 51.420377830881613 ], [ 6.972428587754573, 51.420360438761534 ], [ 6.971423238782619, 51.420343038023361 ], [ 6.971395400734849, 51.420971618483897 ], [ 6.970390038996957, 51.420954208738387 ], [ 6.969384678266922, 51.42093679037464 ], [ 6.969412543861147, 51.42030821069288 ], [ 6.968407197912622, 51.420290784100587 ], [ 6.968435076271197, 51.419662204729867 ], [ 6.968462953621013, 51.419033625280527 ], [ 6.967457636226015, 51.419016190849931 ], [ 6.966452319840221, 51.418998747801751 ], [ 6.966480223724511, 51.418370169053624 ], [ 6.965474922119939, 51.418352717778092 ], [ 6.964469621525518, 51.418335257885197 ], [ 6.964497551942146, 51.417706679839029 ], [ 6.9634922661293, 51.41768921171937 ], [ 6.962486981327551, 51.417671734982598 ] ] ], [ [ [ 6.958767444386852, 51.455979777042415 ], [ 6.959773568093405, 51.455997294894317 ], [ 6.960779692815006, 51.456014804117395 ], [ 6.960807711557664, 51.455386231574579 ], [ 6.961813823493054, 51.455403731777388 ], [ 6.961841827420955, 51.45477515876447 ], [ 6.962847926570038, 51.454792649947358 ], [ 6.962875915684179, 51.454164076464529 ], [ 6.961869830334906, 51.454146585672852 ], [ 6.961897832234953, 51.453518012502542 ], [ 6.960891761698845, 51.453500513473962 ], [ 6.959885692177089, 51.453483005817297 ], [ 6.958879623670186, 51.453465489532569 ], [ 6.957873556178634, 51.453447964619805 ], [ 6.956867489702932, 51.453430431079006 ], [ 6.956839418807061, 51.454059002290421 ], [ 6.956811346894795, 51.454687573423087 ], [ 6.956783273966082, 51.455316144476996 ], [ 6.957789381840485, 51.455333679194325 ], [ 6.958795490730881, 51.455351205283037 ], [ 6.958767444386852, 51.455979777042415 ] ] ], [ [ [ 6.964355549491946, 51.48878798630863 ], [ 6.964383551921297, 51.488159415900796 ], [ 6.96539038723559, 51.488176893278215 ], [ 6.965418374823951, 51.487548322400706 ], [ 6.965446361398336, 51.486919751444539 ], [ 6.964439553736478, 51.486902274849136 ], [ 6.963432747089046, 51.486884789615317 ], [ 6.963404732862774, 51.487513359789283 ], [ 6.962397913404398, 51.487495865525709 ], [ 6.962369884336781, 51.488124435229608 ], [ 6.961363052067558, 51.488106931935896 ], [ 6.961335008157595, 51.488735501169515 ], [ 6.962341854253639, 51.488753004854836 ], [ 6.962313823154926, 51.489381574401371 ], [ 6.963320684093913, 51.489399069839173 ], [ 6.963348701365256, 51.488770499901214 ], [ 6.964355549491946, 51.48878798630863 ] ] ], [ [ [ 6.973253491030971, 51.356210048498106 ], [ 6.974257436732858, 51.356227418202621 ], [ 6.974285171279474, 51.355598829647398 ], [ 6.974312904823713, 51.354970241013596 ], [ 6.975316824084146, 51.354987601343659 ], [ 6.975344542904859, 51.354359012243286 ], [ 6.975372260723786, 51.353730423064349 ], [ 6.975399977540975, 51.353101833806832 ], [ 6.975427693356474, 51.352473244470765 ], [ 6.97442382897786, 51.352455885692585 ], [ 6.973419965601384, 51.352438518317093 ], [ 6.97339222234651, 51.35306710687707 ], [ 6.973364478088953, 51.353695695358468 ], [ 6.97333673282867, 51.354324283761258 ], [ 6.97330898656561, 51.354952872085477 ], [ 6.97230506931033, 51.354935494559271 ], [ 6.97227730832285, 51.355564082416521 ], [ 6.972249546332002, 51.356192670195156 ], [ 6.973253491030971, 51.356210048498106 ] ] ], [ [ [ 6.971245602636448, 51.35617528329378 ], [ 6.971217825919648, 51.356803870605233 ], [ 6.971190048198892, 51.357432457838058 ], [ 6.972194019340018, 51.357449845516626 ], [ 6.972221783337742, 51.356821257895191 ], [ 6.972249546332002, 51.356192670195156 ], [ 6.971245602636448, 51.35617528329378 ] ] ], [ [ [ 6.977386952022434, 51.376411652962084 ], [ 6.978391342109099, 51.376428992071261 ], [ 6.978419040066319, 51.375800404090882 ], [ 6.977414663717885, 51.375783065369291 ], [ 6.977442374411413, 51.37515447769794 ], [ 6.977470084103064, 51.374525889948053 ], [ 6.976465736231434, 51.374508543397454 ], [ 6.975461389362126, 51.374491188242779 ], [ 6.975433652196138, 51.375119775216994 ], [ 6.975405914027283, 51.375748362112638 ], [ 6.974401540686107, 51.375730997577612 ], [ 6.973397168348342, 51.375713624438163 ], [ 6.973369401700444, 51.376342210478761 ], [ 6.97437378777625, 51.376359584006536 ], [ 6.975378174855513, 51.37637694892971 ], [ 6.976382562937741, 51.376394305248226 ], [ 6.977386952022434, 51.376411652962084 ] ] ], [ [ [ 6.97526720813833, 51.378891295412366 ], [ 6.976271651178056, 51.378908653282828 ], [ 6.97727609522044, 51.378926002547864 ], [ 6.977303810924063, 51.378297415269238 ], [ 6.97733152562557, 51.377668827912061 ], [ 6.976327109063023, 51.377651479422646 ], [ 6.975322693503038, 51.377634122328168 ], [ 6.974318278946113, 51.377616756628662 ], [ 6.97331386539274, 51.377599382324156 ], [ 6.972309452843418, 51.377581999414652 ], [ 6.972281669444035, 51.378210584830917 ], [ 6.971277244159826, 51.378193192927689 ], [ 6.971249446015922, 51.378821777876574 ], [ 6.971221646866883, 51.379450362746859 ], [ 6.97222609963144, 51.379467755427633 ], [ 6.973230553400689, 51.379485139502869 ], [ 6.973258325068834, 51.378856553855215 ], [ 6.974262766101757, 51.378873928936493 ], [ 6.97526720813833, 51.378891295412366 ] ] ], [ [ [ 6.973985141653336, 51.385159785761033 ], [ 6.973957373686577, 51.385788371011309 ], [ 6.973929604715642, 51.386416956183012 ], [ 6.974934211671751, 51.386434327318042 ], [ 6.974961966896663, 51.385805741758013 ], [ 6.975966561110428, 51.385823103897209 ], [ 6.976971156327378, 51.385840457428834 ], [ 6.976998883057413, 51.385211871014207 ], [ 6.97800346553138, 51.385229215550538 ], [ 6.9780311775136, 51.384600628669631 ], [ 6.978058888493726, 51.383972041710187 ], [ 6.97705433350961, 51.383954697949292 ], [ 6.977082057231868, 51.383326111299013 ], [ 6.976077516994432, 51.383308759319029 ], [ 6.975072977759988, 51.383291398732254 ], [ 6.974068439529034, 51.383274029538718 ], [ 6.973063902302065, 51.383256651738449 ], [ 6.972059366079576, 51.383239265331468 ], [ 6.972031573637125, 51.383867850040353 ], [ 6.972003780189649, 51.384496434670638 ], [ 6.97300834390052, 51.384513821854952 ], [ 6.974012908615967, 51.384531200432178 ], [ 6.973985141653336, 51.385159785761033 ] ] ], [ [ [ 6.973790744796644, 51.389559880862841 ], [ 6.973818518789178, 51.388931296084039 ], [ 6.972813857848433, 51.388913914787153 ], [ 6.972786070107442, 51.389542499177395 ], [ 6.973790744796644, 51.389559880862841 ] ] ], [ [ [ 6.977559937491759, 51.395286594964034 ], [ 6.97758766551402, 51.394658009339715 ], [ 6.976582876802892, 51.394640658986269 ], [ 6.97661061757491, 51.394012073671306 ], [ 6.97560584361971, 51.393994715095666 ], [ 6.974601070668315, 51.393977347909988 ], [ 6.974573302391204, 51.39460593244862 ], [ 6.974545533109739, 51.39523451690868 ], [ 6.974517762823879, 51.395863101290161 ], [ 6.97448999153357, 51.396491685593091 ], [ 6.975494819498035, 51.396509054331908 ], [ 6.976499648466496, 51.396526414459892 ], [ 6.97750447843846, 51.396543765977057 ], [ 6.977532208466588, 51.39591518050981 ], [ 6.977559937491759, 51.395286594964034 ] ] ], [ [ [ 6.973512949617874, 51.395845724329057 ], [ 6.973540733657202, 51.395217140336051 ], [ 6.972535935209559, 51.39519975515303 ], [ 6.97250813741681, 51.395828338757376 ], [ 6.973512949617874, 51.395845724329057 ] ] ], [ [ [ 6.972480338618622, 51.396456922283122 ], [ 6.972452538814944, 51.397085505730274 ], [ 6.972424738005732, 51.397714089098841 ], [ 6.973429591470034, 51.397731475836608 ], [ 6.973457378524337, 51.397102892079346 ], [ 6.974462219238768, 51.397120269817449 ], [ 6.97448999153357, 51.396491685593091 ], [ 6.9734851645736, 51.396474308243498 ], [ 6.972480338618622, 51.396456922283122 ] ] ], [ [ [ 6.972424738005732, 51.397714089098841 ], [ 6.971419885547014, 51.397696693749936 ], [ 6.970415034094376, 51.397679289789906 ], [ 6.970387204768913, 51.398307872301871 ], [ 6.971392069976861, 51.398325276650993 ], [ 6.972396936190938, 51.398342672388814 ], [ 6.972424738005732, 51.397714089098841 ] ] ], [ [ [ 6.968210315196091, 51.402044526517599 ], [ 6.969215260932008, 51.402061950426415 ], [ 6.969243110056181, 51.401433368775479 ], [ 6.968238178078459, 51.401415945256218 ], [ 6.968210315196091, 51.402044526517599 ] ] ], [ [ [ 6.968210315196091, 51.402044526517599 ], [ 6.967205370468081, 51.402027093996395 ], [ 6.967177492819164, 51.402655674789401 ], [ 6.967149614161796, 51.403284255503742 ], [ 6.968154586407589, 51.403301688804461 ], [ 6.968182451305816, 51.402673107700345 ], [ 6.968210315196091, 51.402044526517599 ] ] ], [ [ [ 6.970108856142, 51.404593693097773 ], [ 6.971113858930367, 51.40461110133846 ], [ 6.97114168456396, 51.40398251922344 ], [ 6.970136695535871, 51.403965111371953 ], [ 6.970108856142, 51.404593693097773 ] ] ], [ [ [ 6.97120050619167, 51.425371679506839 ], [ 6.971172660083669, 51.426000259338572 ], [ 6.971144812967923, 51.42662883909172 ], [ 6.971116964844384, 51.427257418766246 ], [ 6.970111465346619, 51.427240005127253 ], [ 6.970083602436514, 51.427868584333787 ], [ 6.970055738518023, 51.428497163461707 ], [ 6.970027873591095, 51.429125742511005 ], [ 6.970000007655685, 51.429754321481695 ], [ 6.969972140711741, 51.430382900373779 ], [ 6.970977709108103, 51.430400315959901 ], [ 6.970949854936794, 51.431028895162832 ], [ 6.970921999757354, 51.431657474287157 ], [ 6.970894143569736, 51.432286053332874 ], [ 6.970866286373891, 51.43291463229999 ], [ 6.971871910906367, 51.432932040822095 ], [ 6.9718440664855, 51.433560620099925 ], [ 6.972849705809052, 51.433578020389227 ], [ 6.97282187416416, 51.434206599977571 ], [ 6.972794041511892, 51.434835179487358 ], [ 6.9727662078522, 51.435463758918559 ], [ 6.972738373185038, 51.436092338271166 ], [ 6.972710537510356, 51.436720917545209 ], [ 6.972682700828107, 51.437349496740651 ], [ 6.973688423869538, 51.437366890741572 ], [ 6.973660599966507, 51.437995470247444 ], [ 6.973632775056312, 51.438624049674736 ], [ 6.974638526679124, 51.43864143582995 ], [ 6.974666337801938, 51.438012856013849 ], [ 6.975672076644035, 51.438030233156717 ], [ 6.975699872973251, 51.43740165287344 ], [ 6.975727668296346, 51.436773072511606 ], [ 6.975755462613368, 51.436144492071207 ], [ 6.975783255924363, 51.435515911552287 ], [ 6.975811048229382, 51.434887330954794 ], [ 6.975838839528473, 51.434258750278751 ], [ 6.975866629821681, 51.433630169524157 ], [ 6.975894419109056, 51.433001588691035 ], [ 6.975922207390647, 51.432373007779347 ], [ 6.975949994666499, 51.431744426789123 ], [ 6.975977780936664, 51.431115845720328 ], [ 6.976005566201188, 51.430487264573003 ], [ 6.976033350460118, 51.429858683347121 ], [ 6.97502779080928, 51.42984131125538 ], [ 6.975055587843124, 51.429212730339422 ], [ 6.975083383870972, 51.428584149344914 ], [ 6.975111178892874, 51.427955568271834 ], [ 6.976116697203833, 51.427972939198185 ], [ 6.976144477440871, 51.427344357658107 ], [ 6.976172256672557, 51.426715776039487 ], [ 6.976200034898938, 51.426087194342315 ], [ 6.976227812120062, 51.425458612566594 ], [ 6.976255588335977, 51.424830030712329 ], [ 6.976283363546731, 51.42420144877952 ], [ 6.976311137752372, 51.423572866768161 ], [ 6.976338910952949, 51.422944284678273 ], [ 6.975333502859771, 51.422926916859169 ], [ 6.975305715883714, 51.423555498560702 ], [ 6.974300295020618, 51.423538121734133 ], [ 6.973294875163583, 51.423520736288495 ], [ 6.97326705963015, 51.42414931713413 ], [ 6.972261627003837, 51.424131922680466 ], [ 6.972233796687466, 51.424760503058565 ], [ 6.971228351291973, 51.424743099596505 ], [ 6.97120050619167, 51.425371679506839 ] ] ], [ [ [ 6.97327454749155, 51.469441750577559 ], [ 6.974280976315783, 51.469459147164628 ], [ 6.974308823012396, 51.468830570809125 ], [ 6.974336668700481, 51.468201994375057 ], [ 6.974364513380085, 51.467573417862418 ], [ 6.974392357051259, 51.466944841271228 ], [ 6.97442019971405, 51.466316264601481 ], [ 6.973413839944151, 51.466298869960021 ], [ 6.972407481183089, 51.466281466686354 ], [ 6.972379610900608, 51.466910042577716 ], [ 6.971373239339105, 51.466892630282381 ], [ 6.971345354236972, 51.467521205705665 ], [ 6.97131746812491, 51.468149781050343 ], [ 6.970311069952343, 51.468132359343279 ], [ 6.970283169019083, 51.468760934219645 ], [ 6.970255267075297, 51.469389509017418 ], [ 6.971261692870807, 51.469406931503933 ], [ 6.971233803728668, 51.470035506612852 ], [ 6.972240244346521, 51.470052920855778 ], [ 6.972268119676391, 51.469424345357318 ], [ 6.97327454749155, 51.469441750577559 ] ] ], [ [ [ 6.971849883695987, 51.478852969582881 ], [ 6.971821993216706, 51.479481543902587 ], [ 6.972828642088864, 51.479498955353669 ], [ 6.973835291970868, 51.479516358168517 ], [ 6.973863154810482, 51.478887783069986 ], [ 6.973891016640798, 51.478259207892897 ], [ 6.973918877461862, 51.477630632637229 ], [ 6.973946737273722, 51.477002057303018 ], [ 6.972940142668149, 51.476984656045374 ], [ 6.97291226903793, 51.477613230990308 ], [ 6.9719056616237, 51.477595820707712 ], [ 6.971877773164969, 51.478224395184583 ], [ 6.970871152942181, 51.478206975876667 ], [ 6.970843249653938, 51.478835549885261 ], [ 6.971849883695987, 51.478852969582881 ] ] ], [ [ [ 6.966509112530627, 51.485680076471674 ], [ 6.96751589456921, 51.485697535009031 ], [ 6.967543850452879, 51.485068963035566 ], [ 6.968550619679678, 51.485086412544447 ], [ 6.968578560726452, 51.484457840101982 ], [ 6.967571805323767, 51.484440390983465 ], [ 6.966565050933814, 51.484422933227272 ], [ 6.966537082238862, 51.48505150488878 ], [ 6.966509112530627, 51.485680076471674 ] ] ], [ [ [ 6.969333935709652, 51.49013243324675 ], [ 6.968327054859278, 51.490114989253932 ], [ 6.967320175021575, 51.490097536621647 ], [ 6.96729221103391, 51.490726107966083 ], [ 6.968299104700227, 51.490743560988818 ], [ 6.968271153528458, 51.491372132645104 ], [ 6.969278062036655, 51.491389577418488 ], [ 6.970284971557117, 51.491407013552028 ], [ 6.970312895070514, 51.490778441115367 ], [ 6.970340817572194, 51.490149868600106 ], [ 6.969333935709652, 51.49013243324675 ] ] ], [ [ [ 6.964970451700181, 51.497605447002606 ], [ 6.965977495486253, 51.497622921604723 ], [ 6.966005484456043, 51.496994351516022 ], [ 6.966033472411632, 51.496365781348672 ], [ 6.966061459353066, 51.495737211102693 ], [ 6.966089445280394, 51.495108640778064 ], [ 6.965082456827393, 51.495091167739794 ], [ 6.965054457067549, 51.495719737673475 ], [ 6.964047455796637, 51.495702255603135 ], [ 6.964019441189215, 51.49633082506702 ], [ 6.96399142556664, 51.496959394452226 ], [ 6.963963408928861, 51.497587963758782 ], [ 6.964970451700181, 51.497605447002606 ] ] ], [ [ [ 6.982150899576828, 51.35950902338444 ], [ 6.982178529337405, 51.358880432123023 ], [ 6.982206158099328, 51.358251840783112 ], [ 6.98321015397589, 51.358269134260219 ], [ 6.98421415085056, 51.358286419138111 ], [ 6.985218148722849, 51.358303695416758 ], [ 6.986222147592258, 51.358320963096148 ], [ 6.986249720459076, 51.357692370132888 ], [ 6.986277292329315, 51.35706377709117 ], [ 6.986304863203022, 51.356435183970994 ], [ 6.985300905504715, 51.356417917449356 ], [ 6.985273320907802, 51.357046510183615 ], [ 6.985245735313862, 51.357675102839416 ], [ 6.984241751165723, 51.357657826946884 ], [ 6.983237768015154, 51.357640542455307 ], [ 6.982233785862646, 51.357623249364707 ], [ 6.981229804708698, 51.35760594767509 ], [ 6.981257445196968, 51.356977356564869 ], [ 6.981285084686229, 51.356348765376154 ], [ 6.981312723176533, 51.355720174108917 ], [ 6.980308784190545, 51.35570286498092 ], [ 6.980281131977768, 51.356331455861294 ], [ 6.980253478765538, 51.356960046663154 ], [ 6.979249513333611, 51.35694272816265 ], [ 6.979221845398462, 51.357571318498934 ], [ 6.979194176463269, 51.358199908756689 ], [ 6.980198169342524, 51.358217228031343 ], [ 6.980170513131646, 51.358845818597636 ], [ 6.980142855921122, 51.359474409085436 ], [ 6.981146877249377, 51.35949172053472 ], [ 6.982150899576828, 51.35950902338444 ] ] ], [ [ [ 6.980870387429942, 51.365777624963819 ], [ 6.980842732950581, 51.366406214974923 ], [ 6.981846906285679, 51.366423522079202 ], [ 6.981819264537537, 51.367052112398653 ], [ 6.982823452602848, 51.367069411287886 ], [ 6.983827641666935, 51.367086701575211 ], [ 6.984831831729306, 51.367103983260627 ], [ 6.984859432284343, 51.36647539178179 ], [ 6.983855255953054, 51.366458110482661 ], [ 6.982851080620001, 51.366440820581786 ], [ 6.982878707638426, 51.3658122297972 ], [ 6.982906333658167, 51.365183638934134 ], [ 6.981902186784333, 51.365166341204819 ], [ 6.980898040909629, 51.365149034874186 ], [ 6.979893896034551, 51.365131719942276 ], [ 6.979866228824963, 51.365760309644884 ], [ 6.980870387429942, 51.365777624963819 ] ] ], [ [ [ 6.979201915634549, 51.38084643895143 ], [ 6.979174223406436, 51.381475026691 ], [ 6.980178725420017, 51.381492351688642 ], [ 6.980151045933331, 51.382120939736993 ], [ 6.981155562690616, 51.382138256515454 ], [ 6.981183228434465, 51.381509668080021 ], [ 6.982187732449282, 51.381526975865093 ], [ 6.983192237463971, 51.381544275043829 ], [ 6.983219874722625, 51.380915685756307 ], [ 6.982215383450372, 51.380898386964255 ], [ 6.981210893177945, 51.380881079566088 ], [ 6.980206403905838, 51.380863763561798 ], [ 6.979201915634549, 51.38084643895143 ] ] ], [ [ [ 6.977920323571664, 51.387114975722035 ], [ 6.978924948286418, 51.387132312813641 ], [ 6.979929574002964, 51.387149641297235 ], [ 6.979957261498291, 51.386521053877004 ], [ 6.978952649528504, 51.38650372578077 ], [ 6.977948038560459, 51.386486389076744 ], [ 6.977920323571664, 51.387114975722035 ] ] ], [ [ [ 6.978204364223677, 51.403475548105007 ], [ 6.979209347530172, 51.403492886663962 ], [ 6.980214331839205, 51.403510216609902 ], [ 6.98121931715028, 51.403527537942807 ], [ 6.981191630123687, 51.40415612401781 ], [ 6.981163942095504, 51.404784710014319 ], [ 6.982168955929233, 51.404802023508353 ], [ 6.982141280660711, 51.40543060981345 ], [ 6.982113604390999, 51.406059196040061 ], [ 6.983118646749065, 51.406076501694464 ], [ 6.983146309256932, 51.405447915080941 ], [ 6.984151338853846, 51.405465211734757 ], [ 6.984178986599622, 51.404836624656035 ], [ 6.984206633345251, 51.40420803749884 ], [ 6.984234279090777, 51.40357945026318 ], [ 6.984261923836249, 51.402950862949062 ], [ 6.984289567581716, 51.402322275556472 ], [ 6.985294529376575, 51.402339561664093 ], [ 6.985322158363123, 51.401710973806566 ], [ 6.984317210327226, 51.401693688085409 ], [ 6.984344852072824, 51.401065100535881 ], [ 6.983339918795252, 51.401047806588849 ], [ 6.983367573298907, 51.400419219347484 ], [ 6.983395226802251, 51.39979063202766 ], [ 6.982390322040284, 51.399773330241956 ], [ 6.981385418279079, 51.399756019844354 ], [ 6.98038051551913, 51.399738700834838 ], [ 6.979375613760936, 51.39972137321346 ], [ 6.979347905228381, 51.40034995898484 ], [ 6.979320195693527, 51.400978544677706 ], [ 6.979292485156328, 51.401607130292049 ], [ 6.978287543127343, 51.401589792896004 ], [ 6.97728260210125, 51.401572446887535 ], [ 6.977254863044356, 51.402201031647927 ], [ 6.977227122984027, 51.402829616329761 ], [ 6.978232091527869, 51.402846963113866 ], [ 6.978204364223677, 51.403475548105007 ] ] ], [ [ [ 6.97843296107833, 51.421093245390288 ], [ 6.979438330861175, 51.421110586189215 ], [ 6.979466058721211, 51.420482002621291 ], [ 6.979493785577913, 51.419853418974867 ], [ 6.97952151143133, 51.419224835249928 ], [ 6.978516182967896, 51.419207495614224 ], [ 6.977510855508195, 51.419190147360695 ], [ 6.976505529052728, 51.41917279048937 ], [ 6.976477761881534, 51.419801373050547 ], [ 6.976449993705564, 51.42042995553318 ], [ 6.976422224524767, 51.421058537937277 ], [ 6.976394454339099, 51.421687120262817 ], [ 6.977399835887728, 51.421704478686657 ], [ 6.978405218440781, 51.421721828491926 ], [ 6.97843296107833, 51.421093245390288 ] ] ], [ [ [ 6.976366683148507, 51.422315702509806 ], [ 6.976394454339097, 51.421687120262817 ], [ 6.976422224524766, 51.421058537937277 ], [ 6.975416857755047, 51.421041171283228 ], [ 6.975389073795389, 51.421669753220428 ], [ 6.975361288830315, 51.422298335079077 ], [ 6.976366683148507, 51.422315702509806 ] ] ], [ [ [ 6.976200034898939, 51.426087194342315 ], [ 6.976172256672559, 51.426715776039487 ], [ 6.976144477440872, 51.427344357658107 ], [ 6.976116697203834, 51.427972939198185 ], [ 6.977122216520193, 51.427990301504046 ], [ 6.978127736841457, 51.428007655189433 ], [ 6.978155489520422, 51.427379072873045 ], [ 6.97818324119503, 51.426750490478149 ], [ 6.97918873496298, 51.42676783476729 ], [ 6.980194229734741, 51.42678517043629 ], [ 6.980166505617402, 51.427413753606714 ], [ 6.980138780496701, 51.428042336698631 ], [ 6.98011105437259, 51.428670919712047 ], [ 6.981116591485278, 51.428688247923326 ], [ 6.982122129600926, 51.428705567513838 ], [ 6.983127668719036, 51.428722878483576 ], [ 6.98309998293221, 51.429351462580421 ], [ 6.984105536832629, 51.429368765316262 ], [ 6.984077863824631, 51.42999734972156 ], [ 6.98405018981507, 51.430625934048408 ], [ 6.985055772279281, 51.430643228936731 ], [ 6.985028111049995, 51.431271813571875 ], [ 6.986033708297247, 51.431289100225356 ], [ 6.9860613557446, 51.430660515203641 ], [ 6.987066940210537, 51.430677792849103 ], [ 6.987094572875793, 51.430049207362586 ], [ 6.98712220454098, 51.429420621797632 ], [ 6.987149835206146, 51.428792036154249 ], [ 6.988155379329101, 51.428809304019765 ], [ 6.989160924451533, 51.428826563264366 ], [ 6.989188526556604, 51.428197976770448 ], [ 6.989216127662745, 51.42756939019813 ], [ 6.989243727770005, 51.42694080354741 ], [ 6.988238223986333, 51.426923545460618 ], [ 6.987232721201994, 51.42690627875352 ], [ 6.987205093536605, 51.427534864632186 ], [ 6.986199577973103, 51.427517588918462 ], [ 6.986227219417485, 51.426889003426105 ], [ 6.985221718633306, 51.426871719478399 ], [ 6.98421621884995, 51.426854426910424 ], [ 6.984243886850853, 51.426225842112807 ], [ 6.98427155385048, 51.425597257236724 ], [ 6.985277026077532, 51.425614549031323 ], [ 6.986282499305315, 51.425631832206037 ], [ 6.986310137748856, 51.425003246478354 ], [ 6.986337775192213, 51.424374660672214 ], [ 6.986365411635434, 51.423746074787658 ], [ 6.986393047078566, 51.423117488824644 ], [ 6.987398466199564, 51.42313476183439 ], [ 6.988403886320108, 51.423152026224983 ], [ 6.98843149321213, 51.422523439411236 ], [ 6.988459099105154, 51.421894852519081 ], [ 6.987453706535228, 51.421877588900578 ], [ 6.987481325203863, 51.421249002316031 ], [ 6.988486703999226, 51.421266265548503 ], [ 6.988514307894396, 51.420637678499503 ], [ 6.98951967391455, 51.420654932727565 ], [ 6.989547263037248, 51.420026345214325 ], [ 6.98854191079071, 51.420009091372087 ], [ 6.987536559542979, 51.419991828911627 ], [ 6.986531209294554, 51.41997455783298 ], [ 6.986503578851153, 51.420603144188199 ], [ 6.985498215829058, 51.420585864104993 ], [ 6.985470570611836, 51.421214449995368 ], [ 6.984465194816168, 51.421197160907219 ], [ 6.984437534824132, 51.421825746332537 ], [ 6.983432146254986, 51.421808448239084 ], [ 6.982426758687277, 51.421791141526953 ], [ 6.982399070144609, 51.422419726099989 ], [ 6.981393669804064, 51.422402410381991 ], [ 6.980388270466, 51.422385086045153 ], [ 6.980360553370855, 51.423013669765112 ], [ 6.979355141260594, 51.422996336421875 ], [ 6.979327409386749, 51.423624919675724 ], [ 6.978321984504388, 51.42360757732569 ], [ 6.978294237850847, 51.424236160113232 ], [ 6.977288800196482, 51.424218808756052 ], [ 6.976283363546732, 51.42420144877952 ], [ 6.976255588335978, 51.424830030712329 ], [ 6.976227812120062, 51.425458612566594 ], [ 6.976200034898939, 51.426087194342315 ] ], [ [ 6.981227434845633, 51.426173913848721 ], [ 6.98125514317868, 51.425545330133843 ], [ 6.982260612400556, 51.425562647787956 ], [ 6.982232917845268, 51.426191231890108 ], [ 6.981227434845633, 51.426173913848721 ] ] ], [ [ [ 6.975727668296346, 51.436773072511606 ], [ 6.975699872973252, 51.43740165287344 ], [ 6.975672076644035, 51.438030233156717 ], [ 6.975644279308651, 51.438658813361457 ], [ 6.976650032944395, 51.438676182269205 ], [ 6.977655787585859, 51.438693542553196 ], [ 6.978661543232543, 51.438710894213415 ], [ 6.979667299883951, 51.438728237249805 ], [ 6.980673057539584, 51.438745571662395 ], [ 6.981678816198943, 51.438762897451127 ], [ 6.982684575861532, 51.438780214616003 ], [ 6.982712276683568, 51.4381516316963 ], [ 6.983718023561074, 51.438168939850193 ], [ 6.983745709593114, 51.437540356464943 ], [ 6.984751443685441, 51.437557655608252 ], [ 6.984779114928481, 51.436929071757667 ], [ 6.984806785169929, 51.436300487828618 ], [ 6.984834454409834, 51.43567190382111 ], [ 6.984862122648245, 51.435043319735151 ], [ 6.983856443700387, 51.435026022139255 ], [ 6.983884124722223, 51.434397438361671 ], [ 6.982878460561135, 51.434380132530038 ], [ 6.981872797402442, 51.434362818075883 ], [ 6.981900504990985, 51.433734234994041 ], [ 6.981928211576684, 51.433105651833721 ], [ 6.981955917159585, 51.432477068594906 ], [ 6.981983621739736, 51.431848485277598 ], [ 6.982011325317186, 51.431219901881825 ], [ 6.981005732077561, 51.43120258074201 ], [ 6.980000139841088, 51.431185250980676 ], [ 6.979972408699207, 51.431813833601552 ], [ 6.97896680368424, 51.431796494830948 ], [ 6.978939057756022, 51.432425076985581 ], [ 6.977933439962656, 51.432407729205352 ], [ 6.977961199673468, 51.431779147438661 ], [ 6.97695559666739, 51.431761791424712 ], [ 6.975949994666501, 51.431744426789123 ], [ 6.975922207390647, 51.432373007779347 ], [ 6.975894419109057, 51.433001588691035 ], [ 6.975866629821682, 51.433630169524157 ], [ 6.975838839528473, 51.434258750278751 ], [ 6.975811048229383, 51.434887330954794 ], [ 6.975783255924363, 51.435515911552287 ], [ 6.975755462613368, 51.436144492071207 ], [ 6.975727668296346, 51.436773072511606 ] ] ], [ [ [ 6.974308823012396, 51.468830570809125 ], [ 6.974280976315784, 51.469459147164628 ], [ 6.975287406148594, 51.469476535118538 ], [ 6.975259572255818, 51.470105111784449 ], [ 6.976266016909166, 51.470122491493903 ], [ 6.977272462570139, 51.470139862569937 ], [ 6.977244655295208, 51.470768439934666 ], [ 6.977216847013104, 51.471397017220866 ], [ 6.976210373725614, 51.471379645367655 ], [ 6.976182550622279, 51.472008222186716 ], [ 6.976154726511175, 51.47263679892724 ], [ 6.977161227427179, 51.472654171557679 ], [ 6.977133416123262, 51.473282748608298 ], [ 6.97710560381198, 51.473911325580389 ], [ 6.978112133365912, 51.47392869035351 ], [ 6.978139931861641, 51.47330011299298 ], [ 6.979146448606886, 51.473317468743232 ], [ 6.979174232280645, 51.472688890915933 ], [ 6.980180736217108, 51.472706237643692 ], [ 6.980208505069895, 51.472077659349843 ], [ 6.979202014948084, 51.472060313010132 ], [ 6.978195525832545, 51.472042958036354 ], [ 6.978223321307817, 51.471414380440265 ], [ 6.978251115776366, 51.470785802765654 ], [ 6.978278909238238, 51.470157225012542 ], [ 6.978306701693485, 51.469528647180887 ], [ 6.978334493142153, 51.468900069270724 ], [ 6.977328074098669, 51.468882707604884 ], [ 6.977355878352366, 51.468254130004574 ], [ 6.977383681599081, 51.467625552325728 ], [ 6.977411483838862, 51.466996974568346 ], [ 6.977439285071757, 51.466368396732456 ], [ 6.977467085297816, 51.46573981881803 ], [ 6.977494884517084, 51.465111240825081 ], [ 6.976488549342208, 51.465093872857352 ], [ 6.975482215174573, 51.465076496257758 ], [ 6.975454388337322, 51.465705073473508 ], [ 6.974448041368506, 51.465687687853176 ], [ 6.97442019971405, 51.466316264601481 ], [ 6.97439235705126, 51.466944841271228 ], [ 6.974364513380086, 51.467573417862418 ], [ 6.974336668700481, 51.468201994375057 ], [ 6.974308823012396, 51.468830570809125 ] ] ], [ [ [ 6.973723830518452, 51.482030657776974 ], [ 6.974730536694424, 51.482048053512138 ], [ 6.974702682629992, 51.482676628607017 ], [ 6.975709403637457, 51.482694016094101 ], [ 6.975681562386888, 51.483322591499416 ], [ 6.976688298225943, 51.483339970738022 ], [ 6.976660469790238, 51.483968546453603 ], [ 6.977667220460979, 51.483985917443341 ], [ 6.978673972139405, 51.484003279795374 ], [ 6.97968072482502, 51.484020633509679 ], [ 6.98068747851732, 51.48403797858623 ], [ 6.98065970436991, 51.484666555776649 ], [ 6.981666472892638, 51.484683892603307 ], [ 6.981638711563734, 51.485312470103089 ], [ 6.982645494916986, 51.485329798679452 ], [ 6.98365227927552, 51.485347118617611 ], [ 6.983624544591461, 51.485975696814094 ], [ 6.983596808902568, 51.486604274932134 ], [ 6.983569072208797, 51.487232852971708 ], [ 6.9835413345101, 51.48786143093281 ], [ 6.984548175177958, 51.487878743782034 ], [ 6.98452045030167, 51.488507322052016 ], [ 6.985527305801435, 51.488524626649387 ], [ 6.985499593748557, 51.489153205228085 ], [ 6.986506464080327, 51.489170501573192 ], [ 6.986534162305224, 51.488541922607531 ], [ 6.987541019812537, 51.488559209926443 ], [ 6.988547878322872, 51.488576488606093 ], [ 6.989554737835729, 51.488593758646481 ], [ 6.989582393574373, 51.487965178442671 ], [ 6.990589240261581, 51.487982439457575 ], [ 6.990616881171077, 51.487353858789206 ], [ 6.99162371503254, 51.487371110779002 ], [ 6.991651341113887, 51.486742529646278 ], [ 6.991678966194355, 51.486113948435168 ], [ 6.992685773403708, 51.486131191014479 ], [ 6.992713383657576, 51.48550260933925 ], [ 6.993720178041444, 51.485519842894419 ], [ 6.993747773469712, 51.484891260755283 ], [ 6.993775367898245, 51.484262678537775 ], [ 6.993802961327089, 51.483634096241929 ], [ 6.99279620841767, 51.48361686384338 ], [ 6.992823814670691, 51.482988281854709 ], [ 6.992851419923619, 51.482359699787658 ], [ 6.992879024176503, 51.481731117642255 ], [ 6.993885735615971, 51.481748348884267 ], [ 6.993858145185905, 51.482376931415175 ], [ 6.994864871447734, 51.482394154405242 ], [ 6.994837293841487, 51.483022737243111 ], [ 6.995844034925772, 51.483039951980835 ], [ 6.996850777008652, 51.483057158080875 ], [ 6.996878326968026, 51.482428574472962 ], [ 6.99788505622549, 51.482445771550573 ], [ 6.997912591363812, 51.481817187479599 ], [ 6.997940125504636, 51.481188603330317 ], [ 6.997967658648009, 51.480560019102725 ], [ 6.99799519079398, 51.479931434796832 ], [ 6.998022721942597, 51.479302850412623 ], [ 6.998050252093908, 51.478674265950097 ], [ 6.997043605766996, 51.478657071180685 ], [ 6.997016061795176, 51.479285655258536 ], [ 6.99600940264556, 51.479268451467917 ], [ 6.995002744494252, 51.479251239040771 ], [ 6.994975171882751, 51.479879822270348 ], [ 6.993968500909382, 51.479862600821434 ], [ 6.992961830935366, 51.479845370735859 ], [ 6.991955161961204, 51.47982813201363 ], [ 6.991982776035159, 51.479199549940418 ], [ 6.990976121882071, 51.479182302967388 ], [ 6.98996946872979, 51.479165047357938 ], [ 6.988962816578812, 51.479147783112104 ], [ 6.988990471112985, 51.478519202118591 ], [ 6.987983833783892, 51.478501929622766 ], [ 6.988011501135888, 51.477873348937258 ], [ 6.98700487862858, 51.477856068191862 ], [ 6.985998257123981, 51.477838778810522 ], [ 6.98597056213297, 51.478467358722654 ], [ 6.984963927812142, 51.478450060318387 ], [ 6.983957294495069, 51.478432753278021 ], [ 6.983985017124904, 51.47780417414004 ], [ 6.982978398631427, 51.477786858850962 ], [ 6.981971781142654, 51.47776953492599 ], [ 6.981944030874189, 51.478398113289053 ], [ 6.98093740057138, 51.478380780340487 ], [ 6.979930771274324, 51.478363438755892 ], [ 6.978924142983522, 51.478346088535289 ], [ 6.977917515699472, 51.478328729678701 ], [ 6.977945321244622, 51.477700152867804 ], [ 6.976938708786877, 51.477682785763768 ], [ 6.975932097336834, 51.477665410023981 ], [ 6.974925486894997, 51.47764802564847 ], [ 6.973918877461863, 51.477630632637229 ], [ 6.973891016640798, 51.478259207892897 ], [ 6.973863154810482, 51.478887783069986 ], [ 6.973835291970869, 51.479516358168517 ], [ 6.973807428121908, 51.480144933188463 ], [ 6.973779563263548, 51.480773508129879 ], [ 6.973751697395747, 51.481402082992702 ], [ 6.973723830518452, 51.482030657776974 ] ], [ [ 6.987651747370257, 51.486044891732497 ], [ 6.988658550573285, 51.486062168865942 ], [ 6.988630884014299, 51.486690748918591 ], [ 6.987624066985194, 51.486673471398603 ], [ 6.987651747370257, 51.486044891732497 ] ] ], [ [ [ 6.985698073709614, 51.370264214491684 ], [ 6.985670480901247, 51.370892805885838 ], [ 6.985642887095305, 51.371521397201519 ], [ 6.98463859990336, 51.371504121415263 ], [ 6.984610991364699, 51.372132712266342 ], [ 6.98458338182787, 51.372761303038949 ], [ 6.984555771292825, 51.373389893733091 ], [ 6.983551443892374, 51.373372608184461 ], [ 6.982547117490681, 51.37335531403199 ], [ 6.982519478484353, 51.373983903874716 ], [ 6.982491838478723, 51.374612493638942 ], [ 6.983496192353886, 51.374629788564569 ], [ 6.984500547227902, 51.374647074885978 ], [ 6.984472933697927, 51.375275665344716 ], [ 6.985477303307873, 51.375292943448073 ], [ 6.986481673915729, 51.375310212946992 ], [ 6.98650925997051, 51.374681621716014 ], [ 6.985504903100275, 51.374664352603126 ], [ 6.985532501894815, 51.374035761679735 ], [ 6.98556009969154, 51.373407170677851 ], [ 6.986564429088021, 51.373424439018741 ], [ 6.986592012150845, 51.372795847552425 ], [ 6.986619594216446, 51.372167256007678 ], [ 6.986647175284871, 51.371538664384481 ], [ 6.987651464471567, 51.371555922964106 ], [ 6.988655754654896, 51.37157317294038 ], [ 6.989660045834362, 51.371590414313282 ], [ 6.989687584701433, 51.370961821454927 ], [ 6.990691863141704, 51.37097905383925 ], [ 6.991696142577075, 51.370996277620371 ], [ 6.991668631179722, 51.371624871248912 ], [ 6.992672925344626, 51.37164208681159 ], [ 6.993677220503685, 51.371659293770826 ], [ 6.993704704431126, 51.371030699372866 ], [ 6.994708986848816, 51.371047897344212 ], [ 6.994736456048115, 51.370419302483477 ], [ 6.995740725724345, 51.370436491467302 ], [ 6.996744996393148, 51.370453671848011 ], [ 6.997749268054028, 51.370470843625576 ], [ 6.99875354070649, 51.370488006799974 ], [ 6.999757814350036, 51.370505161371192 ], [ 6.999730413824101, 51.371133758151082 ], [ 7.000734702193053, 51.37115090450235 ], [ 7.001738991552147, 51.371168042250197 ], [ 7.002743281900889, 51.371185171394615 ], [ 7.003747573238781, 51.371202291935575 ], [ 7.004751865565328, 51.371219403873056 ], [ 7.004779197416722, 51.370590805178793 ], [ 7.004806528280003, 51.369962206406285 ], [ 7.00483385815522, 51.369333607555518 ], [ 7.004861187042418, 51.368705008626485 ], [ 7.004888514941646, 51.368076409619192 ], [ 7.004915841852949, 51.367447810533662 ], [ 7.003911631928983, 51.367430700890935 ], [ 7.003938971584439, 51.36680210210956 ], [ 7.004943167776375, 51.366819211369844 ], [ 7.004970492711972, 51.366190612127781 ], [ 7.00396631025157, 51.366173503249911 ], [ 7.002962128779447, 51.36615638577009 ], [ 7.002934776380831, 51.366784984247133 ], [ 7.002907422993393, 51.367413582645902 ], [ 7.001903215046668, 51.367396455798563 ], [ 7.000899008089307, 51.367379320348945 ], [ 6.999894802121807, 51.36736217629705 ], [ 6.99889059714466, 51.367345023642926 ], [ 6.997886393158363, 51.367327862386567 ], [ 6.997858970120376, 51.367956458791035 ], [ 6.99685475339323, 51.367939288548683 ], [ 6.995850537657972, 51.367922109703969 ], [ 6.99582308616326, 51.368550705262336 ], [ 6.995795633676115, 51.369179300742353 ], [ 6.995768180196493, 51.369807896144003 ], [ 6.994763924254346, 51.369790707544375 ], [ 6.994791391467555, 51.369162112526915 ], [ 6.994818857687791, 51.368533517431089 ], [ 6.994846322915099, 51.367904922256905 ], [ 6.994873787149528, 51.367276327004362 ], [ 6.993869587131586, 51.36725913133931 ], [ 6.993897064104741, 51.366630536392734 ], [ 6.993924540084615, 51.366001941367799 ], [ 6.992920368522525, 51.365984737869688 ], [ 6.991916197954163, 51.365967525769854 ], [ 6.991943700401796, 51.365338931435758 ], [ 6.991971201855251, 51.364710337023297 ], [ 6.990967059741466, 51.364693117091548 ], [ 6.989962918622305, 51.364675888558509 ], [ 6.989935389709039, 51.365304482201012 ], [ 6.989907859800606, 51.365933075765106 ], [ 6.988903692216402, 51.365915837860229 ], [ 6.987899525627908, 51.365898591353712 ], [ 6.986895360035619, 51.365881336245572 ], [ 6.986867787939639, 51.366509928574786 ], [ 6.98684021484691, 51.367138520825563 ], [ 6.985836022789462, 51.367121256344078 ], [ 6.984831831729306, 51.367103983260627 ], [ 6.984804230176482, 51.36773257466097 ], [ 6.984776627625825, 51.368361165982854 ], [ 6.984749024077287, 51.368989757226274 ], [ 6.984721419530818, 51.369618348391228 ], [ 6.985725665520451, 51.369635623019079 ], [ 6.985698073709614, 51.370264214491684 ] ], [ [ 6.990746910420927, 51.369721867116944 ], [ 6.989742659448842, 51.369704635502956 ], [ 6.988738409472257, 51.369687395286164 ], [ 6.988765959085991, 51.369058802577896 ], [ 6.988793507703778, 51.368430209791221 ], [ 6.988821055325665, 51.367801616926108 ], [ 6.9888486019517, 51.367173023982573 ], [ 6.989852796998049, 51.367190262658049 ], [ 6.990856993039708, 51.367207492731481 ], [ 6.991861190076182, 51.367224714202848 ], [ 6.991833684645735, 51.367853308301754 ], [ 6.991806178220925, 51.368481902322259 ], [ 6.9917786708017, 51.369110496264383 ], [ 6.991751162388016, 51.369739090128107 ], [ 6.990746910420927, 51.369721867116944 ] ] ], [ [ [ 6.988435297975078, 51.376601909900884 ], [ 6.989439699050702, 51.376619154357201 ], [ 6.989412151221148, 51.377247746509816 ], [ 6.989384602395524, 51.377876338584009 ], [ 6.99038903194626, 51.377893575205974 ], [ 6.99041656703209, 51.377264982746489 ], [ 6.991420983838608, 51.37728221037802 ], [ 6.991448504189518, 51.376653617455034 ], [ 6.990444101122348, 51.376636390208589 ], [ 6.990471634217079, 51.376007797592287 ], [ 6.989467245884236, 51.375990562126177 ], [ 6.989494791721795, 51.375361969816723 ], [ 6.98952233656343, 51.374733377428853 ], [ 6.988517976702583, 51.374716134128903 ], [ 6.987513617838112, 51.374698882224614 ], [ 6.987486045520998, 51.375327473841402 ], [ 6.986481673915729, 51.375310212946992 ], [ 6.986454086863535, 51.375938804099498 ], [ 6.98642649881388, 51.376567395173559 ], [ 6.987430897895973, 51.376584656839668 ], [ 6.988435297975078, 51.376601909900884 ] ] ], [ [ [ 6.993678808149848, 51.417580917398858 ], [ 6.993651278107083, 51.418209506766885 ], [ 6.993623747068139, 51.418838096056561 ], [ 6.994629076755041, 51.418855306037784 ], [ 6.994656594021624, 51.418226716363286 ], [ 6.994684110292525, 51.41759812661045 ], [ 6.994711625567794, 51.416969536779249 ], [ 6.994739139847477, 51.416340946869695 ], [ 6.995744415443457, 51.416358146694527 ], [ 6.995771914957183, 51.41572955632202 ], [ 6.994766653131622, 51.415712356881791 ], [ 6.994794165420277, 51.415083766815528 ], [ 6.993788918360081, 51.415066559143078 ], [ 6.99376139230155, 51.415695148824561 ], [ 6.992756132467468, 51.415677932150381 ], [ 6.992728591642627, 51.41630652136854 ], [ 6.992701049821255, 51.416935110508312 ], [ 6.993706337196482, 51.416952327952458 ], [ 6.993678808149848, 51.417580917398858 ] ] ], [ [ [ 6.992370470217922, 51.424478174072334 ], [ 6.992398024001396, 51.423849585873072 ], [ 6.992425576787767, 51.423220997595436 ], [ 6.991420152674024, 51.423203767681649 ], [ 6.991392586111408, 51.423832355573992 ], [ 6.991365018551189, 51.424460943387956 ], [ 6.992370470217922, 51.424478174072334 ] ] ], [ [ [ 6.989427417139308, 51.51438275674527 ], [ 6.989399733123094, 51.515011334042917 ], [ 6.988392291394099, 51.514994056412583 ], [ 6.98836459252515, 51.515622633245201 ], [ 6.988336892652116, 51.516251209999417 ], [ 6.989344362080007, 51.516268488403043 ], [ 6.989316675053037, 51.516897065465521 ], [ 6.99032415933481, 51.516914335607794 ], [ 6.990296485154907, 51.51754291297835 ], [ 6.991303984290657, 51.517560174858886 ], [ 6.991276322958824, 51.518188752537355 ], [ 6.992283836948647, 51.518206006155758 ], [ 6.993291351940745, 51.518223251125704 ], [ 6.993318985569839, 51.51759467267523 ], [ 6.993346618197208, 51.516966094146397 ], [ 6.993374249822899, 51.516337515539227 ], [ 6.993401880446963, 51.515708936853692 ], [ 6.994409341038073, 51.515726171632373 ], [ 6.995416802630263, 51.515743397763337 ], [ 6.995444404553822, 51.515114818228305 ], [ 6.996451853297059, 51.515132035326246 ], [ 6.996479440371055, 51.514503455327613 ], [ 6.997486876265242, 51.514520663392915 ], [ 6.997514448490677, 51.513892082930873 ], [ 6.998521871535718, 51.513909281963905 ], [ 6.998549428913596, 51.513280701038695 ], [ 6.998576985292589, 51.512652120035185 ], [ 6.998604540672745, 51.512023538953393 ], [ 6.997597159170578, 51.512006341074944 ], [ 6.996589778667699, 51.511989134549879 ], [ 6.995582399164613, 51.511971919378205 ], [ 6.994575020661816, 51.511954695559957 ], [ 6.994602630429387, 51.511326115940378 ], [ 6.993595266773815, 51.511308883861176 ], [ 6.993622889386572, 51.510680304548842 ], [ 6.993650510998129, 51.510051725158171 ], [ 6.993678131608537, 51.509423145689148 ], [ 6.992670810490356, 51.509405906120932 ], [ 6.991663490373775, 51.509388657906982 ], [ 6.9906561712593, 51.509371401047318 ], [ 6.990628509114395, 51.50999997935844 ], [ 6.990600845966837, 51.510628557591204 ], [ 6.991608192771381, 51.510645815223199 ], [ 6.99158054246691, 51.511274393763756 ], [ 6.991552891160191, 51.51190297222594 ], [ 6.990545516663571, 51.51188571382157 ], [ 6.990517850507767, 51.51251429181918 ], [ 6.989510463167204, 51.51249702438195 ], [ 6.988503076829987, 51.512479748298048 ], [ 6.988475381976905, 51.5131083254443 ], [ 6.988447686119927, 51.513736902512136 ], [ 6.989455100152032, 51.513754179369229 ], [ 6.989427417139308, 51.51438275674527 ] ] ], [ [ [ 7.000196088076811, 51.360447602242736 ], [ 7.000168703394659, 51.361076200275576 ], [ 7.001172772066046, 51.361093340496005 ], [ 7.002176841726821, 51.361110472116081 ], [ 7.002204198955152, 51.360481873317255 ], [ 7.003208255877838, 51.360498995954266 ], [ 7.003235598390837, 51.359870396694461 ], [ 7.003262939915535, 51.359241797356368 ], [ 7.003290280451977, 51.358613197940016 ], [ 7.002286264707265, 51.35859607645105 ], [ 7.002313617980499, 51.357967477339074 ], [ 7.002340970265077, 51.357338878148809 ], [ 7.001336982958478, 51.35732174882596 ], [ 7.000332996640985, 51.35730461090391 ], [ 7.000360375384831, 51.356676012401223 ], [ 6.999356403780806, 51.356658866263231 ], [ 6.998352433166827, 51.356641711526272 ], [ 6.998325026975291, 51.357270309262326 ], [ 6.997321043628082, 51.357253145542813 ], [ 6.997293622721685, 51.357881742816929 ], [ 6.997266200824156, 51.358510340012721 ], [ 6.997238777935448, 51.359138937130155 ], [ 6.997211354055513, 51.359767534169258 ], [ 6.998215392302771, 51.35978469942328 ], [ 6.998187981157812, 51.360413296767696 ], [ 6.999192034122147, 51.360430453805272 ], [ 7.000196088076811, 51.360447602242736 ] ] ], [ [ [ 7.002067402924104, 51.363624866528525 ], [ 7.002094764108287, 51.362996268042856 ], [ 7.002122124303436, 51.362367669478878 ], [ 7.002149483509598, 51.361739070836627 ], [ 7.001145400121393, 51.361721938833639 ], [ 7.001118027187307, 51.362350537092972 ], [ 7.000113931060659, 51.362333396106344 ], [ 7.000086543408718, 51.362961993904271 ], [ 7.000059154766751, 51.363590591623876 ], [ 7.00106327835064, 51.36360773337676 ], [ 7.002067402924104, 51.363624866528525 ] ] ], [ [ [ 6.995678631256649, 51.486811449673837 ], [ 6.996685456290787, 51.486828658083702 ], [ 6.996657899343761, 51.487457241143375 ], [ 6.995651060482663, 51.487440032348523 ], [ 6.994644222620491, 51.487422814914638 ], [ 6.994616637020165, 51.488051397125766 ], [ 6.994589050420366, 51.488679979258563 ], [ 6.994561462821043, 51.48930856131301 ], [ 6.99556834216695, 51.489325779902551 ], [ 6.99554076739697, 51.489954362263887 ], [ 6.995513191627871, 51.490582944546908 ], [ 6.996520099631269, 51.490600155266947 ], [ 6.996492536692965, 51.491228737856687 ], [ 6.996464972755947, 51.491857320368112 ], [ 6.996437407820167, 51.492485902801214 ], [ 6.996409841885578, 51.493114485155985 ], [ 6.997416806210676, 51.493131688775577 ], [ 6.99738925310924, 51.49376027143694 ], [ 6.9973616990094, 51.494388854020002 ], [ 6.998368691997467, 51.494406049768237 ], [ 6.999375685983488, 51.494423236875257 ], [ 6.999403212418168, 51.493794653522926 ], [ 6.999430737855443, 51.4931660700923 ], [ 6.999458262295361, 51.492537486583387 ], [ 6.999485785737972, 51.49190890299618 ], [ 6.999513308183322, 51.491280319330677 ], [ 6.999540829631458, 51.490651735586894 ], [ 6.999568350082431, 51.490023151764802 ], [ 6.998561452914139, 51.490005967349347 ], [ 6.998588986197095, 51.489377383833443 ], [ 6.999595869536285, 51.48939456786443 ], [ 6.999623387993068, 51.48876598388577 ], [ 6.99965090545283, 51.488137399828823 ], [ 6.999678421915618, 51.487508815693573 ], [ 6.998671580060738, 51.487491632815924 ], [ 6.998699109353701, 51.486863048986812 ], [ 6.998726637649287, 51.486234465079406 ], [ 6.99973345185046, 51.486251647188219 ], [ 6.99976096532261, 51.485623062818107 ], [ 6.999788477797976, 51.484994478369707 ], [ 6.999815989276606, 51.484365893843012 ], [ 6.998809216552241, 51.484348712887382 ], [ 6.998836740858785, 51.483720128666775 ], [ 6.997829982956165, 51.483702939457594 ], [ 6.996823226051186, 51.483685741610486 ], [ 6.996795674095578, 51.484314325061774 ], [ 6.995788904364279, 51.484297118191833 ], [ 6.995761337585522, 51.48492570117984 ], [ 6.995733769808031, 51.485554284089496 ], [ 6.995706201031755, 51.486182866920842 ], [ 6.995678631256649, 51.486811449673837 ] ] ], [ [ [ 6.993733369826097, 51.508165986516033 ], [ 6.993705751217845, 51.508794566141766 ], [ 6.993678131608537, 51.509423145689148 ], [ 6.994685453727822, 51.509440376611572 ], [ 6.994713059492701, 51.508811796678636 ], [ 6.995720368768111, 51.508829018569905 ], [ 6.995747959688463, 51.508200438173262 ], [ 6.994740664257026, 51.508183216667355 ], [ 6.994768268020847, 51.507554636577737 ], [ 6.993760987433343, 51.507537406811963 ], [ 6.993733369826097, 51.508165986516033 ] ] ], [ [ [ 6.997155931586811, 51.522063622829137 ], [ 6.998163534703088, 51.522080826866393 ], [ 6.998191105070813, 51.521452246959065 ], [ 6.997183515809176, 51.521435043306809 ], [ 6.997211099031535, 51.520806463706187 ], [ 6.996203524623999, 51.520789251789594 ], [ 6.996175927547548, 51.521417831005039 ], [ 6.995168340286429, 51.52140061005376 ], [ 6.995140728354925, 51.522029188805497 ], [ 6.99614832947059, 51.52204641014216 ], [ 6.997155931586811, 51.522063622829137 ] ] ], [ [ [ 6.994781682131643, 51.530200705449772 ], [ 6.995789463402028, 51.530217931797495 ], [ 6.995817074489961, 51.529589353678546 ], [ 6.994809307080641, 51.529572127716364 ], [ 6.994781682131643, 51.530200705449772 ] ] ], [ [ [ 6.996769647446095, 51.530863727918955 ], [ 6.996797245673593, 51.530235149492995 ], [ 6.995789463402028, 51.530217931797495 ], [ 6.995761851312916, 51.530846509838099 ], [ 6.996769647446095, 51.530863727918955 ] ] ], [ [ [ 7.005161739605865, 51.361790415242162 ], [ 7.005134421583759, 51.362419015032032 ], [ 7.005107102574153, 51.363047614743628 ], [ 7.006111217371864, 51.363064713108592 ], [ 7.007115333156626, 51.363081802872529 ], [ 7.008119449927947, 51.363098884035423 ], [ 7.008092171118246, 51.363727484814703 ], [ 7.008064891322437, 51.364356085515752 ], [ 7.008037610540472, 51.364984686138584 ], [ 7.008010328772306, 51.365613286683185 ], [ 7.007006157081222, 51.365596203993078 ], [ 7.006978860595627, 51.366224804077639 ], [ 7.00695156312324, 51.366853404083948 ], [ 7.00594736495614, 51.366836312027985 ], [ 7.00592005276479, 51.367464911574025 ], [ 7.006924264664012, 51.367482004012039 ], [ 7.006896965217901, 51.368110603861858 ], [ 7.005892739586058, 51.368093511041813 ], [ 7.004888514941646, 51.368076409619192 ], [ 7.00486118704242, 51.368705008626485 ], [ 7.004833858155221, 51.369333607555518 ], [ 7.004806528280005, 51.369962206406285 ], [ 7.005810794125107, 51.369979308975687 ], [ 7.006815060957779, 51.369996402941972 ], [ 7.006842363364831, 51.369367803326845 ], [ 7.007846617450424, 51.369384888308083 ], [ 7.007819328777525, 51.370013488305098 ], [ 7.00882359758385, 51.370030565065058 ], [ 7.008796321659068, 51.370659165365566 ], [ 7.008769044748156, 51.371287765587851 ], [ 7.009773342010543, 51.371304834507669 ], [ 7.009746077849189, 51.371933435033263 ], [ 7.008741766851067, 51.37191636573192 ], [ 7.008714487967755, 51.372544965797765 ], [ 7.008687208098171, 51.373173565785407 ], [ 7.009691546569247, 51.373190635849866 ], [ 7.010695886026146, 51.37320769731015 ], [ 7.010723138422233, 51.372579096559591 ], [ 7.011727465127638, 51.372596149034514 ], [ 7.011754702802121, 51.371967547824589 ], [ 7.011781939491867, 51.371338946536483 ], [ 7.012786239709812, 51.371355989645444 ], [ 7.01281346167949, 51.370727387898214 ], [ 7.01284068266502, 51.370098786072781 ], [ 7.011836409917338, 51.370081743725706 ], [ 7.010832138154252, 51.370064692775379 ], [ 7.009827867376258, 51.370047633221823 ], [ 7.00985512858071, 51.3694190324616 ], [ 7.009882388799623, 51.368790431623161 ], [ 7.009909648033041, 51.368161830706526 ], [ 7.010913877609641, 51.368178889116166 ], [ 7.010941122124807, 51.367550287740045 ], [ 7.011945338953503, 51.367567337165937 ], [ 7.011972568751408, 51.366938735330521 ], [ 7.012976772832107, 51.36695577577305 ], [ 7.01300398791374, 51.366327173478588 ], [ 7.014008179246349, 51.366344204938116 ], [ 7.015012371562279, 51.366361227795508 ], [ 7.016016564861039, 51.36637824205075 ], [ 7.017020759142131, 51.366395247703814 ], [ 7.017047918313819, 51.365766643809607 ], [ 7.017075076503716, 51.365138039837277 ], [ 7.016070909685332, 51.365121034944401 ], [ 7.016098080624097, 51.364492431274044 ], [ 7.015093928518517, 51.364475418159643 ], [ 7.015121112205158, 51.36384681479138 ], [ 7.014116974812286, 51.363829793455864 ], [ 7.01311283840255, 51.363812763518972 ], [ 7.012108702976444, 51.36379572498074 ], [ 7.011104568534466, 51.363778677841175 ], [ 7.011131806156292, 51.363150075917687 ], [ 7.010127686428274, 51.363133020558017 ], [ 7.009123567685328, 51.363115956597262 ], [ 7.009150831780218, 51.362487355358169 ], [ 7.009178094889589, 51.36185875404086 ], [ 7.009205357013488, 51.361230152645334 ], [ 7.009232618151962, 51.360601551171598 ], [ 7.009259878305057, 51.359972949619667 ], [ 7.00825582918647, 51.35995587896565 ], [ 7.007251781053711, 51.359938799711529 ], [ 7.006247733907272, 51.359921711857318 ], [ 7.005243687747651, 51.359904615403067 ], [ 7.005216372687764, 51.360533215427687 ], [ 7.005189056640518, 51.361161815374054 ], [ 7.005161739605865, 51.361790415242162 ] ] ], [ [ [ 7.003180912376488, 51.361127595135798 ], [ 7.004184984014551, 51.361144709555127 ], [ 7.004212313788873, 51.360516109991089 ], [ 7.003208255877838, 51.360498995954266 ], [ 7.003180912376488, 51.361127595135798 ] ] ], [ [ [ 7.009527929068187, 51.376962236422706 ], [ 7.010532350956132, 51.376979300171406 ], [ 7.01055960926488, 51.376350699890025 ], [ 7.009555201116684, 51.376333636522745 ], [ 7.008550793954544, 51.376316564550336 ], [ 7.008523508166348, 51.376945164068673 ], [ 7.009527929068187, 51.376962236422706 ] ] ], [ [ [ 7.009336997115168, 51.381362433532523 ], [ 7.009364276067379, 51.380733834180035 ], [ 7.008359772716925, 51.380716759536057 ], [ 7.008332480021541, 51.381345358506856 ], [ 7.009336997115168, 51.381362433532523 ] ] ], [ [ [ 7.009604981714029, 51.398351663209759 ], [ 7.010609872035792, 51.398368731321376 ], [ 7.010637150124935, 51.397740133317214 ], [ 7.010664427227413, 51.397111535234863 ], [ 7.009659564418489, 51.397094467886411 ], [ 7.008654702596679, 51.397077391926473 ], [ 7.008627397981905, 51.39770598924548 ], [ 7.008600092379473, 51.398334586486264 ], [ 7.009604981714029, 51.398351663209759 ] ] ], [ [ [ 7.006344274137127, 51.403957771972969 ], [ 7.007349285326868, 51.403974869360141 ], [ 7.00732195608373, 51.404603465436693 ], [ 7.00729462585192, 51.405232061435036 ], [ 7.007267294631388, 51.405860657355149 ], [ 7.00827234809587, 51.405877747275014 ], [ 7.008245029649605, 51.406506343499011 ], [ 7.008217710215023, 51.407134939644791 ], [ 7.008190389792075, 51.407763535712355 ], [ 7.009195485535557, 51.407780618163848 ], [ 7.010200582266954, 51.407797692000592 ], [ 7.010227875161706, 51.407169095169337 ], [ 7.010255167069089, 51.406540498259879 ], [ 7.009250097865437, 51.406523425186641 ], [ 7.009277402548623, 51.40589482858072 ], [ 7.009304706244034, 51.405266231896604 ], [ 7.009332008951722, 51.404637635134279 ], [ 7.010337036867485, 51.404654707062377 ], [ 7.010364324825858, 51.404026109840146 ], [ 7.01136933996712, 51.404043172772923 ], [ 7.012374356095019, 51.40406022709206 ], [ 7.012401615543838, 51.403431629028837 ], [ 7.011396613177171, 51.403414575091013 ], [ 7.010391611797094, 51.403397512539726 ], [ 7.010418897781244, 51.402768915161111 ], [ 7.009413911148898, 51.402751844378059 ], [ 7.00840892550409, 51.402734764981794 ], [ 7.007403940847315, 51.40271767697233 ], [ 7.007431267124717, 51.402089080661085 ], [ 7.006426297216478, 51.402071984420665 ], [ 7.006453636264905, 51.401443388413448 ], [ 7.005448681105105, 51.401426283942477 ], [ 7.005476032923561, 51.400797688239415 ], [ 7.005503383752633, 51.400169092458107 ], [ 7.004498457099599, 51.40015198013959 ], [ 7.003493531436399, 51.400134859208713 ], [ 7.003466153090536, 51.400763454224645 ], [ 7.003438773754296, 51.401392049162311 ], [ 7.003411393427633, 51.402020644021697 ], [ 7.003384012110498, 51.402649238802823 ], [ 7.004388992810167, 51.402666361264913 ], [ 7.005393974499857, 51.402683475113861 ], [ 7.005366619712968, 51.403312070582182 ], [ 7.005339263936508, 51.403940665972257 ], [ 7.006344274137127, 51.403957771972969 ] ] ], [ [ [ 7.004928808508834, 51.413369587433721 ], [ 7.005934025183348, 51.413386699172491 ], [ 7.005961382040652, 51.41275810457352 ], [ 7.004956179134544, 51.412740993217362 ], [ 7.004928808508834, 51.413369587433721 ] ] ], [ [ [ 7.002571224864103, 51.467428397293233 ], [ 7.00259868083109, 51.466799809806915 ], [ 7.001592293016515, 51.466782656875246 ], [ 7.001564823238319, 51.467411243977878 ], [ 7.002571224864103, 51.467428397293233 ] ] ], [ [ [ 7.007000484837432, 51.481342981430174 ], [ 7.007027893580586, 51.480714393748912 ], [ 7.007055301330837, 51.480085805989432 ], [ 7.008061985250323, 51.480102915159769 ], [ 7.009068670162166, 51.48012001569316 ], [ 7.009096049276542, 51.479491427090153 ], [ 7.010102721358662, 51.479508518604192 ], [ 7.011109394432092, 51.479525601481434 ], [ 7.011136744912452, 51.478897012035695 ], [ 7.012143405155518, 51.478914085894132 ], [ 7.013150066388847, 51.478931151115937 ], [ 7.013177388237047, 51.478302560828311 ], [ 7.013204709095532, 51.477673970462511 ], [ 7.013232028964349, 51.477045380018581 ], [ 7.013259347843545, 51.476416789496483 ], [ 7.012252741890107, 51.476399725801706 ], [ 7.012280073598451, 51.475771135583187 ], [ 7.011273482453764, 51.475754063634454 ], [ 7.011300826990259, 51.475125473719707 ], [ 7.010294250654225, 51.475108393517402 ], [ 7.009287675309172, 51.475091304679651 ], [ 7.009315046490399, 51.474462715451097 ], [ 7.008308485954357, 51.474445618360406 ], [ 7.008281100955593, 51.475074207206475 ], [ 7.007274527593993, 51.475057101097896 ], [ 7.007247127785266, 51.475685689483086 ], [ 7.007219726984014, 51.476314277790067 ], [ 7.007192325190192, 51.476942866018817 ], [ 7.007164922403748, 51.477571454169372 ], [ 7.006158294759869, 51.477554337893835 ], [ 7.006130877160822, 51.478182925583262 ], [ 7.006103458568561, 51.478811513194451 ], [ 7.005096804277568, 51.478794387516544 ], [ 7.00512423669022, 51.478165800288465 ], [ 7.00411759721333, 51.478148666357363 ], [ 7.004090150980335, 51.478777253202132 ], [ 7.004062703753081, 51.479405839968649 ], [ 7.004035255531518, 51.480034426656914 ], [ 7.004007806315599, 51.480663013266934 ], [ 7.003980356105277, 51.481291599798709 ], [ 7.003952904900504, 51.481920186252239 ], [ 7.004959627306945, 51.481937322483383 ], [ 7.004987064688878, 51.481308735646486 ], [ 7.00599377426643, 51.481325862856984 ], [ 7.007000484837432, 51.481342981430174 ] ] ], [ [ [ 7.001829537714901, 51.484400229839814 ], [ 7.002836313427832, 51.484417384880949 ], [ 7.002863782435678, 51.483788799124 ], [ 7.002891250448383, 51.483160213288819 ], [ 7.002918717465993, 51.482531627375366 ], [ 7.001911983225802, 51.48251447348558 ], [ 7.000905249981156, 51.48249731095818 ], [ 7.000877755316099, 51.4831258961039 ], [ 6.999871009243849, 51.483108724554768 ], [ 6.999843499758549, 51.483737309238023 ], [ 6.999815989276607, 51.484365893843012 ], [ 7.000822762997659, 51.484383066160497 ], [ 7.00079526534418, 51.485011651071382 ], [ 7.00180205388662, 51.485028815134697 ], [ 7.001829537714901, 51.484400229839814 ] ] ], [ [ [ 7.002808843424797, 51.485045970559639 ], [ 7.002781372426525, 51.485674556160056 ], [ 7.003788176785731, 51.485691703330239 ], [ 7.003815633958208, 51.485063117346172 ], [ 7.00384309013595, 51.484434531283888 ], [ 7.002836313427832, 51.484417384880949 ], [ 7.002808843424797, 51.485045970559639 ] ] ], [ [ [ 7.001362177181607, 51.495086169208143 ], [ 7.001389676947384, 51.494457585165584 ], [ 7.001417175716711, 51.493829001044745 ], [ 7.001444673489633, 51.493200416845646 ], [ 7.0014721702662, 51.492571832568274 ], [ 7.001499666046459, 51.491943248212628 ], [ 7.000492725393836, 51.491926079924639 ], [ 6.999485785737972, 51.49190890299618 ], [ 6.999458262295361, 51.492537486583387 ], [ 6.999430737855443, 51.4931660700923 ], [ 6.999403212418168, 51.493794653522926 ], [ 7.000410193568987, 51.493811831604368 ], [ 7.00038268096696, 51.494440415341046 ], [ 7.000355167367983, 51.495068998999443 ], [ 7.001362177181607, 51.495086169208143 ] ] ], [ [ [ 6.999293100694552, 51.496308986462509 ], [ 6.999320630121729, 51.495680403345041 ], [ 6.998313608468997, 51.495663215468916 ], [ 6.997306587814315, 51.49564601895117 ], [ 6.997279030718974, 51.496274601299298 ], [ 6.998286065207716, 51.496291798201796 ], [ 6.999293100694552, 51.496308986462509 ] ] ], [ [ [ 7.002259234301155, 51.497617667698925 ], [ 7.001252168153036, 51.497600504595695 ], [ 7.001279671905094, 51.496971920866216 ], [ 7.001307174660509, 51.496343337058462 ], [ 7.000300137178984, 51.49632616608141 ], [ 7.000327652772007, 51.49569758257956 ], [ 6.99932063012173, 51.495680403345041 ], [ 6.999293100694553, 51.496308986462509 ], [ 6.999265570269782, 51.496937569501668 ], [ 6.999238038847369, 51.497566152462539 ], [ 6.999210506427264, 51.498194735345116 ], [ 6.999182973009423, 51.498823318149398 ], [ 7.000190064835471, 51.498840499305928 ], [ 7.001197157658806, 51.498857671819842 ], [ 7.002204251478926, 51.49887483569114 ], [ 7.002231743388158, 51.498246251734159 ], [ 7.002259234301155, 51.497617667698925 ] ] ], [ [ [ 6.998687200820673, 51.510137795238229 ], [ 6.99865964843674, 51.510766376554919 ], [ 6.998632095054113, 51.5113949577933 ], [ 6.9996394637084, 51.511412146640467 ], [ 7.000646833360925, 51.51142932684116 ], [ 7.000619306672945, 51.512057908770352 ], [ 6.999611923173703, 51.512040728185198 ], [ 6.999584381640717, 51.512669309651656 ], [ 6.99857698529259, 51.512652120035185 ], [ 6.998549428913596, 51.513280701038695 ], [ 6.999556839109395, 51.513297891039826 ], [ 7.000564250303579, 51.513315072393901 ], [ 7.001571662495644, 51.513332245100919 ], [ 7.002579075685091, 51.513349409160853 ], [ 7.002606576673108, 51.512720826619841 ], [ 7.002634076664293, 51.512092244000591 ], [ 7.002661575658692, 51.51146366130309 ], [ 7.002689073656356, 51.510835078527322 ], [ 7.002716570657329, 51.510206495673316 ], [ 7.00274406666166, 51.509577912741058 ], [ 7.002771561669399, 51.508949329730534 ], [ 7.002799055680589, 51.508320746641751 ], [ 7.00179175325964, 51.508303585654204 ], [ 7.00078445183569, 51.508286416021122 ], [ 6.999777151409242, 51.50826923774251 ], [ 6.999749615865266, 51.50889781967868 ], [ 6.998742302592652, 51.508880632369973 ], [ 6.998714752205961, 51.509509213843252 ], [ 6.998687200820673, 51.510137795238229 ] ] ], [ [ [ 6.998659648436739, 51.510766376554919 ], [ 6.998687200820672, 51.510137795238229 ], [ 6.99871475220596, 51.509509213843252 ], [ 6.998742302592651, 51.508880632369973 ], [ 6.997734990318587, 51.508863436415595 ], [ 6.996727679043573, 51.508846231815568 ], [ 6.996700100967693, 51.509474812519059 ], [ 6.996672521892212, 51.510103393144242 ], [ 6.997679860856869, 51.510120598514256 ], [ 6.997652294627315, 51.510749179446123 ], [ 6.998659648436739, 51.510766376554919 ] ] ], [ [ [ 6.998328941917802, 51.518309346247968 ], [ 6.998356506289208, 51.51768076587085 ], [ 6.998384069661395, 51.51705218541543 ], [ 6.998411632034412, 51.51642360488173 ], [ 6.998439193408304, 51.515795024269707 ], [ 6.99743172881588, 51.515777824082029 ], [ 6.996424265223032, 51.515760615246563 ], [ 6.996396676148928, 51.516389195088557 ], [ 6.996369086074698, 51.517017774852249 ], [ 6.996341495000295, 51.517646354537597 ], [ 6.996313902925669, 51.518274934144635 ], [ 6.996286309850776, 51.518903513673358 ], [ 6.997293842699045, 51.518920724434444 ], [ 6.997321421921852, 51.518292144520572 ], [ 6.998328941917802, 51.518309346247968 ] ] ], [ [ [ 6.999419111476089, 51.516440796806329 ], [ 6.998411632034412, 51.51642360488173 ], [ 6.998384069661396, 51.51705218541543 ], [ 6.999391562953752, 51.517069377724766 ], [ 7.000399057244779, 51.517086561385888 ], [ 7.000426591916389, 51.516457980082926 ], [ 7.000454125589878, 51.515829398701676 ], [ 6.999446658999804, 51.515812215809596 ], [ 6.999419111476089, 51.516440796806329 ] ] ], [ [ [ 7.017943512196709, 51.368298057108262 ], [ 7.016939275735861, 51.368281058917617 ], [ 7.016912112636545, 51.368909662499277 ], [ 7.017916362831024, 51.368926661069885 ], [ 7.018920614007031, 51.36894365103749 ], [ 7.019924866164071, 51.368960632402114 ], [ 7.020929119301647, 51.368977605163714 ], [ 7.02095622746616, 51.368349000063404 ], [ 7.020983334650677, 51.367720394884998 ], [ 7.021987561301155, 51.367737358285197 ], [ 7.022014653772898, 51.367108752649528 ], [ 7.023018867669956, 51.367125707068077 ], [ 7.023045945429915, 51.366497100975373 ], [ 7.02405014657346, 51.366514046412654 ], [ 7.024077209622625, 51.365885439863142 ], [ 7.02410427169347, 51.365256833235549 ], [ 7.023100098013288, 51.36523988855577 ], [ 7.023073022211009, 51.365868494804609 ], [ 7.022068835778211, 51.365851541143968 ], [ 7.021064650324726, 51.365834578881213 ], [ 7.020060465851049, 51.365817608016386 ], [ 7.020033347874447, 51.366446213049748 ], [ 7.020006228917495, 51.36707481800498 ], [ 7.019002017960142, 51.367057837779036 ], [ 7.018974884290059, 51.367686442276636 ], [ 7.017970660580913, 51.367669453068523 ], [ 7.017943512196709, 51.368298057108262 ] ] ], [ [ [ 7.016857783491795, 51.370166869428203 ], [ 7.016884948555205, 51.369538266002813 ], [ 7.015880685608671, 51.36952125844909 ], [ 7.015853506810687, 51.370149861494326 ], [ 7.016857783491795, 51.370166869428203 ] ] ], [ [ [ 7.012377792035077, 51.38078500647304 ], [ 7.011373285726951, 51.380767957648544 ], [ 7.011400536207285, 51.38013935745505 ], [ 7.010396044627324, 51.380122300405347 ], [ 7.010368780404221, 51.380750900217535 ], [ 7.010341515195226, 51.381379499951535 ], [ 7.011346034261224, 51.381396557763843 ], [ 7.011318781810055, 51.382025157800967 ], [ 7.011291528373397, 51.38265375775989 ], [ 7.011264273951205, 51.383282357640638 ], [ 7.01123701854343, 51.383910957443184 ], [ 7.01023244449941, 51.383893898105512 ], [ 7.010205174360259, 51.384522497448522 ], [ 7.010177903234936, 51.385151096713336 ], [ 7.011182504770947, 51.385168156813727 ], [ 7.011155246406143, 51.385796756381708 ], [ 7.012159862674662, 51.385813808255435 ], [ 7.01213261707137, 51.386442408126427 ], [ 7.013137248072492, 51.386459451773099 ], [ 7.014141880058438, 51.386476486811482 ], [ 7.014114660965523, 51.387105087366145 ], [ 7.015119307683718, 51.387122114176854 ], [ 7.015146513028714, 51.386493513241561 ], [ 7.016151146982821, 51.386510531063315 ], [ 7.016123955385792, 51.387139132379055 ], [ 7.017128604071249, 51.387156141972717 ], [ 7.017155781920265, 51.386527540276731 ], [ 7.018160417840548, 51.386544540881793 ], [ 7.018187580959162, 51.385915938727621 ], [ 7.019192204114177, 51.385932930344438 ], [ 7.020196828250993, 51.385949913353045 ], [ 7.020223962893035, 51.385321310361256 ], [ 7.021228574263948, 51.385338284382172 ], [ 7.021255694178021, 51.384709680932843 ], [ 7.021282813111378, 51.384081077405419 ], [ 7.021309931064071, 51.38345247379992 ], [ 7.021337048036141, 51.38282387011634 ], [ 7.020332491649098, 51.382806897613172 ], [ 7.020359621385321, 51.382178294230897 ], [ 7.020386750140521, 51.381549690770555 ], [ 7.019382222223412, 51.381532710419293 ], [ 7.018377695287775, 51.381515721461177 ], [ 7.017373169334108, 51.381498723896229 ], [ 7.016368644362904, 51.381481717724441 ], [ 7.015364120374662, 51.381464702945856 ], [ 7.015391316866857, 51.380836101307231 ], [ 7.014386807605526, 51.380819078302402 ], [ 7.0133822993281, 51.380802046690995 ], [ 7.013409522322753, 51.38017344573548 ], [ 7.012405028772593, 51.380156405898433 ], [ 7.012377792035077, 51.38078500647304 ] ], [ [ 7.015336922899011, 51.382093304506341 ], [ 7.015309724439855, 51.38272190598866 ], [ 7.015282524997148, 51.383350507392848 ], [ 7.015255324570845, 51.383979108718876 ], [ 7.01625990353805, 51.383996125018967 ], [ 7.016232715874082, 51.384624726647267 ], [ 7.015228123160896, 51.38460770996678 ], [ 7.015200920767256, 51.385236311136516 ], [ 7.01419631529133, 51.385219285467677 ], [ 7.014223531431401, 51.384590684678535 ], [ 7.013218940686094, 51.384573650782585 ], [ 7.013246169587864, 51.383945050296063 ], [ 7.013273397504997, 51.383316449731382 ], [ 7.01330062443754, 51.382687849088541 ], [ 7.01332785038554, 51.382059248367526 ], [ 7.013355075349045, 51.381430647568344 ], [ 7.014359597369877, 51.381447679560488 ], [ 7.015364120374662, 51.381464702945856 ], [ 7.015336922899011, 51.382093304506341 ] ] ], [ [ [ 7.015307749990977, 51.405997135516422 ], [ 7.015280527887258, 51.406625734409808 ], [ 7.016285603007394, 51.406642755796383 ], [ 7.017290679111872, 51.406659768568453 ], [ 7.017317873688726, 51.406031168914112 ], [ 7.017345067281783, 51.405402569181646 ], [ 7.016340018703722, 51.405385557170334 ], [ 7.015334971109905, 51.405368536544884 ], [ 7.015307749990977, 51.405997135516422 ] ] ], [ [ [ 7.017724731894349, 51.419877355407039 ], [ 7.017697529436518, 51.420505953723065 ], [ 7.017670325994306, 51.421134551960982 ], [ 7.016664932208188, 51.421117539056262 ], [ 7.016637714006112, 51.42174613683563 ], [ 7.016610494819064, 51.422374734536874 ], [ 7.017615916156554, 51.422391748202472 ], [ 7.018621338478567, 51.422408753248703 ], [ 7.018648530113697, 51.421780154786752 ], [ 7.019653939643701, 51.421797150833555 ], [ 7.019681116519323, 51.42116855191346 ], [ 7.020686513257228, 51.421185538961176 ], [ 7.021691910978069, 51.421202517389865 ], [ 7.021664761653652, 51.421831117069488 ], [ 7.021637611346752, 51.422459716671035 ], [ 7.022643037601872, 51.422476687239623 ], [ 7.02261590008911, 51.42310528714259 ], [ 7.022588761594268, 51.423733886967497 ], [ 7.023594216385349, 51.423750849675244 ], [ 7.023567090686091, 51.4243794498014 ], [ 7.024572560236558, 51.424396404268407 ], [ 7.025578030768203, 51.424413350115337 ], [ 7.026583502280528, 51.424430287342183 ], [ 7.027588974773037, 51.424447215948888 ], [ 7.027616045360986, 51.423818614307343 ], [ 7.027643114969296, 51.423190012587803 ], [ 7.028648560886097, 51.423206931817681 ], [ 7.028675615737868, 51.422578329641766 ], [ 7.027670183598015, 51.422561410790244 ], [ 7.027697251247188, 51.421932808914676 ], [ 7.026691833863285, 51.421915881822109 ], [ 7.025686417459376, 51.421898946110204 ], [ 7.024681002035962, 51.421882001778975 ], [ 7.024708110033218, 51.421253400961504 ], [ 7.023702709366561, 51.421236448390047 ], [ 7.023729830158143, 51.420607847873612 ], [ 7.02272444424815, 51.420590887062339 ], [ 7.022751577833061, 51.419962286847102 ], [ 7.021746206679638, 51.419945317796397 ], [ 7.021773353056885, 51.419316717882552 ], [ 7.021800498451835, 51.418688117890632 ], [ 7.022805842057396, 51.418705086182456 ], [ 7.022832972696912, 51.418076485733046 ], [ 7.023838303510992, 51.418093445027338 ], [ 7.023865419396069, 51.417464844120644 ], [ 7.023892534299986, 51.416836243135897 ], [ 7.023919648222788, 51.41620764207309 ], [ 7.023946761164524, 51.415579040932229 ], [ 7.023973873125239, 51.41495043971333 ], [ 7.024000984104982, 51.414321838416377 ], [ 7.022995735919847, 51.414304881397229 ], [ 7.022968611169857, 51.414933482315035 ], [ 7.022941485438396, 51.415562083154761 ], [ 7.022914358725419, 51.416190683916419 ], [ 7.021909070209614, 51.416173717142215 ], [ 7.021881928743379, 51.416802317446425 ], [ 7.020876627437991, 51.416785341675116 ], [ 7.020849471217503, 51.417413941521666 ], [ 7.019844157122624, 51.417396956752881 ], [ 7.018838844010896, 51.417379963366237 ], [ 7.017833531882813, 51.417362961361754 ], [ 7.017806333362032, 51.417991559990249 ], [ 7.01777913385706, 51.418620158540612 ], [ 7.01677379516772, 51.41860314715754 ], [ 7.01674658090506, 51.419231745249419 ], [ 7.016719365657616, 51.419860343263167 ], [ 7.017724731894349, 51.419877355407039 ] ] ], [ [ [ 7.009342416680199, 51.473834126144354 ], [ 7.009369785878614, 51.473205536759416 ], [ 7.010376319772421, 51.473222624450329 ], [ 7.010403674163417, 51.472594034604953 ], [ 7.009397154085693, 51.472576947296275 ], [ 7.008390634999258, 51.472559851352969 ], [ 7.008363252976141, 51.473188440433645 ], [ 7.008335869961191, 51.473817029436134 ], [ 7.009342416680199, 51.473834126144354 ] ] ], [ [ [ 7.01611549228907, 51.480239477590494 ], [ 7.016088208938386, 51.480868068787927 ], [ 7.016060924599297, 51.481496659907229 ], [ 7.017067645077322, 51.481513692106354 ], [ 7.0180743665433, 51.481530715667951 ], [ 7.019081088996732, 51.481547730592006 ], [ 7.019108331866946, 51.480919138330165 ], [ 7.019135573750257, 51.480290545990229 ], [ 7.018128878942335, 51.480273531827464 ], [ 7.017122185121774, 51.480256509027541 ], [ 7.017149453662187, 51.479627917370976 ], [ 7.016142774651395, 51.479610886314951 ], [ 7.016170056025409, 51.478982294961284 ], [ 7.015163391824291, 51.478965255649527 ], [ 7.015136096628913, 51.479593846622009 ], [ 7.015108800444724, 51.480222437516339 ], [ 7.01611549228907, 51.480239477590494 ] ] ], [ [ [ 7.013637688076767, 51.490891415569138 ], [ 7.013610360255078, 51.491520004675493 ], [ 7.013583031443179, 51.492148593703718 ], [ 7.013555701641022, 51.492777182653782 ], [ 7.013528370848562, 51.493405771525708 ], [ 7.01252139060979, 51.493388706161419 ], [ 7.012494044994206, 51.494017294573375 ], [ 7.012466698387723, 51.494645882907179 ], [ 7.012439350790292, 51.495274471162816 ], [ 7.013446372528875, 51.495291537672628 ], [ 7.013419037774721, 51.495920126231965 ], [ 7.014426074338118, 51.495937184481747 ], [ 7.015433111891554, 51.495954234089595 ], [ 7.015405803816543, 51.496582823333966 ], [ 7.015378494751946, 51.497211412500199 ], [ 7.016385560965252, 51.497228454228704 ], [ 7.016412856194435, 51.496599864681166 ], [ 7.016440150434531, 51.495971275055517 ], [ 7.016467443685587, 51.495342685351751 ], [ 7.016494735947649, 51.494714095569869 ], [ 7.016522027220767, 51.494085505709869 ], [ 7.016549317504985, 51.493456915771773 ], [ 7.017556301702163, 51.493473946571449 ], [ 7.017583577165071, 51.492845356174165 ], [ 7.018590548518093, 51.492862377951795 ], [ 7.019597520858918, 51.492879391088387 ], [ 7.020604494187046, 51.492896395583927 ], [ 7.020631727165489, 51.492267803966612 ], [ 7.020658959157177, 51.491639212271217 ], [ 7.020686190162158, 51.491010620497768 ], [ 7.019679258328831, 51.490993617143566 ], [ 7.01970650217775, 51.490365025672446 ], [ 7.019733745039555, 51.48973643412328 ], [ 7.018726841853995, 51.48971942288982 ], [ 7.018754097558286, 51.489090831643146 ], [ 7.018781352275057, 51.488462240318391 ], [ 7.017774477735573, 51.48844522120644 ], [ 7.016767604184063, 51.488428193454844 ], [ 7.015760731621026, 51.488411157063588 ], [ 7.015733435417383, 51.489039747245428 ], [ 7.015706138224719, 51.489668337349158 ], [ 7.014699238992428, 51.489651291555568 ], [ 7.014671926980832, 51.490279881199783 ], [ 7.013665014908294, 51.49026282638463 ], [ 7.013637688076767, 51.490891415569138 ] ] ], [ [ [ 7.006534384243477, 51.492028960044642 ], [ 7.006506957619929, 51.492657546318 ], [ 7.006479530002575, 51.493286132513155 ], [ 7.007486504288727, 51.493303249723787 ], [ 7.008493479568233, 51.493320358293388 ], [ 7.00852087952157, 51.492691771332481 ], [ 7.008548278482101, 51.492063184293386 ], [ 7.008575676449873, 51.491434597176074 ], [ 7.007568742664964, 51.491417489754781 ], [ 7.006561809873267, 51.491400373693047 ], [ 7.006534384243477, 51.492028960044642 ] ] ], [ [ [ 7.014262128026583, 51.499708716486978 ], [ 7.013255008446766, 51.499691655946989 ], [ 7.013227666757825, 51.500320243959308 ], [ 7.013200324078012, 51.500948831893481 ], [ 7.014207471333974, 51.500965893196962 ], [ 7.014180141502061, 51.501594481434758 ], [ 7.015187303587315, 51.501611534476346 ], [ 7.016194466662534, 51.501628578874239 ], [ 7.016167163518944, 51.502257167796863 ], [ 7.017174341423098, 51.502274203932274 ], [ 7.018181520316262, 51.502291231423769 ], [ 7.019188700197939, 51.502308250271341 ], [ 7.020195881067628, 51.502325260474962 ], [ 7.021203062924829, 51.502342262034617 ], [ 7.021175827992032, 51.5029708527832 ], [ 7.022183024676445, 51.502987846079108 ], [ 7.023190222347416, 51.503004830730816 ], [ 7.023163014109015, 51.503633422161634 ], [ 7.024170226606839, 51.503650398548977 ], [ 7.024143031223635, 51.504278990281627 ], [ 7.025150258548408, 51.504295958404214 ], [ 7.026157486858332, 51.504312917882167 ], [ 7.026184654558796, 51.503684325390367 ], [ 7.026211821274661, 51.503055732820542 ], [ 7.026238987005971, 51.50242714017272 ], [ 7.025231800218727, 51.502410181833191 ], [ 7.025258978805421, 51.501781589486797 ], [ 7.025286156407155, 51.501152997062398 ], [ 7.024278998284103, 51.501136030838083 ], [ 7.024306188739766, 51.500507438715275 ], [ 7.023299045440925, 51.500490464227127 ], [ 7.023326248749516, 51.499861872406107 ], [ 7.023353451072286, 51.499233280507035 ], [ 7.022346336435308, 51.499216298135423 ], [ 7.021339222784602, 51.499199307120776 ], [ 7.020332110120671, 51.499182307463109 ], [ 7.019324998444015, 51.499165299162435 ], [ 7.018317887755134, 51.499148282218798 ], [ 7.017310778054529, 51.499131256632175 ], [ 7.016303669342701, 51.499114222402625 ], [ 7.016330967539432, 51.49848563308943 ], [ 7.016358264746932, 51.497857043698126 ], [ 7.015351184697712, 51.497840001588308 ], [ 7.014344105638174, 51.497822950835982 ], [ 7.014316780757891, 51.49845153946444 ], [ 7.014289454887375, 51.499080128014775 ], [ 7.014262128026583, 51.499708716486978 ] ] ], [ [ [ 7.008808412204418, 51.532326835830354 ], [ 7.008835846078272, 51.531698252951706 ], [ 7.009843669044491, 51.531715358932402 ], [ 7.009871088060853, 51.531086775592719 ], [ 7.008863278957372, 51.531069669994849 ], [ 7.007855470848596, 51.531052555744338 ], [ 7.007828024106805, 51.531681138318149 ], [ 7.006820203130594, 51.531664015031765 ], [ 7.006792741530406, 51.532292597144135 ], [ 7.006765278934414, 51.532921179178295 ], [ 7.007773127637414, 51.53293830323117 ], [ 7.00780057636976, 51.532309720813757 ], [ 7.008808412204418, 51.532326835830354 ] ] ], [ [ [ 7.006765278934414, 51.532921179178295 ], [ 7.005757431227266, 51.532904046472225 ], [ 7.00474958451647, 51.532886905112967 ], [ 7.004722093196476, 51.53351548630183 ], [ 7.005729953771322, 51.533532628044725 ], [ 7.00673781534257, 51.533549761134253 ], [ 7.006765278934414, 51.532921179178295 ] ] ], [ [ [ 7.025108446351926, 51.365273769313376 ], [ 7.026112621988164, 51.365290696789231 ], [ 7.026139655618717, 51.364662089326686 ], [ 7.027143818501159, 51.364679007822396 ], [ 7.028147982360344, 51.36469591771629 ], [ 7.02817498755245, 51.364067309419603 ], [ 7.028201991768355, 51.363438701044906 ], [ 7.027197855369933, 51.363421791906916 ], [ 7.027224872339323, 51.362793183832117 ], [ 7.026220750647142, 51.362776266470824 ], [ 7.026193719948159, 51.363404874167493 ], [ 7.025189585503529, 51.363387947826659 ], [ 7.024185452036541, 51.363371012884429 ], [ 7.024158392900381, 51.363999619746195 ], [ 7.024131332786039, 51.364628226529895 ], [ 7.02410427169347, 51.365256833235549 ], [ 7.025108446351926, 51.365273769313376 ] ] ], [ [ [ 7.0227480362226, 51.373411763701164 ], [ 7.023752388450073, 51.373428713305451 ], [ 7.024756741656426, 51.373445654305293 ], [ 7.024783801732779, 51.37281704823576 ], [ 7.024810860830794, 51.372188442088174 ], [ 7.0238065350988, 51.372171501845685 ], [ 7.022802210345595, 51.372154552999127 ], [ 7.022775123773762, 51.37278315838919 ], [ 7.0227480362226, 51.373411763701164 ] ] ], [ [ [ 7.028612112997597, 51.377284976115561 ], [ 7.029616553527295, 51.377301876359404 ], [ 7.029589555306456, 51.377930483773447 ], [ 7.029562556109386, 51.378559091109487 ], [ 7.029535555936036, 51.379187698367531 ], [ 7.030540038666945, 51.379204591138468 ], [ 7.030513051259935, 51.379833198696154 ], [ 7.031517548709386, 51.379850083238225 ], [ 7.031544522373681, 51.379221475303126 ], [ 7.032549007055753, 51.379238350861435 ], [ 7.032575966002451, 51.378609742471106 ], [ 7.031571495062644, 51.378592867290038 ], [ 7.03159846677632, 51.377964259198976 ], [ 7.031625437514756, 51.377335651029917 ], [ 7.030620995033181, 51.377318767997536 ], [ 7.030647978537152, 51.3766901601279 ], [ 7.030674961065479, 51.376061552180282 ], [ 7.030701942618211, 51.375432944154667 ], [ 7.030728923195391, 51.374804336051056 ], [ 7.02972453664926, 51.374787445923225 ], [ 7.028720151079129, 51.37477054719043 ], [ 7.028693143023605, 51.375399154538727 ], [ 7.028666133991539, 51.376027761809027 ], [ 7.028639123982885, 51.376656369001296 ], [ 7.028612112997597, 51.377284976115561 ] ] ], [ [ [ 7.029319519397613, 51.38421655362378 ], [ 7.028314927688181, 51.384199649223682 ], [ 7.027310336955942, 51.38418273621577 ], [ 7.026305747201397, 51.384165814600074 ], [ 7.026278696999814, 51.384794420021812 ], [ 7.027283300500857, 51.384811342015801 ], [ 7.027256263068035, 51.385439947737808 ], [ 7.028260881293853, 51.385456861501915 ], [ 7.028287904979638, 51.384828255401807 ], [ 7.029292510435658, 51.384845160179808 ], [ 7.029319519397613, 51.38421655362378 ] ] ], [ [ [ 7.021826476447944, 51.394784297854727 ], [ 7.021799354590782, 51.395412900434088 ], [ 7.021772231752606, 51.396041502935383 ], [ 7.022777078856175, 51.396058466185877 ], [ 7.023781926940306, 51.396075420825014 ], [ 7.023809022267946, 51.395446817565443 ], [ 7.024813857576806, 51.395463763214337 ], [ 7.024840938169586, 51.394835159497859 ], [ 7.024868017782889, 51.394206555703327 ], [ 7.024895096416761, 51.393577951830743 ], [ 7.025899891441971, 51.393594887732498 ], [ 7.025926955343062, 51.392966283403247 ], [ 7.025954018265312, 51.392337678995958 ], [ 7.024949250746404, 51.39232074385145 ], [ 7.023944484206784, 51.392303800096684 ], [ 7.02293971864695, 51.39228684773169 ], [ 7.022912614466134, 51.392915451002551 ], [ 7.021907836133821, 51.392898489648175 ], [ 7.021880717219417, 51.393527092461767 ], [ 7.022885509304987, 51.393544054195367 ], [ 7.022858403163466, 51.394172657310087 ], [ 7.02185359732414, 51.394155695197291 ], [ 7.021826476447944, 51.394784297854727 ] ] ], [ [ [ 7.024597177567811, 51.400492590136508 ], [ 7.023592232202341, 51.40047564145646 ], [ 7.022587287817264, 51.400458684163681 ], [ 7.022560170888516, 51.401087286419667 ], [ 7.02253305297883, 51.401715888597586 ], [ 7.023538024882934, 51.401732846648635 ], [ 7.024542997767525, 51.401749796086584 ], [ 7.024570088157641, 51.401121193150558 ], [ 7.024597177567811, 51.400492590136508 ] ] ], [ [ [ 7.020278759057822, 51.407339355913614 ], [ 7.020251603806865, 51.407967956551758 ], [ 7.021256711372514, 51.407984935624825 ], [ 7.022261819920115, 51.408001906082895 ], [ 7.023266929449166, 51.408018867925961 ], [ 7.023294043406071, 51.407390266149491 ], [ 7.02228894764175, 51.407373304685684 ], [ 7.021283852858835, 51.407356334607051 ], [ 7.020278759057822, 51.407339355913614 ] ] ], [ [ [ 7.028130200454042, 51.411875168295985 ], [ 7.028103148471224, 51.412503771419729 ], [ 7.027097937673689, 51.412486850003773 ], [ 7.027070870943134, 51.413115452671136 ], [ 7.027043803233237, 51.41374405526048 ], [ 7.027016734543952, 51.414372657771807 ], [ 7.026989664875233, 51.415001260205131 ], [ 7.026962594227033, 51.415629862560408 ], [ 7.027967873874256, 51.415646785868319 ], [ 7.027940816017957, 51.416275388523999 ], [ 7.028946110415688, 51.416292303592684 ], [ 7.029951405791996, 51.416309210043728 ], [ 7.030956702146388, 51.416326107877076 ], [ 7.030983718688117, 51.415697504087291 ], [ 7.031010734252309, 51.415068900219524 ], [ 7.031037748839008, 51.414440296273774 ], [ 7.031064762448263, 51.41381169225005 ], [ 7.031091775080119, 51.413183088148344 ], [ 7.031118786734623, 51.412554483968648 ], [ 7.030113573002189, 51.412537588402195 ], [ 7.030140597447974, 51.411908984522306 ], [ 7.029135398461881, 51.411892080717301 ], [ 7.028130200454042, 51.411875168295985 ] ] ], [ [ [ 7.02563937561972, 51.492981288445172 ], [ 7.026646354861159, 51.492998241094 ], [ 7.027653335086399, 51.493015185101626 ], [ 7.027680471238816, 51.492386590826541 ], [ 7.027707606407981, 51.491757996473439 ], [ 7.027734740593941, 51.491129402042347 ], [ 7.026727801864491, 51.491112459171987 ], [ 7.026754948898221, 51.490483865041959 ], [ 7.025748024983314, 51.490466913910268 ], [ 7.02474110205252, 51.490449954138178 ], [ 7.02373418010634, 51.490432985725704 ], [ 7.023706991580102, 51.491061578717357 ], [ 7.023679802068706, 51.491690171630957 ], [ 7.024686751676965, 51.491707140802738 ], [ 7.024659575012151, 51.492335734017978 ], [ 7.024632397362581, 51.492964327155185 ], [ 7.02563937561972, 51.492981288445172 ] ] ], [ [ [ 7.036566955527449, 51.379305767030978 ], [ 7.037571445078747, 51.379322599557334 ], [ 7.038575935602401, 51.379339423477262 ], [ 7.038602812094544, 51.378710812827556 ], [ 7.038629687614874, 51.378082202099961 ], [ 7.038656562163434, 51.377453591294454 ], [ 7.038683435740274, 51.376824980411037 ], [ 7.038710308345437, 51.376196369449723 ], [ 7.038737179978971, 51.375567758410476 ], [ 7.037732771903129, 51.37555093674689 ], [ 7.037759656304645, 51.374922326005773 ], [ 7.036755262940401, 51.374905496113115 ], [ 7.035750870548686, 51.374888657615365 ], [ 7.034746479129995, 51.374871810512552 ], [ 7.033742088684825, 51.374854954804697 ], [ 7.033715149325507, 51.375483564039818 ], [ 7.033688208992126, 51.376112173196987 ], [ 7.034692626916554, 51.376129029658429 ], [ 7.035697045814595, 51.376145877514432 ], [ 7.035670131987897, 51.376774487347063 ], [ 7.035643217188035, 51.377403097101748 ], [ 7.035616301414964, 51.378031706778501 ], [ 7.035589384668637, 51.378660316377307 ], [ 7.035562466949006, 51.37928892589818 ], [ 7.036566955527449, 51.379305767030978 ] ] ], [ [ [ 7.033526546533931, 51.379883826502791 ], [ 7.034531046908032, 51.379900685225252 ], [ 7.035535548256027, 51.379917535341107 ], [ 7.035562466949006, 51.37928892589818 ], [ 7.034557979343911, 51.379272076158983 ], [ 7.033553492712661, 51.379255217813395 ], [ 7.033526546533931, 51.379883826502791 ] ] ], [ [ [ 7.039671475359314, 51.400745786796527 ], [ 7.04067643634352, 51.400762597670244 ], [ 7.041681398299674, 51.400779399930919 ], [ 7.042686361227279, 51.400796193578508 ], [ 7.042713201990914, 51.400167583698547 ], [ 7.042740041783639, 51.399538973740725 ], [ 7.041735106374843, 51.399522180844052 ], [ 7.040730171937406, 51.399505379334684 ], [ 7.039725238471823, 51.39948856921265 ], [ 7.039698357401768, 51.40011717804353 ], [ 7.039671475359314, 51.400745786796527 ] ] ], [ [ [ 7.034565826666459, 51.402547423377463 ], [ 7.035570824064437, 51.402564278446704 ], [ 7.035543883086201, 51.403192885382616 ], [ 7.036548895220113, 51.403209732214989 ], [ 7.036575822436988, 51.402581124902419 ], [ 7.037580821783612, 51.402597962744572 ], [ 7.038585822103816, 51.402614791973136 ], [ 7.038612720824747, 51.401986183829905 ], [ 7.038639618572644, 51.401357575608777 ], [ 7.038666515347552, 51.400728967309739 ], [ 7.038693411149519, 51.400100358932804 ], [ 7.037688465870167, 51.400083531209248 ], [ 7.037715374458209, 51.399454923130634 ], [ 7.036710443911172, 51.399438087170687 ], [ 7.035705514337978, 51.39942124259813 ], [ 7.035678578232133, 51.400049849923718 ], [ 7.035651641151903, 51.400678457171374 ], [ 7.03464668503489, 51.400661603232628 ], [ 7.034619733220404, 51.401290210025515 ], [ 7.034592780430942, 51.401918816740455 ], [ 7.034565826666459, 51.402547423377463 ] ] ], [ [ [ 7.030848626203154, 51.418840522256431 ], [ 7.030821604773032, 51.419469125656335 ], [ 7.030794582365092, 51.420097728978241 ], [ 7.030767558979289, 51.420726332222173 ], [ 7.030740534615572, 51.421354935388116 ], [ 7.031745942138388, 51.42137182762535 ], [ 7.031772952726508, 51.420743224081676 ], [ 7.032778347451141, 51.420760107322117 ], [ 7.032805343286702, 51.420131503322935 ], [ 7.033810725213059, 51.42014837756696 ], [ 7.033837706297056, 51.419519773112484 ], [ 7.033864686404727, 51.41889116858006 ], [ 7.033891665536118, 51.418262563969705 ], [ 7.032886324932351, 51.418245690857624 ], [ 7.031880985305313, 51.418228809127235 ], [ 7.031907991006829, 51.417600205193722 ], [ 7.031934995731165, 51.416971601182212 ], [ 7.032940307812388, 51.416988482157628 ], [ 7.03394562087025, 51.417005354515133 ], [ 7.033972597073083, 51.416376749670917 ], [ 7.034977897334829, 51.416393613033378 ], [ 7.035004858789815, 51.415765007734144 ], [ 7.035031819269251, 51.415136402356978 ], [ 7.035058778773185, 51.414507796901866 ], [ 7.035085737301664, 51.413879191368821 ], [ 7.034080492123957, 51.413862329514579 ], [ 7.033075247922157, 51.413845459043358 ], [ 7.032070004696759, 51.413828579955172 ], [ 7.03209700355899, 51.413199975475855 ], [ 7.03109177508012, 51.413183088148344 ], [ 7.031064762448264, 51.41381169225005 ], [ 7.031037748839009, 51.414440296273774 ], [ 7.031010734252309, 51.415068900219524 ], [ 7.030983718688118, 51.415697504087291 ], [ 7.030956702146389, 51.416326107877076 ], [ 7.030929684627075, 51.416954711588886 ], [ 7.030902666130128, 51.417583315222721 ], [ 7.030875646655503, 51.418211918778567 ], [ 7.030848626203154, 51.418840522256431 ] ] ], [ [ [ 7.035444040076065, 51.428982564935204 ], [ 7.036449617829984, 51.428999418598004 ], [ 7.036476571242167, 51.428370814103602 ], [ 7.035471007270051, 51.428353960817681 ], [ 7.034465444273918, 51.428337098910312 ], [ 7.034438463298176, 51.428965702650743 ], [ 7.035444040076065, 51.428982564935204 ] ] ], [ [ [ 7.037185746621575, 51.435302308065161 ], [ 7.036180030046245, 51.435285459256441 ], [ 7.036153065900655, 51.435914062893715 ], [ 7.036126100779021, 51.436542666453057 ], [ 7.036099134681296, 51.437171269934481 ], [ 7.037104892620105, 51.437188119873682 ], [ 7.037077939335065, 51.437816723654031 ], [ 7.03705098507434, 51.438445327356462 ], [ 7.037024029837883, 51.439073930980989 ], [ 7.03802983012043, 51.439090773425988 ], [ 7.038002887698559, 51.439719377349277 ], [ 7.038002887698559, 51.439719377349284 ], [ 7.03797594430136, 51.440347981194662 ], [ 7.036970116437586, 51.440331137996282 ], [ 7.036943158273653, 51.440959741387054 ], [ 7.036916199133803, 51.441588344699923 ], [ 7.036889239017985, 51.442216947934888 ], [ 7.036862277926156, 51.442845551091921 ], [ 7.037868160958361, 51.442862395797171 ], [ 7.037841212683827, 51.443490999253044 ], [ 7.037814263433688, 51.444119602631005 ], [ 7.037787313207896, 51.44474820593107 ], [ 7.038793238597357, 51.44476504314008 ], [ 7.03876630119076, 51.445393646738822 ], [ 7.039772241350366, 51.445410475697685 ], [ 7.039745316763963, 51.446039079594925 ], [ 7.039718391202763, 51.44666768341429 ], [ 7.040724359928592, 51.44668450449884 ], [ 7.040697447189036, 51.447313108616555 ], [ 7.040670533475088, 51.44794171265638 ], [ 7.039664537155791, 51.447924890819372 ], [ 7.038658541811429, 51.447908060354841 ], [ 7.038631599528127, 51.448536663564113 ], [ 7.038604656269345, 51.449165266695481 ], [ 7.03759863430514, 51.449148426850186 ], [ 7.037571676272445, 51.449777029526999 ], [ 7.036565641485927, 51.449760180676982 ], [ 7.036592613316963, 51.449131578377013 ], [ 7.035586593305309, 51.449114721275997 ], [ 7.034580574270679, 51.449097855547173 ], [ 7.033574556213571, 51.449080981190527 ], [ 7.033601568461326, 51.4484523799443 ], [ 7.032595565179894, 51.448435497337492 ], [ 7.032568539134485, 51.449064098206101 ], [ 7.032541512110557, 51.449692698996756 ], [ 7.031535482211885, 51.449675807006763 ], [ 7.031508440410786, 51.450304407341633 ], [ 7.031481397630574, 51.450933007598543 ], [ 7.031454353871205, 51.451561607777492 ], [ 7.03246042516719, 51.451578500900979 ], [ 7.033466497441879, 51.451595385395947 ], [ 7.033439480303555, 51.452223986252427 ], [ 7.034445567356647, 51.452240862496303 ], [ 7.03441856304076, 51.452869463652327 ], [ 7.035424664872349, 51.45288633164472 ], [ 7.036430767681241, 51.452903191008112 ], [ 7.037436871466939, 51.45292004174253 ], [ 7.037463834380465, 51.45229143945523 ], [ 7.038469925341587, 51.45230828118391 ], [ 7.038496873478474, 51.451679678442019 ], [ 7.038523820639646, 51.451051075622225 ], [ 7.038550766825151, 51.450422472724547 ], [ 7.038577712035035, 51.449793869748966 ], [ 7.039583748773199, 51.449810701342848 ], [ 7.039610679209076, 51.449182097912896 ], [ 7.040616703123837, 51.449198920502425 ], [ 7.040589786486439, 51.449827524308624 ], [ 7.041595825174256, 51.449844338646308 ], [ 7.041622728013127, 51.449215734464012 ], [ 7.041649629877968, 51.448587130203862 ], [ 7.042655641943216, 51.448603935161643 ], [ 7.043661654981949, 51.448620731491658 ], [ 7.043688528277607, 51.447992126402113 ], [ 7.04469452849166, 51.448008913728856 ], [ 7.04466766899367, 51.448637519193888 ], [ 7.044640808523192, 51.449266124581079 ], [ 7.045646837305616, 51.449282904030781 ], [ 7.045619989661313, 51.449911509715463 ], [ 7.046626033214531, 51.449928280912268 ], [ 7.046599198397404, 51.450556886894226 ], [ 7.047605256721512, 51.450573649837736 ], [ 7.04861131601675, 51.450590404152791 ], [ 7.049617376282621, 51.450607149839392 ], [ 7.049590581893408, 51.451235756867788 ], [ 7.050596656929358, 51.45125249430027 ], [ 7.050569875370405, 51.451881101625268 ], [ 7.051575965176521, 51.451897830803226 ], [ 7.051602732934987, 51.451269223104049 ], [ 7.051629499724269, 51.450640615327131 ], [ 7.051656265544414, 51.450012007472424 ], [ 7.050650217138262, 51.449995279416967 ], [ 7.049644169701698, 51.449978542733213 ], [ 7.048638123235223, 51.449961797421153 ], [ 7.048664929483111, 51.449333190611725 ], [ 7.049670962150689, 51.449349935549243 ], [ 7.049697753629636, 51.44872132828749 ], [ 7.05070377346881, 51.448738064222589 ], [ 7.050676995788307, 51.449366671858662 ], [ 7.05168303039547, 51.449383399539968 ], [ 7.05170979427748, 51.448754791529758 ], [ 7.052715816055149, 51.448771510208971 ], [ 7.052742565170123, 51.448142901747048 ], [ 7.052769313316643, 51.447514293207377 ], [ 7.052796060494757, 51.446885684589958 ], [ 7.052822806704512, 51.446257075894785 ], [ 7.052849551945951, 51.445628467121857 ], [ 7.053855505706678, 51.445645175304499 ], [ 7.053882236184258, 51.445016566080135 ], [ 7.054888177117115, 51.445033265262246 ], [ 7.054914892831832, 51.444404655586645 ], [ 7.054941607579369, 51.443776045833324 ], [ 7.053935694236293, 51.443759347398171 ], [ 7.053962421810842, 51.443130737940592 ], [ 7.052956523229494, 51.443114031252655 ], [ 7.052929781860848, 51.443742640336581 ], [ 7.051923870453532, 51.443725924648575 ], [ 7.051897114322208, 51.444354533280887 ], [ 7.050891190089017, 51.444337808592415 ], [ 7.049885266824997, 51.444321075277365 ], [ 7.04991205054528, 51.443692467393369 ], [ 7.049938833295938, 51.443063859431582 ], [ 7.050944728971543, 51.443080591998132 ], [ 7.051950625616227, 51.443097315938502 ], [ 7.051977379810341, 51.442468707150667 ], [ 7.05200413303592, 51.441840098285084 ], [ 7.052030885293011, 51.441211489341725 ], [ 7.05205763658166, 51.440582880320619 ], [ 7.052084386901909, 51.439954271221765 ], [ 7.05208438690191, 51.439954271221758 ], [ 7.052111136253811, 51.439325662045135 ], [ 7.051105322362685, 51.439308940348837 ], [ 7.05009950944036, 51.439292210027517 ], [ 7.050126285404941, 51.438663601521263 ], [ 7.051132084536797, 51.438680331468426 ], [ 7.051158845742153, 51.438051722510252 ], [ 7.051185605978801, 51.437423113474289 ], [ 7.050179834426388, 51.437406384275441 ], [ 7.049174063843138, 51.437389646452161 ], [ 7.049200850689023, 51.436761038086907 ], [ 7.050206607483346, 51.436777775535859 ], [ 7.050233379571188, 51.436149166718486 ], [ 7.050260150689962, 51.435520557823352 ], [ 7.051265880876946, 51.435537285899834 ], [ 7.052271612032456, 51.435554005352415 ], [ 7.053277344155992, 51.435570716181111 ], [ 7.05325061440129, 51.436199326198022 ], [ 7.053223883679014, 51.436827936137192 ], [ 7.054229644346809, 51.43684463908906 ], [ 7.055235405981726, 51.436861333416601 ], [ 7.056241168583268, 51.43687801911981 ], [ 7.056267857939562, 51.436249408060561 ], [ 7.056294546329776, 51.435620796923608 ], [ 7.056321233753957, 51.434992185708929 ], [ 7.05634792021215, 51.434363574416537 ], [ 7.056374605704401, 51.433734963046426 ], [ 7.056401290230759, 51.433106351598603 ], [ 7.055395610353985, 51.433089668134237 ], [ 7.055422307700211, 51.432461056981793 ], [ 7.054416642575457, 51.432444365267536 ], [ 7.0534109784175, 51.432427664930309 ], [ 7.052405315226843, 51.432410955970127 ], [ 7.05139965300398, 51.432394238387005 ], [ 7.050393991749411, 51.43237751218097 ], [ 7.050367225475289, 51.433006121465006 ], [ 7.049361551404071, 51.432989386261816 ], [ 7.048355878302189, 51.432972642435558 ], [ 7.048382672147145, 51.432344033900236 ], [ 7.047377013800444, 51.432327281825572 ], [ 7.04637135642403, 51.432310521128073 ], [ 7.045365700018399, 51.432293751807748 ], [ 7.045392534247978, 51.431665144319105 ], [ 7.045419367506322, 51.431036536752636 ], [ 7.044413739640898, 51.431019759559916 ], [ 7.044440585711768, 51.430391152290817 ], [ 7.044467430810997, 51.429762544943863 ], [ 7.045473031109491, 51.429779321386199 ], [ 7.046478632379082, 51.429796089206512 ], [ 7.047484234619271, 51.429812848404765 ], [ 7.04751103739861, 51.42918423985504 ], [ 7.047537839207896, 51.428555631227518 ], [ 7.048543414852967, 51.428572381054522 ], [ 7.048570201910382, 51.427943771974611 ], [ 7.048596987998335, 51.427315162816903 ], [ 7.04862377311687, 51.426686553581391 ], [ 7.048650557266035, 51.426057944268088 ], [ 7.047645036745424, 51.426041195939298 ], [ 7.047671833705135, 51.425412586922739 ], [ 7.046666327934171, 51.425395830347775 ], [ 7.04566082313348, 51.425379065152093 ], [ 7.04568764668202, 51.424750456807345 ], [ 7.045714469259836, 51.424121848384758 ], [ 7.045741290866972, 51.423493239884344 ], [ 7.04473582837326, 51.423476467193261 ], [ 7.044708992987887, 51.424105075318593 ], [ 7.044682156631337, 51.424733683366078 ], [ 7.043676667551876, 51.424716901304365 ], [ 7.043649816444914, 51.425345508898729 ], [ 7.043622964366185, 51.425974116415247 ], [ 7.043596111315643, 51.426602723853904 ], [ 7.04356925729324, 51.427231331214728 ], [ 7.043542402298931, 51.427859938497704 ], [ 7.043515546332667, 51.428488545702834 ], [ 7.043488689394406, 51.429117152830102 ], [ 7.042483104822225, 51.429100359519325 ], [ 7.042456233129291, 51.429728966193188 ], [ 7.041450635747074, 51.429712163884886 ], [ 7.041423749298472, 51.43034077010514 ], [ 7.040418139106312, 51.430323958798922 ], [ 7.039412529887784, 51.430307138870603 ], [ 7.039385614899036, 51.430935744260871 ], [ 7.039358698936111, 51.431564349573243 ], [ 7.039331781998963, 51.432192954807732 ], [ 7.039304864087542, 51.432821559964324 ], [ 7.039277945201808, 51.433450165043027 ], [ 7.039251025341709, 51.434078770043833 ], [ 7.038245334389226, 51.434061939235157 ], [ 7.038218399768293, 51.434690543781677 ], [ 7.038191464172407, 51.435319148250279 ], [ 7.037185746621575, 51.435302308065161 ] ] ], [ [ [ 7.034391557747071, 51.453498064730404 ], [ 7.033385443092093, 51.453481187731562 ], [ 7.033358423018862, 51.454109788354216 ], [ 7.033331401967238, 51.454738388898917 ], [ 7.034337544226098, 51.454755266652761 ], [ 7.034364551475533, 51.454126665730556 ], [ 7.034391557747071, 51.453498064730404 ] ] ], [ [ [ 7.034202493308854, 51.457898270094717 ], [ 7.035208705564322, 51.457915141105765 ], [ 7.035235703899205, 51.457286540195874 ], [ 7.034229505448469, 51.457269669562201 ], [ 7.034202493308854, 51.457898270094717 ] ] ], [ [ [ 7.037885163618127, 51.48941256040672 ], [ 7.037858170683381, 51.490041158851717 ], [ 7.037831176770572, 51.490669757218818 ], [ 7.038838112455814, 51.490686604664226 ], [ 7.038811131396342, 51.491315203330394 ], [ 7.039818081890685, 51.491332042511893 ], [ 7.039845049118665, 51.490703443468973 ], [ 7.040851986758627, 51.490720273633052 ], [ 7.041858925375196, 51.490737095156447 ], [ 7.041885863963942, 51.49010849528274 ], [ 7.041912801576626, 51.489479895331186 ], [ 7.042919713507539, 51.489496707461541 ], [ 7.042946636314076, 51.488868107055993 ], [ 7.043953535390327, 51.48888491017005 ], [ 7.043980443391716, 51.488256309310707 ], [ 7.044007350418184, 51.487627708373537 ], [ 7.04300047900079, 51.487610906011348 ], [ 7.043027398881061, 51.486982305372266 ], [ 7.042020542267674, 51.486965494746428 ], [ 7.041013686630115, 51.486948675481045 ], [ 7.040986739092628, 51.487577275367705 ], [ 7.040959790578766, 51.488205875176504 ], [ 7.039952908259959, 51.488189046518585 ], [ 7.038946026918076, 51.488172209220743 ], [ 7.038973003089968, 51.487543610165162 ], [ 7.038999978284485, 51.486915011031705 ], [ 7.037993125577414, 51.486898165847784 ], [ 7.036986273848171, 51.486881312024387 ], [ 7.036959270996812, 51.48750991040388 ], [ 7.036932267167077, 51.488138508705482 ], [ 7.037939146553615, 51.488155363283042 ], [ 7.037912155574856, 51.488783961883833 ], [ 7.037885163618127, 51.48941256040672 ] ] ], [ [ [ 7.035601100486537, 51.495664814502327 ], [ 7.036608144879885, 51.495681682247955 ], [ 7.036635160453784, 51.495053084881221 ], [ 7.036662175048745, 51.494424487436603 ], [ 7.035655158324606, 51.494407620445784 ], [ 7.034648142579858, 51.494390744813209 ], [ 7.034621100316235, 51.495019341502847 ], [ 7.033614071717118, 51.495002456850777 ], [ 7.033587014638796, 51.495631053084686 ], [ 7.034594057072674, 51.495647938114566 ], [ 7.034567012849126, 51.496276534648359 ], [ 7.035574070098297, 51.496293411413731 ], [ 7.035601100486537, 51.495664814502327 ] ] ], [ [ [ 7.025530710507308, 51.495495661731759 ], [ 7.026537745083285, 51.495512615897887 ], [ 7.02656489900362, 51.494884022313919 ], [ 7.025557878262027, 51.494867068527142 ], [ 7.025530710507308, 51.495495661731759 ] ] ], [ [ [ 7.024633622021005, 51.516239193713837 ], [ 7.025641113412567, 51.516256160403962 ], [ 7.026648605789671, 51.516273118445746 ], [ 7.026675778355557, 51.515644527056708 ], [ 7.025668299829411, 51.515627569394411 ], [ 7.024660822288761, 51.515610603083964 ], [ 7.024633622021005, 51.516239193713837 ] ] ], [ [ [ 7.046933029470965, 51.371930336048422 ], [ 7.045928696068522, 51.371913585474644 ], [ 7.045901926424695, 51.372542199607736 ], [ 7.045875155812987, 51.373170813662988 ], [ 7.045848384233352, 51.3737994276404 ], [ 7.045821611685744, 51.374428041539979 ], [ 7.045794838170116, 51.375056655361732 ], [ 7.045768063686423, 51.375685269105631 ], [ 7.045741288234619, 51.376313882771704 ], [ 7.045714511814657, 51.376942496359945 ], [ 7.045687734426491, 51.377571109870324 ], [ 7.045660956070075, 51.378199723302892 ], [ 7.045634176745364, 51.378828336657605 ], [ 7.045607396452308, 51.379456949934493 ], [ 7.045580615190865, 51.380085563133541 ], [ 7.046585127218925, 51.380102318575723 ], [ 7.046611894736961, 51.379473705002134 ], [ 7.047616393989506, 51.379490451463141 ], [ 7.04764314679669, 51.378861837437348 ], [ 7.048647633273629, 51.378878574917564 ], [ 7.048674371370955, 51.378249960439817 ], [ 7.048701108501472, 51.377621345884251 ], [ 7.048727844665228, 51.376992731250894 ], [ 7.047723399414327, 51.376975994893115 ], [ 7.046718955130638, 51.376959249929449 ], [ 7.046745717809672, 51.37633063596671 ], [ 7.046772479521045, 51.375702021926145 ], [ 7.046799240264801, 51.375073407807754 ], [ 7.047803643327057, 51.375090151648514 ], [ 7.048808047356386, 51.375106886883977 ], [ 7.048834779653554, 51.374478271939381 ], [ 7.048861510984191, 51.373849656916988 ], [ 7.048888241348343, 51.373221041816791 ], [ 7.047883878536123, 51.373204307703574 ], [ 7.047910621671879, 51.37257569289963 ], [ 7.048914970746054, 51.372592426638789 ], [ 7.049919320786622, 51.372609151773403 ], [ 7.050923671793088, 51.372625868303452 ], [ 7.051928023764955, 51.372642576228905 ], [ 7.052932376701728, 51.372659275549772 ], [ 7.053936730602912, 51.372675966266002 ], [ 7.053963390345795, 51.372047349142832 ], [ 7.054967731473067, 51.372064030881518 ], [ 7.055972073563712, 51.372080704015723 ], [ 7.056976416617235, 51.372097368545461 ], [ 7.057980760633137, 51.372114024470669 ], [ 7.05800736446256, 51.371485405779353 ], [ 7.058033967330144, 51.370856787010332 ], [ 7.059038284833402, 51.370873433586787 ], [ 7.059064873002672, 51.37024481436795 ], [ 7.05909146021069, 51.369616195071416 ], [ 7.059118046457502, 51.368987575697169 ], [ 7.059144631743153, 51.368358956245231 ], [ 7.059171216067692, 51.367730336715582 ], [ 7.059197799431161, 51.367101717108227 ], [ 7.059224381833607, 51.366473097423182 ], [ 7.059250963275077, 51.365844477660431 ], [ 7.058246755650107, 51.365827834060468 ], [ 7.057242548986566, 51.365811181857886 ], [ 7.056238343284946, 51.365794521052734 ], [ 7.055234138545743, 51.365777851644999 ], [ 7.054229934769455, 51.365761173634716 ], [ 7.054203284663187, 51.366389791535411 ], [ 7.053199068117484, 51.366373104549602 ], [ 7.053172403314444, 51.367001721999557 ], [ 7.053145737547408, 51.367630339371743 ], [ 7.053119070816328, 51.368258956666182 ], [ 7.052114814033274, 51.368242259958073 ], [ 7.052088132603349, 51.368870876801516 ], [ 7.051083863050168, 51.36885417111673 ], [ 7.050079594462112, 51.368837456828516 ], [ 7.049075326839677, 51.368820733936893 ], [ 7.048071060183359, 51.368804002441863 ], [ 7.048044322848246, 51.369432617712697 ], [ 7.048017584546475, 51.370061232905712 ], [ 7.047990845277998, 51.370689848020916 ], [ 7.04796410504277, 51.371318463058302 ], [ 7.046959784409996, 51.371301721463077 ], [ 7.046933029470965, 51.371930336048422 ] ] ], [ [ [ 7.044776726817727, 51.398943922909865 ], [ 7.045781651378819, 51.398960689593444 ], [ 7.045808447955104, 51.398332078354727 ], [ 7.044803537152315, 51.398315312046009 ], [ 7.043798627319299, 51.398298537124901 ], [ 7.042793718456554, 51.398281753591462 ], [ 7.042766880605505, 51.398910363705014 ], [ 7.042740041783639, 51.399538973740725 ], [ 7.043744978163297, 51.399555758024654 ], [ 7.04474991551332, 51.399572533695874 ], [ 7.044776726817727, 51.398943922909865 ] ] ], [ [ [ 7.04265951949269, 51.401424803380621 ], [ 7.043664497151446, 51.401441588790398 ], [ 7.043691325125837, 51.400812978613004 ], [ 7.042686361227279, 51.400796193578508 ], [ 7.04265951949269, 51.401424803380621 ] ] ], [ [ [ 7.045821749864767, 51.421607413916149 ], [ 7.04579493116939, 51.422236022650033 ], [ 7.046800367078658, 51.422252785971281 ], [ 7.047805803957966, 51.422269540672787 ], [ 7.048811241806821, 51.422286286754527 ], [ 7.048838019171684, 51.42165767689665 ], [ 7.049843444212655, 51.421674413984348 ], [ 7.050848870222129, 51.421691142452431 ], [ 7.050875619065079, 51.421062531768413 ], [ 7.050902366940072, 51.420433921006619 ], [ 7.05092911384715, 51.419805310167028 ], [ 7.050955859786363, 51.419176699249689 ], [ 7.050982604757754, 51.418548088254568 ], [ 7.049977247625699, 51.418531361656761 ], [ 7.048971891461915, 51.418514626440299 ], [ 7.048998663013467, 51.417886016115645 ], [ 7.04799332159235, 51.417869272654976 ], [ 7.046987981140455, 51.417852520575899 ], [ 7.045982641658277, 51.417835759878422 ], [ 7.045955828785168, 51.418464369079281 ], [ 7.044950476499448, 51.41844759938845 ], [ 7.044923648881821, 51.419076208136474 ], [ 7.045929014941798, 51.419092978202301 ], [ 7.045902200128118, 51.419721587247508 ], [ 7.045875384344085, 51.420350196214883 ], [ 7.045848567589649, 51.420978805104433 ], [ 7.045821749864767, 51.421607413916149 ] ] ], [ [ [ 7.041643381521388, 51.495765891343318 ], [ 7.042650431781139, 51.495782707235705 ], [ 7.042623498241367, 51.496411306784985 ], [ 7.043630563312782, 51.49642811441116 ], [ 7.044637629359724, 51.496444913394846 ], [ 7.044664535228083, 51.495816313093627 ], [ 7.044691440121461, 51.495187712714603 ], [ 7.043684401745478, 51.495170914482642 ], [ 7.043711319498649, 51.494542314401649 ], [ 7.042704295932781, 51.494525507903624 ], [ 7.042731226544745, 51.493896908120817 ], [ 7.041724217788899, 51.493880093357156 ], [ 7.041697273342801, 51.494508692763731 ], [ 7.041670327920312, 51.495137292092451 ], [ 7.041643381521388, 51.495765891343318 ] ] ], [ [ [ 7.047536129763389, 51.381376293073586 ], [ 7.047509373086341, 51.382004906788097 ], [ 7.047482615441713, 51.382633520424783 ], [ 7.048487184384117, 51.382650260150101 ], [ 7.048460439517843, 51.38327887408321 ], [ 7.049465023173405, 51.383295605574936 ], [ 7.049491754293653, 51.382666991267811 ], [ 7.050496325169823, 51.382683713777865 ], [ 7.050523041577858, 51.382055099019119 ], [ 7.050549757019801, 51.381426484182583 ], [ 7.049545213634289, 51.381409762420155 ], [ 7.04957194185477, 51.380781147879645 ], [ 7.048567413180339, 51.380764417883967 ], [ 7.04854067121532, 51.381393032050489 ], [ 7.047536129763389, 51.381376293073586 ] ] ], [ [ [ 7.045859805359516, 51.491432896142108 ], [ 7.045832920147317, 51.492061497363693 ], [ 7.044825949965269, 51.492044709652056 ], [ 7.044799049946096, 51.492673310420209 ], [ 7.044772148952176, 51.493301911110542 ], [ 7.045779146800272, 51.493318699573429 ], [ 7.046786145622661, 51.493335479394752 ], [ 7.046813018949988, 51.49270687795336 ], [ 7.046839891303566, 51.492078276434157 ], [ 7.046866762683446, 51.491449674837149 ], [ 7.045859805359516, 51.491432896142108 ] ] ], [ [ [ 7.059171216067692, 51.367730336715582 ], [ 7.059144631743155, 51.368358956245231 ], [ 7.059118046457503, 51.368987575697169 ], [ 7.060122323713846, 51.369004212553776 ], [ 7.060148895264417, 51.368375592729961 ], [ 7.061153159746298, 51.368392220611277 ], [ 7.061126601930851, 51.369020840806783 ], [ 7.061100043155236, 51.369649460924592 ], [ 7.061073483419406, 51.370278080964731 ], [ 7.060069177730663, 51.370261451968332 ], [ 7.059064873002672, 51.37024481436795 ], [ 7.059038284833403, 51.370873433586787 ], [ 7.059011695702836, 51.371502052727919 ], [ 7.058985105610925, 51.372130671791361 ], [ 7.059989451550103, 51.372147310507479 ], [ 7.059962874234858, 51.372775929865135 ], [ 7.060967234873027, 51.372792560348451 ], [ 7.061971596471641, 51.372809182226973 ], [ 7.06199814631064, 51.372180562126026 ], [ 7.062024695189739, 51.371551941947395 ], [ 7.06205124310898, 51.370923321691087 ], [ 7.063055564454453, 51.370939933850771 ], [ 7.063029030272411, 51.371568554478415 ], [ 7.064033366314446, 51.37158515840499 ], [ 7.064006844910786, 51.372213779326124 ], [ 7.065011195649471, 51.372230375019221 ], [ 7.064984687025184, 51.372858996233674 ], [ 7.064958177442438, 51.3734876173705 ], [ 7.065962556616691, 51.373504205200511 ], [ 7.066966936748954, 51.373520784425445 ], [ 7.066940453686389, 51.374149406226024 ], [ 7.066913969666263, 51.374778027948992 ], [ 7.06791837823536, 51.374794599309702 ], [ 7.068922787761565, 51.374811162064908 ], [ 7.068896330264688, 51.37543978445094 ], [ 7.069900754488002, 51.3754563389707 ], [ 7.069927198244384, 51.374827716214611 ], [ 7.069953641044648, 51.374199093380938 ], [ 7.069980082888843, 51.373570470469659 ], [ 7.070984466848183, 51.37358701527414 ], [ 7.071988851763058, 51.373603551473451 ], [ 7.072993237632964, 51.373620079067578 ], [ 7.073019637303835, 51.372991454969792 ], [ 7.073046036020214, 51.372362830794444 ], [ 7.073072433782146, 51.371734206541539 ], [ 7.073098830589674, 51.371105582211079 ], [ 7.072094499673368, 51.371089056094675 ], [ 7.071090169711914, 51.371072521373868 ], [ 7.070085840705808, 51.371055978048666 ], [ 7.069081512655544, 51.37103942611909 ], [ 7.068077185561622, 51.371022865585147 ], [ 7.067072859424534, 51.371006296446872 ], [ 7.066068534244778, 51.37098971870428 ], [ 7.066095026257117, 51.370361096886135 ], [ 7.065090715772031, 51.370344510909987 ], [ 7.065117220562935, 51.369715889384963 ], [ 7.065143724395607, 51.369087267782298 ], [ 7.065170227270094, 51.368458646101985 ], [ 7.06519672918644, 51.36783002434403 ], [ 7.065223230144694, 51.367201402508435 ], [ 7.064218989294425, 51.367184809782771 ], [ 7.063214749402701, 51.367168208454011 ], [ 7.062210510470017, 51.367151598522149 ], [ 7.062237051671548, 51.366522977722148 ], [ 7.061232827432084, 51.36650635955867 ], [ 7.061259381407313, 51.365877739052443 ], [ 7.060255171860978, 51.365861112657768 ], [ 7.060281738608915, 51.365232492445479 ], [ 7.059277543755616, 51.365215857819983 ], [ 7.059250963275077, 51.365844477660431 ], [ 7.059224381833609, 51.366473097423182 ], [ 7.059197799431161, 51.367101717108227 ], [ 7.059171216067692, 51.367730336715582 ] ] ], [ [ [ 7.05778755574088, 51.400418449220631 ], [ 7.057760921377583, 51.401047064709559 ], [ 7.057734286050785, 51.401675680120782 ], [ 7.057707649760441, 51.4023042954543 ], [ 7.058712655685957, 51.402320952034778 ], [ 7.058686032193902, 51.402949567663008 ], [ 7.058659407738705, 51.403578183213526 ], [ 7.05966444215167, 51.403594831924686 ], [ 7.059637830496207, 51.404223447769759 ], [ 7.059611217878008, 51.404852063537142 ], [ 7.059584604297027, 51.405480679226841 ], [ 7.059557989753216, 51.406109294838842 ], [ 7.060563080183726, 51.406125936424097 ], [ 7.060536478441997, 51.406754552330511 ], [ 7.060509875737846, 51.407383168159235 ], [ 7.060483272071227, 51.408011783910283 ], [ 7.060456667442092, 51.408640399583653 ], [ 7.060430061850395, 51.409269015179355 ], [ 7.061435222073262, 51.409285650009259 ], [ 7.061408629286448, 51.409914265899225 ], [ 7.061382035537478, 51.410542881711507 ], [ 7.06238722425802, 51.410559508668989 ], [ 7.062413804238959, 51.40993089248493 ], [ 7.063418980153129, 51.409947510454444 ], [ 7.064424157028458, 51.409964119807768 ], [ 7.065429334864453, 51.40998072054488 ], [ 7.066434513660614, 51.409997312665752 ], [ 7.066461037609301, 51.409368694918889 ], [ 7.067466203597368, 51.409385278052696 ], [ 7.068471370544561, 51.409401852570433 ], [ 7.069476538450384, 51.409418418472043 ], [ 7.070481707314337, 51.409434975757549 ], [ 7.070508175234062, 51.408806356451038 ], [ 7.071513331288202, 51.40882290475038 ], [ 7.071539784483387, 51.408194284996277 ], [ 7.072544927727621, 51.40821082430984 ], [ 7.073550071928402, 51.40822735500759 ], [ 7.073523646267257, 51.408855975501133 ], [ 7.074528805191179, 51.408872497952515 ], [ 7.075533965070702, 51.408889011787863 ], [ 7.075560363197623, 51.408260390555647 ], [ 7.076565510265068, 51.408276895405898 ], [ 7.077570658287072, 51.408293391640278 ], [ 7.078575807263138, 51.40830987925878 ], [ 7.078602163134819, 51.40768125684248 ], [ 7.078628518052982, 51.407052634348688 ], [ 7.07865487201767, 51.406424011777389 ], [ 7.078681225028928, 51.405795389128592 ], [ 7.079686319894266, 51.405811866657373 ], [ 7.079712658187312, 51.405183243562647 ], [ 7.079738995527517, 51.404554620390442 ], [ 7.079765331914928, 51.403925997140753 ], [ 7.079791667349587, 51.403297373813558 ], [ 7.078786627540588, 51.403280897758407 ], [ 7.077781588684788, 51.403264413088884 ], [ 7.076776550782688, 51.403247919804997 ], [ 7.075771513834782, 51.403231417906802 ], [ 7.074766477841569, 51.403214907394272 ], [ 7.073761442803546, 51.403198388267455 ], [ 7.072756408721209, 51.403181860526374 ], [ 7.071751375595056, 51.403165324171027 ], [ 7.070746343425584, 51.403148779201445 ], [ 7.070719884122512, 51.403777399206156 ], [ 7.069714839147287, 51.403760845252236 ], [ 7.069741312213288, 51.40313222561764 ], [ 7.068736281958667, 51.403115663419648 ], [ 7.068709795129783, 51.403744282683917 ], [ 7.067704752070496, 51.40372771150124 ], [ 7.066699709969924, 51.403711131704192 ], [ 7.065694668828563, 51.403694543292822 ], [ 7.065721196945821, 51.403065925140652 ], [ 7.065747724103418, 51.402437306910862 ], [ 7.064742711446669, 51.402420710627332 ], [ 7.064769251406354, 51.401792092690968 ], [ 7.064795790405972, 51.401163474676977 ], [ 7.064822328445568, 51.400534856585338 ], [ 7.064848865525187, 51.399906238416051 ], [ 7.065853823138093, 51.399922833215371 ], [ 7.066858781710434, 51.399939419401534 ], [ 7.067863741241712, 51.399955996974512 ], [ 7.068868701731428, 51.399972565934291 ], [ 7.068895182811968, 51.399343946204425 ], [ 7.068921662934612, 51.39871532639696 ], [ 7.068948142099402, 51.398086706511904 ], [ 7.067943222887762, 51.398070138663442 ], [ 7.067969714853112, 51.397441519071201 ], [ 7.066964810358095, 51.39742494298072 ], [ 7.066991315123011, 51.396796323681471 ], [ 7.065986425344523, 51.396779739349384 ], [ 7.064981536525241, 51.396763146405092 ], [ 7.065008067845963, 51.396134527769988 ], [ 7.06503459820703, 51.395505909057242 ], [ 7.065061127608486, 51.394877290266869 ], [ 7.065087656050379, 51.394248671398849 ], [ 7.065114183532753, 51.393620052453187 ], [ 7.065140710055653, 51.392991433429891 ], [ 7.064135904731753, 51.392974834100272 ], [ 7.064162444049435, 51.392346215370459 ], [ 7.063157653439621, 51.39232960780113 ], [ 7.062152863790181, 51.392312991621012 ], [ 7.062126296964219, 51.392941609608052 ], [ 7.06209972917734, 51.393570227517422 ], [ 7.061094912980133, 51.393553601983143 ], [ 7.061068330477227, 51.394182219443145 ], [ 7.060063501486461, 51.394165584925837 ], [ 7.060036904266534, 51.394794201936243 ], [ 7.0590320624823, 51.394777558435536 ], [ 7.05900545054436, 51.395406174996147 ], [ 7.05897883764383, 51.39603479147906 ], [ 7.057973969309804, 51.396018138622253 ], [ 7.057947341689724, 51.396646754655144 ], [ 7.057920713106466, 51.39727537061033 ], [ 7.057894083559982, 51.397903986487819 ], [ 7.057867453050227, 51.398532602287581 ], [ 7.057840821577157, 51.399161218009638 ], [ 7.057814189140723, 51.399789833653983 ], [ 7.05778755574088, 51.400418449220631 ] ] ], [ [ [ 7.053660943398265, 51.402866196758985 ], [ 7.054665959228127, 51.402882888167639 ], [ 7.054639279723691, 51.403511502227289 ], [ 7.055644310280924, 51.403528185395047 ], [ 7.055670976023118, 51.402899570962404 ], [ 7.056675993782743, 51.402916245143224 ], [ 7.056702644798516, 51.402287630260034 ], [ 7.0567292948502, 51.401659015299124 ], [ 7.05675594393784, 51.401030400260503 ], [ 7.056782592061481, 51.400401785144155 ], [ 7.056809239221173, 51.399773169950095 ], [ 7.055804290265529, 51.399756497633199 ], [ 7.055777629346037, 51.400385112454494 ], [ 7.054772667595039, 51.400368431151684 ], [ 7.054745991950844, 51.400997045522288 ], [ 7.053741017404585, 51.400980355233166 ], [ 7.053714327034695, 51.401608969152861 ], [ 7.053687635699271, 51.402237582994793 ], [ 7.053660943398265, 51.402866196758985 ] ] ], [ [ [ 7.05280627966381, 51.42298179615964 ], [ 7.053811736130535, 51.422998499515828 ], [ 7.054817193563865, 51.423015194251946 ], [ 7.055822651963302, 51.423031880367986 ], [ 7.055849333854245, 51.42240326797193 ], [ 7.055876014779628, 51.42177465549814 ], [ 7.055902694739491, 51.421146042946631 ], [ 7.055929373733885, 51.420517430317396 ], [ 7.054923970442282, 51.420500745693829 ], [ 7.0539185681166, 51.420484052450959 ], [ 7.052913166757341, 51.42046735058878 ], [ 7.05288644643445, 51.421095962098128 ], [ 7.051881032266035, 51.421079251242993 ], [ 7.051854297199609, 51.421707862300906 ], [ 7.051827561165675, 51.422336473281042 ], [ 7.052833002887731, 51.422353184883548 ], [ 7.05280627966381, 51.42298179615964 ] ] ], [ [ [ 7.054683700728091, 51.426158253200555 ], [ 7.05568922802352, 51.426174941182403 ], [ 7.056694756284789, 51.426191620543179 ], [ 7.056721429224, 51.425563008162754 ], [ 7.056748101197915, 51.424934395704618 ], [ 7.05677477220658, 51.424305783168769 ], [ 7.056801442250042, 51.423677170555202 ], [ 7.055795969106748, 51.423660492686317 ], [ 7.054790496929108, 51.423643806197141 ], [ 7.0547637993282, 51.424272418064589 ], [ 7.053758314338058, 51.42425572258179 ], [ 7.053731601991798, 51.424884333998151 ], [ 7.05473710076109, 51.424901029854311 ], [ 7.054710401227737, 51.425529641566293 ], [ 7.054683700728091, 51.426158253200555 ] ] ], [ [ [ 7.052592459052876, 51.428010683569084 ], [ 7.052565727123371, 51.428639294145356 ], [ 7.053571307611012, 51.428656000863668 ], [ 7.054576889065673, 51.428672698960185 ], [ 7.054603593430945, 51.428044087636877 ], [ 7.054630296829743, 51.427415476235836 ], [ 7.053624742938861, 51.42739877888615 ], [ 7.053598025758424, 51.428027389913787 ], [ 7.052592459052876, 51.428010683569084 ] ] ], [ [ [ 7.057406971073382, 51.433123026439759 ], [ 7.057433640848125, 51.432494414541296 ], [ 7.056427973791267, 51.432477740073061 ], [ 7.05640129023076, 51.433106351598603 ], [ 7.057406971073382, 51.433123026439759 ] ] ], [ [ [ 7.056347920212152, 51.434363574416537 ], [ 7.056321233753957, 51.434992185708929 ], [ 7.056294546329778, 51.435620796923608 ], [ 7.057300282320438, 51.43563747325652 ], [ 7.057273607718478, 51.43626608476643 ], [ 7.058279358462975, 51.436282752848122 ], [ 7.059285110172554, 51.436299412305594 ], [ 7.059311757197865, 51.435670800050325 ], [ 7.058306019276633, 51.435654140965426 ], [ 7.058332679125253, 51.435025529005046 ], [ 7.058359338008883, 51.434396916966961 ], [ 7.057353628627795, 51.434380250003557 ], [ 7.057380300333287, 51.43375163826051 ], [ 7.056374605704403, 51.433734963046426 ], [ 7.056347920212152, 51.434363574416537 ] ] ], [ [ [ 7.056980123358402, 51.443180806246808 ], [ 7.057006808584295, 51.442552195591681 ], [ 7.056000920895424, 51.442535515155626 ], [ 7.055974221875795, 51.443164125437676 ], [ 7.056980123358402, 51.443180806246808 ] ] ], [ [ [ 7.058965270618011, 51.443842753309127 ], [ 7.058991929221383, 51.443214141986125 ], [ 7.059018586859664, 51.442585530585411 ], [ 7.058012697239207, 51.442568867401619 ], [ 7.057986025807097, 51.443197478429624 ], [ 7.056980123358402, 51.443180806246808 ], [ 7.05695343716642, 51.443809416824223 ], [ 7.057959353409398, 51.44382608937994 ], [ 7.058965270618011, 51.443842753309127 ] ] ], [ [ [ 7.052318958283717, 51.505379432187084 ], [ 7.053326226846528, 51.505396158626482 ], [ 7.053353021782779, 51.504767556039347 ], [ 7.053379815747901, 51.504138953374479 ], [ 7.053406608741943, 51.503510350631892 ], [ 7.053433400764952, 51.502881747811557 ], [ 7.052426187571766, 51.502865022869202 ], [ 7.051418975350069, 51.502848289282255 ], [ 7.050411764100359, 51.502831547050747 ], [ 7.050384930552524, 51.503460148747742 ], [ 7.050358096032154, 51.504088750366989 ], [ 7.0503312605392, 51.504717351908475 ], [ 7.051338513315098, 51.50473409526392 ], [ 7.05131169069258, 51.505362697102306 ], [ 7.051284867097887, 51.505991298862938 ], [ 7.052292148532636, 51.506008034322186 ], [ 7.052318958283717, 51.505379432187084 ] ] ], [ [ [ 7.066887484688533, 51.375406649594346 ], [ 7.066913969666263, 51.374778027948992 ], [ 7.065909562054772, 51.374761447982827 ], [ 7.065883063336684, 51.375390069257548 ], [ 7.066887484688533, 51.375406649594346 ] ] ], [ [ [ 7.068737565191997, 51.379211517137449 ], [ 7.069742071868697, 51.379228073877748 ], [ 7.06976852136274, 51.378599451587235 ], [ 7.069794969900392, 51.377970829219109 ], [ 7.069821417481697, 51.377342206773399 ], [ 7.070825883885773, 51.377358753797076 ], [ 7.070799450046991, 51.377987376612694 ], [ 7.07180393114944, 51.378003915399773 ], [ 7.072808413207242, 51.378020445580326 ], [ 7.0738128962199, 51.378036967154323 ], [ 7.073839288830834, 51.377408343230165 ], [ 7.072834819560837, 51.377391822025473 ], [ 7.072861224959621, 51.376763198393071 ], [ 7.071856770386555, 51.37674666895154 ], [ 7.07085231676875, 51.376730130903887 ], [ 7.069847864106705, 51.376713584250091 ], [ 7.068843412400914, 51.376697028990186 ], [ 7.067838961651872, 51.376680465124217 ], [ 7.066834511860075, 51.376663892652161 ], [ 7.066808024009256, 51.377292514064635 ], [ 7.067812487542944, 51.377309086907154 ], [ 7.067786012476724, 51.377937708612492 ], [ 7.067759536453169, 51.378566330240197 ], [ 7.067733059472229, 51.379194951790303 ], [ 7.068737565191997, 51.379211517137449 ] ] ], [ [ [ 7.060716878978304, 51.426258251775266 ], [ 7.060743496796093, 51.425629637904805 ], [ 7.060770113650578, 51.425001023956654 ], [ 7.059764609091281, 51.424984379824764 ], [ 7.059737978456869, 51.425612993400698 ], [ 7.059711346858655, 51.426241606898941 ], [ 7.060716878978304, 51.426258251775266 ] ] ], [ [ [ 7.062589782111808, 51.453338505620636 ], [ 7.061583654068117, 51.453321870617557 ], [ 7.06057752698876, 51.453305226985009 ], [ 7.060550880542397, 51.453933837810119 ], [ 7.060524233131156, 51.454562448557567 ], [ 7.061530387815903, 51.454579092934701 ], [ 7.062536543465076, 51.454595728681959 ], [ 7.062509922695844, 51.455224340096152 ], [ 7.063516093112477, 51.455240967585453 ], [ 7.063542700078175, 51.454612355799341 ], [ 7.063569306080445, 51.453983743935595 ], [ 7.063595911119333, 51.453355131994208 ], [ 7.062589782111808, 51.453338505620636 ] ] ], [ [ [ 7.064570938563779, 51.477904196034586 ], [ 7.064597552600386, 51.477275586299648 ], [ 7.064624165672905, 51.476646976487082 ], [ 7.063617523709442, 51.476630353619839 ], [ 7.062610882710519, 51.476613722115914 ], [ 7.062584241995834, 51.477242331184513 ], [ 7.061577588140939, 51.477225690671659 ], [ 7.061550932639653, 51.477854299290321 ], [ 7.062557600316062, 51.477870940175457 ], [ 7.062530957671157, 51.478499549088774 ], [ 7.063537640134759, 51.478516181708962 ], [ 7.063511010347234, 51.479144790916749 ], [ 7.064517707598121, 51.479161415271598 ], [ 7.064544323563039, 51.478532805691913 ], [ 7.064570938563779, 51.477904196034586 ] ] ], [ [ [ 7.058450838706597, 51.479690146848675 ], [ 7.058424137872242, 51.480318754038585 ], [ 7.059430857940751, 51.480335422326306 ], [ 7.059457544951732, 51.479706814763489 ], [ 7.059484230995942, 51.479078207122988 ], [ 7.059510916073426, 51.478449599404826 ], [ 7.05850423747354, 51.478432932235791 ], [ 7.058477538573681, 51.479061539581068 ], [ 7.058450838706597, 51.479690146848675 ] ] ], [ [ [ 7.059690337230611, 51.497953072637792 ], [ 7.06069744649238, 51.497969734084641 ], [ 7.060724132916831, 51.497341127951032 ], [ 7.059717037492534, 51.497324466876996 ], [ 7.058709943035805, 51.497307797159962 ], [ 7.058683228936453, 51.497936402547758 ], [ 7.059690337230611, 51.497953072637792 ] ] ], [ [ [ 7.072993237632964, 51.373620079067578 ], [ 7.072966837007554, 51.374248703087794 ], [ 7.072940435427561, 51.374877327030461 ], [ 7.073944849731873, 51.374893846757921 ], [ 7.073971237571685, 51.374265222445985 ], [ 7.07399762445741, 51.373636598056507 ], [ 7.072993237632964, 51.373620079067578 ] ] ], [ [ [ 7.073654520511123, 51.381808709070746 ], [ 7.073628121218707, 51.382437332452042 ], [ 7.072623541993527, 51.382420808292473 ], [ 7.072597127999802, 51.383049431226802 ], [ 7.071592535983211, 51.383032898089738 ], [ 7.070587944922341, 51.383016356344612 ], [ 7.070561502479277, 51.383644978461973 ], [ 7.070535059079952, 51.38427360050175 ], [ 7.070508614724323, 51.384902222463943 ], [ 7.071513247027791, 51.38491876531851 ], [ 7.072517880287112, 51.38493529956444 ], [ 7.073522514501793, 51.384951825201696 ], [ 7.073548917613201, 51.384323202130624 ], [ 7.074553539034577, 51.384339718789953 ], [ 7.0745799274435, 51.383711095272083 ], [ 7.075584536071482, 51.383727602953869 ], [ 7.076589145653243, 51.383744102027329 ], [ 7.077593756188285, 51.383760592492429 ], [ 7.078598367676111, 51.383777074349155 ], [ 7.078624700141614, 51.383148449278757 ], [ 7.079629298834331, 51.383164922158834 ], [ 7.079655616600687, 51.382536296642684 ], [ 7.079681933415341, 51.381907671049035 ], [ 7.079708249278339, 51.381279045377902 ], [ 7.078703691824845, 51.381262573602548 ], [ 7.077699135323456, 51.381246093219595 ], [ 7.077725477725627, 51.380617468207596 ], [ 7.07775181917524, 51.379988843118085 ], [ 7.07777815967234, 51.379360217951067 ], [ 7.078782674939108, 51.379376697228807 ], [ 7.079787191157846, 51.379393167899508 ], [ 7.079813503214671, 51.3787645419184 ], [ 7.079839814320067, 51.378135915859794 ], [ 7.079866124474078, 51.377507289723688 ], [ 7.079892433676751, 51.376878663510091 ], [ 7.079918741928129, 51.376250037219002 ], [ 7.078914294424061, 51.376233568389175 ], [ 7.077909847871736, 51.376217090953268 ], [ 7.076905402271653, 51.37620060491129 ], [ 7.076879052794584, 51.376829230097336 ], [ 7.076852702364734, 51.377457855205861 ], [ 7.076826350982057, 51.378086480236867 ], [ 7.076799998646506, 51.378715105190345 ], [ 7.076773645358039, 51.379343730066296 ], [ 7.075769131996703, 51.379327233574514 ], [ 7.074764619588826, 51.379310728475758 ], [ 7.074738237858867, 51.379939352536425 ], [ 7.074711855174908, 51.380567976519558 ], [ 7.074685471536902, 51.381196600425156 ], [ 7.074659086944803, 51.381825224253205 ], [ 7.073654520511123, 51.381808709070746 ] ] ], [ [ [ 7.073073515476874, 51.395638405544169 ], [ 7.073047095170987, 51.39626702721926 ], [ 7.073020673909419, 51.396895648816781 ], [ 7.072994251692124, 51.397524270336753 ], [ 7.073999161929232, 51.397540794752352 ], [ 7.073972752514758, 51.39816941656423 ], [ 7.073946342144961, 51.398798038298558 ], [ 7.073919930819797, 51.399426659955324 ], [ 7.074924883289589, 51.399443176866221 ], [ 7.074898484769141, 51.400071798814743 ], [ 7.075903451954026, 51.400088307481589 ], [ 7.075929836714297, 51.399459685163968 ], [ 7.076934791093424, 51.399476184848567 ], [ 7.076961161139554, 51.398847562084512 ], [ 7.076987530231807, 51.398218939242945 ], [ 7.075982603371629, 51.398202440296139 ], [ 7.076008985268782, 51.397573817745929 ], [ 7.076035366211651, 51.396945195118199 ], [ 7.075030467822675, 51.396928688296754 ], [ 7.075056861568997, 51.396300065960553 ], [ 7.074051977892401, 51.39628355089598 ], [ 7.074078384441184, 51.395654928851478 ], [ 7.073073515476874, 51.395638405544169 ] ] ], [ [ [ 7.067994288393926, 51.420716973486485 ], [ 7.067967774717665, 51.42134559057795 ], [ 7.067941260081906, 51.421974207591788 ], [ 7.0679147444866, 51.422602824528049 ], [ 7.067888227931707, 51.42323144138669 ], [ 7.066882757977811, 51.423214858713187 ], [ 7.066856226684525, 51.423843475123391 ], [ 7.06682969443106, 51.424472091455982 ], [ 7.066803161217369, 51.425100707710968 ], [ 7.066776627043407, 51.425729323888334 ], [ 7.066750091909127, 51.42635793998808 ], [ 7.066723555814486, 51.42698655601022 ], [ 7.067729108448375, 51.42700314090888 ], [ 7.067702585175065, 51.42763175722429 ], [ 7.067676060941798, 51.428260373462116 ], [ 7.067649535748528, 51.428888989622322 ], [ 7.067623009595211, 51.42951760570493 ], [ 7.067596482481799, 51.430146221709933 ], [ 7.067569954408246, 51.430774837637323 ], [ 7.068575590700241, 51.430791416138845 ], [ 7.068549075451277, 51.431420032359398 ], [ 7.069554726487782, 51.431436602608827 ], [ 7.069581227951923, 51.430807986017697 ], [ 7.069607728456876, 51.430179369348991 ], [ 7.069634228002684, 51.429550752602701 ], [ 7.069660726589394, 51.428922135778826 ], [ 7.070666323448653, 51.428938695923925 ], [ 7.070692807293435, 51.428310078652139 ], [ 7.071698391328328, 51.428326629804957 ], [ 7.07172486043218, 51.42769801208545 ], [ 7.071751328578065, 51.427069394288381 ], [ 7.07275688600653, 51.427085936079386 ], [ 7.073762444392419, 51.427102469248801 ], [ 7.073788884017394, 51.426473850634515 ], [ 7.074794429578641, 51.426490374812786 ], [ 7.075799976096268, 51.426506890369637 ], [ 7.076805523569776, 51.426523397305033 ], [ 7.076831920894538, 51.425894777505199 ], [ 7.077837455542229, 51.425911275450161 ], [ 7.077863838130948, 51.425282655203894 ], [ 7.078869359952726, 51.425299144158807 ], [ 7.079874882728803, 51.425315624492612 ], [ 7.079901236802177, 51.424687003431558 ], [ 7.079927589921795, 51.424058382293005 ], [ 7.078922094705817, 51.424041902696281 ], [ 7.078948460651031, 51.423413281848781 ], [ 7.078974825642084, 51.422784660923782 ], [ 7.079001189679022, 51.422156039921298 ], [ 7.079027552761891, 51.421527418841322 ], [ 7.079053914890736, 51.420898797683854 ], [ 7.080059341215179, 51.420915275438055 ], [ 7.080085688613233, 51.420286653834616 ], [ 7.081091102114296, 51.42030312260075 ], [ 7.081117434782552, 51.419674500551558 ], [ 7.081143766497917, 51.419045878424896 ], [ 7.08013838054908, 51.419029410395297 ], [ 7.080164725086965, 51.418400788559424 ], [ 7.08019106867155, 51.417772166646053 ], [ 7.080217411302884, 51.417143544655225 ], [ 7.08024375298101, 51.416514922586899 ], [ 7.081249083831367, 51.416531389143572 ], [ 7.081275410782956, 51.415902766629557 ], [ 7.082280728812557, 51.415919224199719 ], [ 7.08328604779428, 51.415935673151601 ], [ 7.083259748389581, 51.416564296401461 ], [ 7.08323344803321, 51.417192919573857 ], [ 7.08423879551408, 51.417209360642701 ], [ 7.084265082096438, 51.416580737102656 ], [ 7.085270416754469, 51.416597169185323 ], [ 7.085296688612098, 51.415968545200407 ], [ 7.085322959519099, 51.415339921138035 ], [ 7.085349229475517, 51.414711296998249 ], [ 7.085375498481396, 51.414082672781042 ], [ 7.084370218914611, 51.414066242168069 ], [ 7.083364940298816, 51.414049802937342 ], [ 7.082359662634509, 51.414033355088876 ], [ 7.082333352312572, 51.414661978203291 ], [ 7.081328061828321, 51.414645521369117 ], [ 7.080322772296599, 51.414629055917054 ], [ 7.080349110162349, 51.414000433538824 ], [ 7.07934383535549, 51.41398395983726 ], [ 7.079370186039601, 51.413355337749898 ], [ 7.079396535770281, 51.412726715585052 ], [ 7.078391289458992, 51.412710234002937 ], [ 7.077386044101588, 51.412693743803544 ], [ 7.076380799698564, 51.412677244986938 ], [ 7.076354408655627, 51.413305866045576 ], [ 7.075349151436821, 51.413289358242636 ], [ 7.075322745667803, 51.413917978854613 ], [ 7.074317475633305, 51.413901462064949 ], [ 7.074291055137209, 51.414530082230073 ], [ 7.074264633685102, 51.415158702317655 ], [ 7.07423821127694, 51.415787322327695 ], [ 7.074211787912676, 51.416415942260201 ], [ 7.0732064637449, 51.416399415374798 ], [ 7.073180025650935, 51.417028034860188 ], [ 7.072174688666294, 51.41701149898671 ], [ 7.072148235841632, 51.417640118024785 ], [ 7.072121782059736, 51.41826873698529 ], [ 7.072095327320561, 51.418897355868239 ], [ 7.07206887162406, 51.419525974673618 ], [ 7.07106348049778, 51.419509428701751 ], [ 7.070058090329367, 51.419492874110638 ], [ 7.069052701119321, 51.419476310900301 ], [ 7.069026203137732, 51.420104928517546 ], [ 7.068999704197236, 51.4207335460572 ], [ 7.067994288393926, 51.420716973486485 ] ] ], [ [ [ 7.07331282432125, 51.437788973827395 ], [ 7.074318618026852, 51.437805504658861 ], [ 7.075324412689657, 51.437822026865433 ], [ 7.075350841008437, 51.437193408830183 ], [ 7.076356622837823, 51.437209922042513 ], [ 7.077362405623367, 51.437226426630097 ], [ 7.078368189364574, 51.437242922592915 ], [ 7.078341802416301, 51.437871541735561 ], [ 7.079347600902931, 51.437888029442341 ], [ 7.080353400344273, 51.437904508524134 ], [ 7.080379759711979, 51.437275888644187 ], [ 7.081385546317182, 51.437292358732599 ], [ 7.082391333876052, 51.437308820196172 ], [ 7.08241766470984, 51.436680199502248 ], [ 7.082443994590503, 51.436051578730861 ], [ 7.082470323518088, 51.435422957882047 ], [ 7.082496651492638, 51.434794336955761 ], [ 7.081490919090374, 51.434777876964766 ], [ 7.081517259899843, 51.434149256329135 ], [ 7.080511542238925, 51.434132788082373 ], [ 7.080537895882315, 51.433504167737581 ], [ 7.079532192962652, 51.433487691235456 ], [ 7.078526490997381, 51.433471206109672 ], [ 7.078552871260468, 51.43284258642457 ], [ 7.077547184036814, 51.432826093044021 ], [ 7.077520789986998, 51.433454712360273 ], [ 7.077494394981797, 51.434083331598998 ], [ 7.076488681139623, 51.434066828856913 ], [ 7.075482968253382, 51.434050317491035 ], [ 7.07447725632357, 51.434033797501399 ], [ 7.073471545350686, 51.434017268888034 ], [ 7.073497995504333, 51.433388651126734 ], [ 7.072492299275873, 51.433372114259477 ], [ 7.07148660400529, 51.433355568768704 ], [ 7.070480909693086, 51.433339014654436 ], [ 7.070454418178586, 51.433967631305642 ], [ 7.070427925705165, 51.434596247879263 ], [ 7.071433647591678, 51.434612802733994 ], [ 7.071407167947191, 51.435241419600288 ], [ 7.07138068734419, 51.435870036389026 ], [ 7.07135420578263, 51.436498653100173 ], [ 7.07235996999295, 51.436515200441221 ], [ 7.072333501262225, 51.437143817444912 ], [ 7.07333928022014, 51.437160356531358 ], [ 7.07331282432125, 51.437788973827395 ] ], [ [ 7.078473727606491, 51.434728445247394 ], [ 7.078500109779403, 51.434099825717283 ], [ 7.079505825531945, 51.434116311211753 ], [ 7.079479457146802, 51.434744931110558 ], [ 7.078473727606491, 51.434728445247394 ] ] ], [ [ [ 7.067800416533987, 51.496828904648503 ], [ 7.068807505843449, 51.496845496206674 ], [ 7.068834079640371, 51.496216886942427 ], [ 7.068860652474324, 51.495588277600596 ], [ 7.067853590838046, 51.495571686784906 ], [ 7.066846530165191, 51.495555087326643 ], [ 7.065839470456258, 51.495538479225822 ], [ 7.065866083834674, 51.494909870920658 ], [ 7.064859038925869, 51.494893254549119 ], [ 7.064832411711751, 51.495521862482484 ], [ 7.063825353932168, 51.495505237096637 ], [ 7.06379871191697, 51.496133844580392 ], [ 7.063772068936299, 51.496762451986505 ], [ 7.063745424990111, 51.497391059315021 ], [ 7.064752524279666, 51.497407685816889 ], [ 7.065759624534284, 51.497424303675693 ], [ 7.066766725753465, 51.497440912891371 ], [ 7.067773827936707, 51.497457513463935 ], [ 7.067800416533987, 51.496828904648503 ] ] ], [ [ [ 7.078097869844847, 51.395720935960817 ], [ 7.078071518324931, 51.396349559481116 ], [ 7.079076405817301, 51.396366040096851 ], [ 7.079050067102015, 51.396994663908103 ], [ 7.080054969304958, 51.397011136279879 ], [ 7.080081294262372, 51.396382512100345 ], [ 7.081086183659647, 51.396398975491557 ], [ 7.081112493907435, 51.395770350866442 ], [ 7.080107618267581, 51.395753887843306 ], [ 7.080133941320632, 51.395125263508788 ], [ 7.080160263421568, 51.394496639096779 ], [ 7.079155416247136, 51.394480168198079 ], [ 7.079129080389817, 51.395108792241828 ], [ 7.078124220411611, 51.395092312363019 ], [ 7.078097869844847, 51.395720935960817 ] ] ], [ [ [ 7.089011178514815, 51.375140609986602 ], [ 7.089037360246461, 51.374511980158566 ], [ 7.089063541031461, 51.373883350253138 ], [ 7.089089720869857, 51.373254720270296 ], [ 7.089115899761693, 51.372626090210055 ], [ 7.089142077707018, 51.371997460072421 ], [ 7.088137717842129, 51.371981071262915 ], [ 7.088111526157927, 51.372609701034186 ], [ 7.088085333526717, 51.373238330728064 ], [ 7.088059139948452, 51.373866960344522 ], [ 7.087054739812543, 51.373850561830437 ], [ 7.087028531546859, 51.374479191002919 ], [ 7.087002322333535, 51.375107820097959 ], [ 7.086976112172525, 51.375736449115593 ], [ 7.087980553530882, 51.375752848729448 ], [ 7.08800674995058, 51.375124219345217 ], [ 7.089011178514815, 51.375140609986602 ] ] ], [ [ [ 7.08674825254257, 51.405298342465088 ], [ 7.087753341251883, 51.405314750705195 ], [ 7.087779568475787, 51.404686124592601 ], [ 7.087805794750873, 51.404057498402594 ], [ 7.088810856880064, 51.404073897294218 ], [ 7.088784644369223, 51.404702523850894 ], [ 7.08875843091006, 51.405331150330177 ], [ 7.088732216502531, 51.405959776732054 ], [ 7.089737320874359, 51.405976168108396 ], [ 7.089763521516603, 51.405347541340021 ], [ 7.090768613071016, 51.405363923734704 ], [ 7.0907424261941, 51.405992550869392 ], [ 7.091747532461259, 51.406008925015023 ], [ 7.0917737055728, 51.405380297514213 ], [ 7.092778799021461, 51.405396662678534 ], [ 7.092804957421204, 51.40476803473446 ], [ 7.092831114874617, 51.404139406713007 ], [ 7.091826048955305, 51.404123042280517 ], [ 7.090820983982777, 51.404106669233201 ], [ 7.090847168017713, 51.403478041866371 ], [ 7.089842117756304, 51.403461660570542 ], [ 7.089868314607345, 51.40283303349262 ], [ 7.088863279056966, 51.402816643948675 ], [ 7.087858244454772, 51.402800245790367 ], [ 7.086853210801261, 51.402783839017701 ], [ 7.08584817809693, 51.402767423630706 ], [ 7.085821926192979, 51.403396049241643 ], [ 7.085795673339307, 51.404024674775158 ], [ 7.085769419535868, 51.404653300231239 ], [ 7.085743164782618, 51.405281925609884 ], [ 7.085716909079507, 51.405910550911116 ], [ 7.086722010604608, 51.405926968133393 ], [ 7.08674825254257, 51.405298342465088 ] ] ], [ [ [ 7.083732992112781, 51.40524906605426 ], [ 7.08473807797252, 51.405265500139613 ], [ 7.084764346490378, 51.404636875128219 ], [ 7.085769419535867, 51.404653300231239 ], [ 7.085795673339307, 51.404024674775158 ], [ 7.085821926192978, 51.403396049241643 ], [ 7.084816880675209, 51.403379624873111 ], [ 7.083811836107659, 51.403363191890094 ], [ 7.082806792490824, 51.40334675029262 ], [ 7.082780498346454, 51.403975374723828 ], [ 7.082754203250825, 51.40460399907758 ], [ 7.081749133057755, 51.404587548130003 ], [ 7.081722823246354, 51.405216172038472 ], [ 7.082727907203893, 51.405232623353875 ], [ 7.082701610205612, 51.405861247552714 ], [ 7.083706708879511, 51.405877690620763 ], [ 7.083732992112781, 51.40524906605426 ] ] ], [ [ [ 7.088443795414584, 51.412874662044445 ], [ 7.088417569623127, 51.413503287517528 ], [ 7.089422839217148, 51.413519683292662 ], [ 7.089396626248486, 51.414148309054987 ], [ 7.089370412331321, 51.414776934739919 ], [ 7.090375710417885, 51.414793322630281 ], [ 7.091381009452501, 51.414809701902584 ], [ 7.092386309434668, 51.414826072556778 ], [ 7.09236013588746, 51.41545469926313 ], [ 7.09233396139315, 51.41608332589211 ], [ 7.092307785951693, 51.416711952443734 ], [ 7.092281609563047, 51.417340578917994 ], [ 7.093286965586955, 51.417356942417683 ], [ 7.094292322557604, 51.417373297298496 ], [ 7.09431847139737, 51.416744670092605 ], [ 7.095323815539751, 51.416761015988982 ], [ 7.095349949659311, 51.416132388340237 ], [ 7.095376082833218, 51.415503760614158 ], [ 7.09437076623836, 51.415487415448801 ], [ 7.094396912239675, 51.414858788010903 ], [ 7.093391610363893, 51.414842434592906 ], [ 7.093417769191619, 51.414213807443332 ], [ 7.093443927072833, 51.413585180216408 ], [ 7.09347008400758, 51.412956552912135 ], [ 7.093496239995902, 51.412327925530512 ], [ 7.092490994153403, 51.412311564957825 ], [ 7.09148574925778, 51.412295195767804 ], [ 7.090480505309528, 51.412278817960477 ], [ 7.089475262309146, 51.412262431535851 ], [ 7.08847002025713, 51.412246036493947 ], [ 7.088443795414584, 51.412874662044445 ] ] ], [ [ [ 7.08913444438674, 51.420434562421768 ], [ 7.089108220982057, 51.421063187332805 ], [ 7.089081996628374, 51.421691812166436 ], [ 7.089055771325643, 51.422320436922689 ], [ 7.088050308881856, 51.42230403601382 ], [ 7.088024068851317, 51.422932660325912 ], [ 7.087018593578449, 51.422916250429743 ], [ 7.086992338819108, 51.423544874297455 ], [ 7.08696608310959, 51.424173498087754 ], [ 7.086939826449847, 51.424802121800624 ], [ 7.087945343061715, 51.424818532797758 ], [ 7.088950860623354, 51.424834935173763 ], [ 7.088977089722722, 51.424206310727072 ], [ 7.089982594453378, 51.424222704115351 ], [ 7.090008808823762, 51.423594079224685 ], [ 7.090035022245461, 51.422965454256634 ], [ 7.091040500365741, 51.422981838291165 ], [ 7.092045979434161, 51.422998213705107 ], [ 7.093051459450225, 51.423014580498446 ], [ 7.09307763058673, 51.422385954354446 ], [ 7.094083097770998, 51.422402312161346 ], [ 7.095088565901866, 51.422418661347812 ], [ 7.095114708534337, 51.421790034395052 ], [ 7.095140850220748, 51.421161407364949 ], [ 7.095166990961145, 51.420532780257524 ], [ 7.094161564164251, 51.420516432167837 ], [ 7.093156138313824, 51.420500075458293 ], [ 7.092150713410362, 51.420483710128892 ], [ 7.091145289454363, 51.420467336179655 ], [ 7.091171484356504, 51.41983871045835 ], [ 7.090166075125279, 51.419822328255648 ], [ 7.090192282855824, 51.419193702823307 ], [ 7.090218489638001, 51.418565077313588 ], [ 7.090244695471856, 51.417936451726483 ], [ 7.089239328516369, 51.417920062003745 ], [ 7.088233962509658, 51.417903663661981 ], [ 7.088260194944749, 51.4172750387307 ], [ 7.087254843661998, 51.417258632136843 ], [ 7.087228597452216, 51.417887256701249 ], [ 7.087202350292666, 51.418515881188256 ], [ 7.088207729125293, 51.418532288515877 ], [ 7.088181494791612, 51.41916091329238 ], [ 7.088155259508567, 51.419789537991456 ], [ 7.088129023276115, 51.42041816261316 ], [ 7.08913444438674, 51.420434562421768 ] ] ], [ [ [ 7.086677207580171, 51.431088354671807 ], [ 7.08670347374464, 51.430459731733059 ], [ 7.087709114400393, 51.430476146033556 ], [ 7.087735365829539, 51.429847522650299 ], [ 7.087761616308553, 51.429218899189642 ], [ 7.086756003221594, 51.4292024856233 ], [ 7.085750391085221, 51.429186063434521 ], [ 7.085724113037958, 51.429814686160846 ], [ 7.085697834039565, 51.430443308809735 ], [ 7.085671554089997, 51.431071931381211 ], [ 7.085645273189209, 51.431700553875253 ], [ 7.086650940464978, 51.431716977533164 ], [ 7.086677207580171, 51.431088354671807 ] ] ], [ [ [ 7.084613311226599, 51.432312743643308 ], [ 7.084639606864704, 51.431684121594174 ], [ 7.083633941491962, 51.431667680689927 ], [ 7.082628277071485, 51.431651231162526 ], [ 7.081622613603768, 51.431634773012 ], [ 7.081596276607788, 51.432263393957491 ], [ 7.081569938658504, 51.432892014825505 ], [ 7.082575629698546, 51.432908473712189 ], [ 7.083581321691439, 51.432924923975357 ], [ 7.084587014636686, 51.432941365615001 ], [ 7.084613311226599, 51.432312743643308 ] ] ], [ [ [ 7.087394023123696, 51.438019620595149 ], [ 7.086388217013335, 51.438003201888868 ], [ 7.086361939437198, 51.438631823898668 ], [ 7.086335660909794, 51.439260445831032 ], [ 7.0873414946029, 51.439276865271758 ], [ 7.087315228916304, 51.439905487493952 ], [ 7.088321077352389, 51.439921898676175 ], [ 7.088294824507596, 51.440550521188015 ], [ 7.089300687686751, 51.440566924111366 ], [ 7.090306551815815, 51.440583318408748 ], [ 7.090332777075145, 51.439954695163387 ], [ 7.091338628360819, 51.439971080468318 ], [ 7.092344480595359, 51.43998745714746 ], [ 7.092370677320675, 51.43935883309198 ], [ 7.09337651671119, 51.439375200779224 ], [ 7.094382357049531, 51.439391559840807 ], [ 7.094408525242692, 51.438762934976026 ], [ 7.094434692488575, 51.438134310033924 ], [ 7.094460858787222, 51.437505685014486 ], [ 7.095466658698429, 51.437522034353393 ], [ 7.095492810259399, 51.43689340889096 ], [ 7.096498597326764, 51.436909749239298 ], [ 7.096524734151051, 51.436281123334098 ], [ 7.097530508374482, 51.436297454692237 ], [ 7.097556630463084, 51.435668828344475 ], [ 7.097582751606127, 51.435040201919399 ], [ 7.096577004961362, 51.435023871291747 ], [ 7.095571259262609, 51.43500753203972 ], [ 7.094565514510366, 51.434991184163366 ], [ 7.094539352000206, 51.435619809492152 ], [ 7.093533594406023, 51.435603452625664 ], [ 7.092527837759392, 51.435587087134685 ], [ 7.092554027847404, 51.434958462537729 ], [ 7.091548285937683, 51.434942088788475 ], [ 7.090542544976465, 51.434925706414965 ], [ 7.089536804964248, 51.434909315417215 ], [ 7.089510573509799, 51.43553793891499 ], [ 7.089484341105802, 51.436166562335373 ], [ 7.089458107752217, 51.436795185678385 ], [ 7.088452327321839, 51.43677878495604 ], [ 7.0884260792284, 51.43740740785487 ], [ 7.087420285957984, 51.437390998140735 ], [ 7.087394023123696, 51.438019620595149 ] ] ], [ [ [ 7.090761756828821, 51.453800782057236 ], [ 7.091767912621141, 51.45381716679686 ], [ 7.091794130221015, 51.453188544443215 ], [ 7.092800273159336, 51.453204920186465 ], [ 7.092826476007024, 51.4525762973892 ], [ 7.092852677905936, 51.451947674514564 ], [ 7.09287887885612, 51.451319051562592 ], [ 7.091872777324896, 51.451302676918161 ], [ 7.090866676742855, 51.451286293644451 ], [ 7.089860577110496, 51.451269901741469 ], [ 7.089834334754849, 51.451898523594053 ], [ 7.089808091448975, 51.452527145369267 ], [ 7.088801965162838, 51.452510744103328 ], [ 7.088775707103962, 51.453139365434296 ], [ 7.089781847192828, 51.453155767067116 ], [ 7.089755601986365, 51.453784388687566 ], [ 7.090761756828821, 51.453800782057236 ] ] ], [ [ [ 7.087086165520689, 51.469467073066461 ], [ 7.087059867957652, 51.4700956919406 ], [ 7.087033569442071, 51.470724310737324 ], [ 7.0870072699739, 51.471352929456636 ], [ 7.086980969553094, 51.471981548098569 ], [ 7.086954668179608, 51.472610166663102 ], [ 7.087961235448437, 51.472626588309531 ], [ 7.087934946940887, 51.47325520716403 ], [ 7.088941528980649, 51.473271620541865 ], [ 7.088967803669492, 51.472643001320179 ], [ 7.089974372842273, 51.472659405695005 ], [ 7.090000632761137, 51.472030786028952 ], [ 7.09002689172882, 51.471402166285522 ], [ 7.090053149745366, 51.470773546464713 ], [ 7.091059678415979, 51.470789941103369 ], [ 7.091085921664635, 51.470161320838443 ], [ 7.091112163962747, 51.46953270049616 ], [ 7.090105662925233, 51.469516306591004 ], [ 7.090131918088645, 51.468887686538082 ], [ 7.089125431817886, 51.468871284365015 ], [ 7.088118946498581, 51.468854873557277 ], [ 7.088145228341504, 51.468226254161038 ], [ 7.087138757789316, 51.468209835085979 ], [ 7.086132288189535, 51.468193407376518 ], [ 7.08610597871633, 51.468822026037948 ], [ 7.086079668290172, 51.469450644621979 ], [ 7.087086165520689, 51.469467073066461 ] ] ], [ [ [ 7.086560033224691, 51.482039435842701 ], [ 7.086533716602121, 51.482668053168794 ], [ 7.087540505029514, 51.482684480694509 ], [ 7.08751420128015, 51.483313098310738 ], [ 7.088521004487204, 51.483329517564918 ], [ 7.089527808646757, 51.483345928180029 ], [ 7.089554084742665, 51.482717309829319 ], [ 7.089580359886619, 51.482088691401209 ], [ 7.089606634078662, 51.481460072895743 ], [ 7.08859987139786, 51.48144366338208 ], [ 7.087593109669423, 51.481427245229888 ], [ 7.087619410560059, 51.480798627381489 ], [ 7.087645710497877, 51.480170009455691 ], [ 7.087672009482922, 51.479541391452493 ], [ 7.087698307515239, 51.478912773371917 ], [ 7.087724604594875, 51.478284155213942 ], [ 7.087750900721875, 51.477655536978581 ], [ 7.08674422288976, 51.477639112392822 ], [ 7.086717912940101, 51.478267730260725 ], [ 7.085711222238462, 51.478251296669995 ], [ 7.085737546010736, 51.477622679169748 ], [ 7.084730870085301, 51.477606237309388 ], [ 7.084704532490459, 51.478234854441787 ], [ 7.08467819394148, 51.478863471496766 ], [ 7.08465185443832, 51.479492088474323 ], [ 7.084625513980932, 51.480120705374468 ], [ 7.085632245199641, 51.480137148706277 ], [ 7.08560591761255, 51.480765765896884 ], [ 7.08557958907164, 51.48139438301007 ], [ 7.08658634889385, 51.481410818439215 ], [ 7.086560033224691, 51.482039435842701 ] ] ], [ [ [ 7.092793718806633, 51.380863764636963 ], [ 7.09379827579148, 51.380880115538055 ], [ 7.093824397317686, 51.380251484577101 ], [ 7.092819854078392, 51.38023513404152 ], [ 7.092793718806633, 51.380863764636963 ] ] ], [ [ [ 7.099747514714298, 51.382863939168381 ], [ 7.099721471895512, 51.383492572009267 ], [ 7.100726090470697, 51.383508864112777 ], [ 7.100700060458437, 51.384137497240594 ], [ 7.10170469372334, 51.384153781099528 ], [ 7.102709327929115, 51.384170056349632 ], [ 7.103713963075267, 51.384186322990892 ], [ 7.104718599161299, 51.384202581023274 ], [ 7.104744574179717, 51.38357394644045 ], [ 7.103739951842213, 51.383557688771525 ], [ 7.103765939669324, 51.382929054474921 ], [ 7.10276133201964, 51.382912788560951 ], [ 7.102787332654449, 51.382284154550725 ], [ 7.102813332349017, 51.381655520463219 ], [ 7.101808753134015, 51.381639246668449 ], [ 7.100804174859706, 51.381622964265603 ], [ 7.099799597526586, 51.381606673254723 ], [ 7.099773556591308, 51.382235306250195 ], [ 7.099747514714298, 51.382863939168381 ] ] ], [ [ [ 7.104276880085882, 51.394889357112646 ], [ 7.104250888151697, 51.395517990305045 ], [ 7.105255772736318, 51.395534246269058 ], [ 7.10522979361995, 51.396162879747664 ], [ 7.106234692902318, 51.396179127462581 ], [ 7.10620872660476, 51.396807761227222 ], [ 7.107213640584964, 51.396824000692646 ], [ 7.108218555503961, 51.396840231545283 ], [ 7.108192615785342, 51.3974688659587 ], [ 7.10919754540181, 51.39748508856124 ], [ 7.109171618504532, 51.398113723260153 ], [ 7.109145690669368, 51.398742357881879 ], [ 7.109119761896274, 51.399370992426398 ], [ 7.109093832185203, 51.399999626893717 ], [ 7.110098817781384, 51.400015842333403 ], [ 7.110072900894004, 51.400644477086082 ], [ 7.111077901189462, 51.400660684274342 ], [ 7.111103804315086, 51.400032049159279 ], [ 7.112108791785815, 51.400048247371338 ], [ 7.112134680213112, 51.399419611816931 ], [ 7.112160567703923, 51.39879097618536 ], [ 7.113165528588983, 51.398807165059637 ], [ 7.113191401383003, 51.398178528988929 ], [ 7.113217273241123, 51.39754989284107 ], [ 7.113243144163391, 51.396921256616061 ], [ 7.1122382245579, 51.396905068827621 ], [ 7.112264108303222, 51.39627643288739 ], [ 7.112289991112283, 51.395647796869966 ], [ 7.113294883200545, 51.395663983934561 ], [ 7.113320751315521, 51.395035347478071 ], [ 7.113346618494823, 51.394406710944423 ], [ 7.113372484738494, 51.393778074333611 ], [ 7.112367633922347, 51.393761888354724 ], [ 7.112393512986812, 51.393133252028647 ], [ 7.112419391115238, 51.392504615625398 ], [ 7.111414568747345, 51.392488421758706 ], [ 7.111388676863081, 51.393117057799905 ], [ 7.111362784042283, 51.393745693763911 ], [ 7.111336890284906, 51.394374329650745 ], [ 7.110332027584635, 51.394358126085763 ], [ 7.109327165821484, 51.394341913908711 ], [ 7.109353087092388, 51.393713278746603 ], [ 7.10834824002355, 51.393697058320157 ], [ 7.108374174113081, 51.393068423443509 ], [ 7.108400107264588, 51.392439788489654 ], [ 7.109404926821524, 51.392456008190827 ], [ 7.109430845279844, 51.391827372797131 ], [ 7.110435652019011, 51.391843583524398 ], [ 7.110461555785139, 51.391214947691076 ], [ 7.11048745861437, 51.390586311780588 ], [ 7.110513360506749, 51.3899576757929 ], [ 7.109508595030356, 51.389941466152898 ], [ 7.108503830491265, 51.389925247902184 ], [ 7.108477901091409, 51.390553883164856 ], [ 7.108451970753707, 51.391182518350334 ], [ 7.107447179644579, 51.391166290763337 ], [ 7.107421234614321, 51.39179492550879 ], [ 7.107395288645633, 51.392423560177036 ], [ 7.107369341738469, 51.393052194768053 ], [ 7.107343393892782, 51.393680829281863 ], [ 7.10633854870058, 51.393664591631747 ], [ 7.106364510302376, 51.393035957480969 ], [ 7.106390470965154, 51.392407323252968 ], [ 7.10538565422365, 51.392391077717484 ], [ 7.104380838421614, 51.392374823570592 ], [ 7.103376023559545, 51.392358560812326 ], [ 7.103350021630194, 51.392987193950098 ], [ 7.103324018760337, 51.393615827010628 ], [ 7.102319177327366, 51.393599554913401 ], [ 7.102293159760528, 51.39422818753286 ], [ 7.102267141252594, 51.394856820075056 ], [ 7.103272010198916, 51.394873092899921 ], [ 7.104276880085882, 51.394889357112646 ] ] ], [ [ [ 7.094553768381871, 51.4110870217593 ], [ 7.094527628056241, 51.411715649661254 ], [ 7.095532862020469, 51.411731992633783 ], [ 7.096538096930035, 51.411748326989112 ], [ 7.096564209715557, 51.411119698356487 ], [ 7.095558988576069, 51.41110336436639 ], [ 7.094553768381871, 51.4110870217593 ] ] ], [ [ [ 7.096786050365736, 51.429994860029794 ], [ 7.097791686715763, 51.430011187735907 ], [ 7.098797324010945, 51.430027506819208 ], [ 7.098823422861343, 51.429398879333448 ], [ 7.097817799350807, 51.429382560615117 ], [ 7.097843911040743, 51.428753933417006 ], [ 7.096838302259417, 51.428737606441167 ], [ 7.09681217678538, 51.429366233274138 ], [ 7.096786050365736, 51.429994860029794 ] ] ], [ [ [ 7.096394040567687, 51.439424252086958 ], [ 7.095388198335196, 51.439407910276721 ], [ 7.09536204298719, 51.440036535429854 ], [ 7.096367899012209, 51.440052877605595 ], [ 7.096341756510359, 51.440681503046903 ], [ 7.097347627274822, 51.440697836962066 ], [ 7.097321497620124, 51.441326462691386 ], [ 7.09631561306209, 51.441310128410905 ], [ 7.096289468667356, 51.441938753697585 ], [ 7.096263323326112, 51.442567378906958 ], [ 7.096237177038314, 51.443196004039009 ], [ 7.097243102980049, 51.443212339415538 ], [ 7.098249029867886, 51.443228666165176 ], [ 7.098275148565508, 51.442600040302601 ], [ 7.099281062603791, 51.442616358060384 ], [ 7.100286977587134, 51.44263266719144 ], [ 7.101292893515036, 51.442648967695746 ], [ 7.101266816203016, 51.443277594652663 ], [ 7.102272746870272, 51.443293886894587 ], [ 7.103278678481136, 51.443310170509555 ], [ 7.103304728202526, 51.442681542824047 ], [ 7.104310646961118, 51.442697817448014 ], [ 7.105316566662275, 51.442714083445161 ], [ 7.1063224873055, 51.442730340815466 ], [ 7.106296478970388, 51.443358969592424 ], [ 7.106270469693663, 51.443987598292168 ], [ 7.106244459475279, 51.444616226914675 ], [ 7.106218448315192, 51.44524485545999 ], [ 7.105212472487089, 51.44522859663514 ], [ 7.104206497601235, 51.44521232918266 ], [ 7.104180457904512, 51.445840956923227 ], [ 7.103174470164028, 51.445824680479127 ], [ 7.103148415726639, 51.446453307778405 ], [ 7.103122360345915, 51.447081935000433 ], [ 7.104128375682648, 51.447098212172669 ], [ 7.104102333157416, 51.447726839681543 ], [ 7.10407628968926, 51.448355467113167 ], [ 7.10405024527813, 51.448984094467562 ], [ 7.104024199923986, 51.4496127217447 ], [ 7.103018129388772, 51.4495964431161 ], [ 7.103044188543286, 51.448967816203059 ], [ 7.103070246754283, 51.448339189212767 ], [ 7.103096304021811, 51.447710562145218 ], [ 7.102090275829631, 51.447694275980581 ], [ 7.102116345952561, 51.447065649200063 ], [ 7.102142415131614, 51.446437022342288 ], [ 7.101136415480424, 51.446420728278234 ], [ 7.101162497513426, 51.445792101707646 ], [ 7.100156512604306, 51.445775799380307 ], [ 7.099150528639973, 51.445759488425253 ], [ 7.099124419011535, 51.446388114266384 ], [ 7.098118422194837, 51.446371794318615 ], [ 7.098092297822923, 51.447000419717419 ], [ 7.098066172505135, 51.447629045038923 ], [ 7.098040046241428, 51.448257670283134 ], [ 7.099046084454065, 51.448273991326012 ], [ 7.099019971044039, 51.448902616857993 ], [ 7.098993856688502, 51.449531242312673 ], [ 7.09896774138741, 51.450159867690068 ], [ 7.099973821946078, 51.450176181199126 ], [ 7.09994771950057, 51.450804806864141 ], [ 7.099921616109916, 51.451433432451879 ], [ 7.099895511774069, 51.452062057962316 ], [ 7.100901634683028, 51.452078363936479 ], [ 7.101907758536727, 51.452094661280981 ], [ 7.102913883334665, 51.452110949995799 ], [ 7.10293994626369, 51.451482323391744 ], [ 7.103946058203004, 51.451498603112732 ], [ 7.104952171085515, 51.451514874204193 ], [ 7.104978205467067, 51.450886246794816 ], [ 7.105984305490321, 51.450902508893002 ], [ 7.106990406455727, 51.450918762361816 ], [ 7.107016412291671, 51.450290134147913 ], [ 7.108022500397185, 51.450306378624006 ], [ 7.109028589443811, 51.450322614470871 ], [ 7.109054566736003, 51.449693985453266 ], [ 7.109080543087629, 51.44906535635846 ], [ 7.10807448164269, 51.449049121237891 ], [ 7.107068421138772, 51.449032877488484 ], [ 7.10709442415002, 51.448404249042966 ], [ 7.107120426219795, 51.447775620520225 ], [ 7.106114394256907, 51.447759368869058 ], [ 7.106140409184259, 51.447130740632616 ], [ 7.107146427348138, 51.447146991920285 ], [ 7.107172427535099, 51.446518363243129 ], [ 7.108178432841809, 51.446534605539284 ], [ 7.108204418289374, 51.445905976421642 ], [ 7.109210410738827, 51.445922209726653 ], [ 7.109236381447994, 51.44529358016873 ], [ 7.109262351216911, 51.444664950533628 ], [ 7.109288320045619, 51.444036320821326 ], [ 7.110294272043927, 51.4440525444098 ], [ 7.110320226136322, 51.443423914257473 ], [ 7.1113261652781, 51.443440128855961 ], [ 7.111352104635179, 51.442811498263787 ], [ 7.111378043053184, 51.44218286759444 ], [ 7.111403980532157, 51.441554236847928 ], [ 7.111429917072146, 51.440925606024265 ], [ 7.111429917072146, 51.440925606024251 ], [ 7.111455852673191, 51.440296975123417 ], [ 7.111481787335342, 51.43966834414541 ], [ 7.111507721058642, 51.439039713090231 ], [ 7.111533653843134, 51.438411081957895 ], [ 7.111559585688865, 51.437782450748387 ], [ 7.11158551659588, 51.437153819461713 ], [ 7.110579715388629, 51.437137608489365 ], [ 7.110553770690404, 51.437766239413484 ], [ 7.110527825052965, 51.438394870260403 ], [ 7.109521997202057, 51.438378649937313 ], [ 7.108516170290907, 51.438362420988682 ], [ 7.108490196129929, 51.438991051032659 ], [ 7.107484356366965, 51.438974813095307 ], [ 7.1064785175448, 51.438958566532229 ], [ 7.106452514858426, 51.439587195772475 ], [ 7.105446663185081, 51.439570940220136 ], [ 7.105472679663935, 51.438942311343453 ], [ 7.104466842724866, 51.438926047528987 ], [ 7.103461006728094, 51.438909775088867 ], [ 7.103487049848979, 51.438281146862636 ], [ 7.103513092027116, 51.437652518559162 ], [ 7.104518900440603, 51.437668790271424 ], [ 7.104544927885141, 51.437040161526781 ], [ 7.104570954387517, 51.436411532704923 ], [ 7.104596979947778, 51.435782903805823 ], [ 7.105602747932147, 51.435799165801647 ], [ 7.105628758760893, 51.435170536461612 ], [ 7.106634513897344, 51.435186789469221 ], [ 7.10666050999557, 51.434558159688471 ], [ 7.106686505152813, 51.433929529830493 ], [ 7.106712499369116, 51.433300899895329 ], [ 7.105706785598144, 51.433284647978176 ], [ 7.105732792661049, 51.43265601832924 ], [ 7.106738492644524, 51.432672269882929 ], [ 7.107744193568848, 51.432688512812845 ], [ 7.107770172116365, 51.432059882359972 ], [ 7.107796149723574, 51.431431251829899 ], [ 7.108801824014572, 51.431447485409898 ], [ 7.109807499245333, 51.431463710366465 ], [ 7.109833448340052, 51.430835079033287 ], [ 7.108827786895429, 51.430818854439565 ], [ 7.108853748836567, 51.430190223392046 ], [ 7.108879709838032, 51.429561592267333 ], [ 7.108905669899868, 51.428932961065428 ], [ 7.10790005075025, 51.428916728937573 ], [ 7.107874076903816, 51.429545359776455 ], [ 7.106868444909726, 51.429529118662749 ], [ 7.105862813856263, 51.429512868926224 ], [ 7.10485718374392, 51.429496610566908 ], [ 7.104831167602343, 51.430125240238347 ], [ 7.103825524646705, 51.430108972892462 ], [ 7.103799493778048, 51.430737602122861 ], [ 7.103773461967181, 51.431366231276023 ], [ 7.10374742921406, 51.431994860351928 ], [ 7.102741745842986, 51.431978583291063 ], [ 7.102715698360702, 51.432607211925699 ], [ 7.102689649935577, 51.433235840483086 ], [ 7.102663600567563, 51.433864468963215 ], [ 7.101657876777336, 51.433848182186132 ], [ 7.101631812678079, 51.434476810224758 ], [ 7.101605747635345, 51.435105438186106 ], [ 7.10157968164909, 51.435734066070196 ], [ 7.100573917435995, 51.435717769575689 ], [ 7.10054783671641, 51.436346397018042 ], [ 7.099542059657661, 51.436330091534224 ], [ 7.099515964203753, 51.436958718534633 ], [ 7.099489867805191, 51.437587345457743 ], [ 7.099463770461932, 51.438215972303574 ], [ 7.09943767217393, 51.438844599072119 ], [ 7.098431840896112, 51.438828283503959 ], [ 7.097426010563582, 51.43881195931025 ], [ 7.096420181176835, 51.438795626491014 ], [ 7.096394040567687, 51.439424252086958 ] ] ], [ [ [ 7.095818707665227, 51.453253995636857 ], [ 7.096824854395837, 51.453270336860463 ], [ 7.096851002031613, 51.452641712599949 ], [ 7.095844869104049, 51.452625371741867 ], [ 7.095818707665227, 51.453253995636857 ] ] ], [ [ [ 7.097804867294261, 51.45391529400262 ], [ 7.098811029721657, 51.453931618331417 ], [ 7.098837150697031, 51.453302993417751 ], [ 7.097831002073272, 51.453286669454094 ], [ 7.097804867294261, 51.45391529400262 ] ] ], [ [ [ 7.092695452279924, 51.455719410602129 ], [ 7.093701651383696, 51.455735779179982 ], [ 7.094707851435972, 51.455752139127149 ], [ 7.094734030469356, 51.455123515907196 ], [ 7.094760208554782, 51.454494892609901 ], [ 7.09375403611191, 51.454478533394592 ], [ 7.092747864617452, 51.454462165548996 ], [ 7.092721658923166, 51.455090788114234 ], [ 7.092695452279924, 51.455719410602129 ] ] ], [ [ [ 7.090525631450781, 51.459458376459978 ], [ 7.09049939054691, 51.460086997673436 ], [ 7.091505684399862, 51.460103386078515 ], [ 7.09147945635448, 51.460732007581214 ], [ 7.092485764966105, 51.460748387720699 ], [ 7.092511979202633, 51.460119765851609 ], [ 7.092538192489841, 51.459491143905154 ], [ 7.092564404827775, 51.458862521881358 ], [ 7.092590616216482, 51.458233899780204 ], [ 7.092616826656004, 51.457605277601708 ], [ 7.092643036146387, 51.456976655345862 ], [ 7.092669244687679, 51.456348033012667 ], [ 7.092695452279924, 51.455719410602129 ], [ 7.091689254125153, 51.455703033393625 ], [ 7.090683056919884, 51.455686647554465 ], [ 7.090656821716965, 51.456315269232135 ], [ 7.090630585564002, 51.456943890832434 ], [ 7.090604348460946, 51.45757251235537 ], [ 7.090578110407755, 51.458201133800948 ], [ 7.089571858928414, 51.458184737864222 ], [ 7.089545606117776, 51.458813358865648 ], [ 7.090551871404381, 51.458829755169148 ], [ 7.090525631450781, 51.459458376459978 ] ] ], [ [ [ 7.097817731353021, 51.477819307779683 ], [ 7.096811044017495, 51.477802969568124 ], [ 7.095804357630061, 51.477786622719044 ], [ 7.095778172085979, 51.478415243887142 ], [ 7.09575198559326, 51.479043864977939 ], [ 7.09572579815186, 51.479672485991415 ], [ 7.09673252601, 51.479688833937686 ], [ 7.09773925481637, 51.479705173245883 ], [ 7.097713094075424, 51.480333794913371 ], [ 7.098719837654179, 51.480350125948831 ], [ 7.09869368979062, 51.480978747904402 ], [ 7.098667540979744, 51.481607369782694 ], [ 7.099674313156682, 51.481623692910205 ], [ 7.100681086280484, 51.481640007399029 ], [ 7.100707207439905, 51.481011384790534 ], [ 7.101713967684274, 51.481027690275802 ], [ 7.102720728874461, 51.481043987122504 ], [ 7.102746821436928, 51.480415363707344 ], [ 7.103753569747047, 51.480431651551044 ], [ 7.103779647539357, 51.479803027694238 ], [ 7.104786382969317, 51.479819306535312 ], [ 7.104812445992467, 51.479190682237082 ], [ 7.104838508071435, 51.47856205786163 ], [ 7.10584521679717, 51.478578327336479 ], [ 7.105871264108525, 51.477949702519815 ], [ 7.106877959954376, 51.477965962992997 ], [ 7.106903992499117, 51.477337337735335 ], [ 7.107910675464995, 51.477353589207219 ], [ 7.107936693244121, 51.476724963508786 ], [ 7.107962710080745, 51.476096337733154 ], [ 7.107988725974913, 51.47546771188032 ], [ 7.108014740926667, 51.4748390859503 ], [ 7.107008113248058, 51.474822835932684 ], [ 7.107034141078014, 51.474194210289006 ], [ 7.107060167965146, 51.473565584568128 ], [ 7.107086193909504, 51.472936958770063 ], [ 7.107112218911131, 51.472308332894784 ], [ 7.106105647454476, 51.472292075695314 ], [ 7.10613168533194, 51.471663450106519 ], [ 7.10713824297007, 51.471679706942311 ], [ 7.107164266086368, 51.471051080912623 ], [ 7.107190288260069, 51.470422454805743 ], [ 7.106183758257486, 51.470406198697326 ], [ 7.10620979330566, 51.469777572876907 ], [ 7.105203278063106, 51.469761308496984 ], [ 7.105177229197952, 51.470389933953541 ], [ 7.10417070108197, 51.47037366057441 ], [ 7.104144637455833, 51.471002285589691 ], [ 7.103138096466513, 51.470986003210996 ], [ 7.103112018078392, 51.471614627784767 ], [ 7.10308593874563, 51.472243252281316 ], [ 7.102079371064719, 51.472226960538201 ], [ 7.102053276968431, 51.472855584593027 ], [ 7.102027181926912, 51.473484208570596 ], [ 7.103033777246007, 51.473500501042672 ], [ 7.103007695079055, 51.474129125307492 ], [ 7.104014305162813, 51.474145409507607 ], [ 7.105020916190892, 51.474161685071245 ], [ 7.104994860719937, 51.474790309987256 ], [ 7.104968804305115, 51.475418934826038 ], [ 7.104942746946382, 51.476047559587599 ], [ 7.104916688643694, 51.476676184271938 ], [ 7.105923355900501, 51.476692452654859 ], [ 7.105897310476286, 51.477321077625938 ], [ 7.104890629397002, 51.477304808879062 ], [ 7.104864569206264, 51.477933433408964 ], [ 7.103857875248097, 51.477917155660457 ], [ 7.102851182234521, 51.477900869274308 ], [ 7.102877270071077, 51.477272245472939 ], [ 7.102903356962585, 51.476643621594334 ], [ 7.102929442909091, 51.476014997638487 ], [ 7.102955527910642, 51.475386373605396 ], [ 7.102981611967282, 51.474757749495069 ], [ 7.101974989008003, 51.474741456293984 ], [ 7.10096836699409, 51.474725154456266 ], [ 7.100942255295813, 51.475353777837377 ], [ 7.100916142651625, 51.475982401141216 ], [ 7.100890029061482, 51.476611024367806 ], [ 7.099883366529682, 51.476594712798729 ], [ 7.099909493941578, 51.475966089937067 ], [ 7.099935620407015, 51.475337466998141 ], [ 7.098928986464629, 51.475321147522116 ], [ 7.097922353469151, 51.475304819409331 ], [ 7.097948506629546, 51.4746761971235 ], [ 7.097974658842573, 51.474047574760384 ], [ 7.098000810108283, 51.473418952319982 ], [ 7.096994219520562, 51.473402616666846 ], [ 7.096968054435239, 51.474031238741794 ], [ 7.096941888402093, 51.474659860739429 ], [ 7.095935271122507, 51.474643515718832 ], [ 7.095909090320928, 51.4752721372735 ], [ 7.09588290857094, 51.475900758750853 ], [ 7.095856725872496, 51.476529380150893 ], [ 7.096863384615292, 51.476545726268547 ], [ 7.097870044306088, 51.476562063749085 ], [ 7.097843888303327, 51.477190685803031 ], [ 7.097817731353021, 51.477819307779683 ] ], [ [ 7.101766179514116, 51.479770444097454 ], [ 7.100759446919838, 51.479754139341779 ], [ 7.100785565240441, 51.479125516501497 ], [ 7.099778847416641, 51.479109203472646 ], [ 7.099804978614811, 51.478480580920078 ], [ 7.100811682614861, 51.478496893583973 ], [ 7.10181838756105, 51.478513197610098 ], [ 7.101792284010424, 51.479141820892394 ], [ 7.101766179514116, 51.479770444097454 ] ] ], [ [ [ 7.089685450943792, 51.479574216915083 ], [ 7.089659179607203, 51.480202835652669 ], [ 7.090665915589777, 51.48021923579396 ], [ 7.090692173102068, 51.479590616689457 ], [ 7.091698896211572, 51.479607007825862 ], [ 7.091725138948795, 51.478978388277284 ], [ 7.091751380735335, 51.478349768651363 ], [ 7.091777621571239, 51.477721148948078 ], [ 7.090770939931763, 51.477704758911777 ], [ 7.089764259243375, 51.477688360238076 ], [ 7.089737990761833, 51.478316979207783 ], [ 7.088731297202286, 51.47830057152963 ], [ 7.088705013945856, 51.478929190054885 ], [ 7.089711721328653, 51.478945598100104 ], [ 7.089685450943792, 51.479574216915083 ] ] ], [ [ [ 7.093764774511385, 51.478382523544532 ], [ 7.093738560371664, 51.479011143903278 ], [ 7.094745272507871, 51.479027508759536 ], [ 7.094771472824114, 51.478398888034668 ], [ 7.09479767219122, 51.477770267232479 ], [ 7.093790987701468, 51.477753903108457 ], [ 7.093764774511385, 51.478382523544532 ] ] ], [ [ [ 7.106668420337257, 51.410025299537502 ], [ 7.107673624302484, 51.41004153801309 ], [ 7.107699582796367, 51.409412905143853 ], [ 7.106694392600218, 51.409396667031352 ], [ 7.105689203343756, 51.409380420302227 ], [ 7.105663217311761, 51.410009052445076 ], [ 7.106668420337257, 51.410025299537502 ] ] ], [ [ [ 7.106070798832551, 51.424483825865799 ], [ 7.107076319623899, 51.424500072695359 ], [ 7.108081841355514, 51.424516310903655 ], [ 7.10810780768255, 51.423887679447148 ], [ 7.107102299731505, 51.423871441601989 ], [ 7.107128278898889, 51.42324281043139 ], [ 7.106122785668091, 51.423226564328473 ], [ 7.105117293377965, 51.423210309604677 ], [ 7.105091286650575, 51.423838940048441 ], [ 7.105065278981966, 51.424467570414983 ], [ 7.106070798832551, 51.424483825865799 ] ] ], [ [ [ 7.103685524485121, 51.457784869319042 ], [ 7.103711582102578, 51.457156243045986 ], [ 7.103737638776433, 51.456527616695688 ], [ 7.10474386209219, 51.456543890699074 ], [ 7.104769904016586, 51.455915263907521 ], [ 7.103763694506731, 51.455898990268146 ], [ 7.103789749293517, 51.455270363763375 ], [ 7.103815803136836, 51.454641737181369 ], [ 7.10280962218071, 51.454625455639537 ], [ 7.101803442168506, 51.454609165467247 ], [ 7.100797263100722, 51.454592866664527 ], [ 7.100771167842962, 51.45522149215337 ], [ 7.100745071640236, 51.455850117564935 ], [ 7.1007189744925, 51.45647874289925 ], [ 7.100692876399712, 51.457107368156279 ], [ 7.101699110689567, 51.457123668417402 ], [ 7.101673025458442, 51.457752293961796 ], [ 7.102679274499709, 51.457768585956131 ], [ 7.103685524485121, 51.457784869319042 ] ] ], [ [ [ 7.118474139620522, 51.391972959333948 ], [ 7.118499933347009, 51.391344320608162 ], [ 7.117495132881328, 51.391328179132742 ], [ 7.116490333349067, 51.391312029046077 ], [ 7.116464512112401, 51.391940667049909 ], [ 7.11746932539973, 51.39195681749765 ], [ 7.118474139620522, 51.391972959333948 ] ] ], [ [ [ 7.111414568747345, 51.392488421758706 ], [ 7.111440459695119, 51.391859785640342 ], [ 7.110435652019011, 51.391843583524398 ], [ 7.11040974731594, 51.392472219280521 ], [ 7.111414568747345, 51.392488421758706 ] ] ], [ [ [ 7.114299776224528, 51.395680162386633 ], [ 7.115304670183733, 51.39569633222618 ], [ 7.115278828649904, 51.396324969328759 ], [ 7.116283737302334, 51.396341130917094 ], [ 7.116309565077664, 51.395712493453161 ], [ 7.116335391918766, 51.395083855912112 ], [ 7.116361217825683, 51.39445521829392 ], [ 7.116387042798461, 51.393826580598606 ], [ 7.115382189177049, 51.393810420455573 ], [ 7.114377336490227, 51.393794251700569 ], [ 7.113372484738495, 51.393778074333611 ], [ 7.113346618494824, 51.394406710944423 ], [ 7.113320751315523, 51.395035347478071 ], [ 7.113294883200546, 51.395663983934561 ], [ 7.114299776224528, 51.395680162386633 ] ] ], [ [ [ 7.114222207541828, 51.397566072378361 ], [ 7.115227142777888, 51.39758224330253 ], [ 7.115252986181304, 51.396953606354202 ], [ 7.114248064704692, 51.3969374357916 ], [ 7.114222207541828, 51.397566072378361 ] ] ], [ [ [ 7.117674071126438, 51.411460721587474 ], [ 7.118679312936512, 51.411476865998743 ], [ 7.118653503104022, 51.412105502618033 ], [ 7.118627692337634, 51.412734139160229 ], [ 7.119632962624271, 51.41275027567572 ], [ 7.120638233844351, 51.412766403573364 ], [ 7.121643505997378, 51.412782522853156 ], [ 7.121669275448818, 51.412153885229053 ], [ 7.121695043967855, 51.411525247527869 ], [ 7.12270028951035, 51.411541357469289 ], [ 7.122726043326285, 51.410912719330817 ], [ 7.123731276029854, 51.410928820294693 ], [ 7.123757015143681, 51.41030018171913 ], [ 7.122751796210402, 51.410284081115272 ], [ 7.122777548162746, 51.40965544282269 ], [ 7.121772343930986, 51.409639333961927 ], [ 7.120767140631453, 51.409623216484242 ], [ 7.120792919190524, 51.408994578835184 ], [ 7.119787730592877, 51.408978453101199 ], [ 7.118782542928404, 51.408962318750532 ], [ 7.118756736831052, 51.409590955678233 ], [ 7.118730929799982, 51.410219592528847 ], [ 7.117725715530542, 51.410203448839546 ], [ 7.11672050219536, 51.410187296533238 ], [ 7.116694666690438, 51.410815932584562 ], [ 7.117699893795641, 51.410832085252068 ], [ 7.117674071126438, 51.411460721587474 ] ] ], [ [ [ 7.109372790387584, 51.41761758623111 ], [ 7.109346847231391, 51.418246218822482 ], [ 7.109320903136377, 51.418874851336646 ], [ 7.110326302739026, 51.418891069037976 ], [ 7.110352233057862, 51.418262436161143 ], [ 7.110378162438374, 51.417633803207124 ], [ 7.109372790387584, 51.41761758623111 ] ] ], [ [ [ 7.11612604899823, 51.424645906201995 ], [ 7.117131579169827, 51.424662066817994 ], [ 7.117157421469729, 51.424033432101957 ], [ 7.117183262834391, 51.423404797308798 ], [ 7.118188766379739, 51.423420948580947 ], [ 7.118214593029183, 51.422792313349497 ], [ 7.118240418743973, 51.422163678040938 ], [ 7.117234942758168, 51.42214752749117 ], [ 7.116229467707471, 51.422131368320677 ], [ 7.11620361443368, 51.422760002906699 ], [ 7.11617776022424, 51.423388637415592 ], [ 7.115172258549785, 51.423372468901306 ], [ 7.114166757811519, 51.423356291766005 ], [ 7.114140875105571, 51.423984925474407 ], [ 7.115146389624219, 51.424001102971488 ], [ 7.115120519762417, 51.42462973696454 ], [ 7.11612604899823, 51.424645906201995 ] ] ], [ [ [ 7.111767006664676, 51.432753398294395 ], [ 7.111741082327424, 51.43338203012123 ], [ 7.112746801736288, 51.433398230294294 ], [ 7.112720890248897, 51.434026862406277 ], [ 7.11171515705177, 51.434010661870886 ], [ 7.111689230837667, 51.434639293543384 ], [ 7.111663303685071, 51.435267925138703 ], [ 7.111637375593938, 51.435896556656871 ], [ 7.111611446564222, 51.436525188097882 ], [ 7.111585516595881, 51.437153819461713 ], [ 7.111559585688866, 51.437782450748387 ], [ 7.111533653843136, 51.438411081957895 ], [ 7.112539483572066, 51.438427285029789 ], [ 7.113545314239259, 51.438443479476071 ], [ 7.113571218501441, 51.437814847541972 ], [ 7.114577036314556, 51.437831033000613 ], [ 7.115582855064893, 51.437847209833777 ], [ 7.115556978386442, 51.438475842491677 ], [ 7.116562811865434, 51.438492011060973 ], [ 7.116536948042646, 51.439120644003367 ], [ 7.117542796250382, 51.439136804308411 ], [ 7.117568646280698, 51.438508171004571 ], [ 7.118574481631729, 51.438524322322465 ], [ 7.118548645393935, 51.439152955987552 ], [ 7.118522808220824, 51.439781589575524 ], [ 7.118496970112349, 51.44041022308641 ], [ 7.119502847777843, 51.440426366861729 ], [ 7.120508726378246, 51.440442502010733 ], [ 7.121514605913056, 51.440458628533392 ], [ 7.12148880825149, 51.44108726304983 ], [ 7.122494702514405, 51.441103381306611 ], [ 7.122468917713577, 51.441732016106492 ], [ 7.122443131979246, 51.442360650829315 ], [ 7.12241734531137, 51.442989285475086 ], [ 7.121411409662881, 51.442973166136746 ], [ 7.121437210126447, 51.442344531851504 ], [ 7.121463009655969, 51.441715897489196 ], [ 7.120457102532361, 51.441699770245158 ], [ 7.119451196343251, 51.441683634374364 ], [ 7.119425369223481, 51.442312268015058 ], [ 7.118419450174312, 51.442296123156467 ], [ 7.118393608323945, 51.442924756358963 ], [ 7.117387676414805, 51.442908602512176 ], [ 7.117361819832843, 51.44353723527626 ], [ 7.117335962314752, 51.444165867963235 ], [ 7.116330003749269, 51.444149704766367 ], [ 7.115324046120456, 51.444133532942082 ], [ 7.114318089428814, 51.444117352490373 ], [ 7.114292189583798, 51.444745984015107 ], [ 7.114266288801067, 51.445374615462683 ], [ 7.114240387080579, 51.446003246833136 ], [ 7.114214484422285, 51.446631878126468 ], [ 7.114188580826143, 51.447260509342648 ], [ 7.114162676292108, 51.447889140481692 ], [ 7.113156637749687, 51.447872949229826 ], [ 7.113130718477893, 51.448501579929577 ], [ 7.113104798267618, 51.44913021055217 ], [ 7.113078877118816, 51.449758841097612 ], [ 7.114084957062196, 51.449775033435991 ], [ 7.114059048776139, 51.450403664266474 ], [ 7.115065143458953, 51.450419848337702 ], [ 7.11503924803664, 51.451048479453071 ], [ 7.115013351676663, 51.451677110491296 ], [ 7.116019474901406, 51.451693286656827 ], [ 7.117025599063357, 51.451709454192631 ], [ 7.118031724162018, 51.451725613098667 ], [ 7.118057579114646, 51.451096980975528 ], [ 7.11906369134698, 51.451113130890533 ], [ 7.120069804514983, 51.45112927217594 ], [ 7.121075918618151, 51.451145404831713 ], [ 7.121050105073274, 51.451774038038003 ], [ 7.122056233913786, 51.451790162424793 ], [ 7.122030433237366, 51.452418795914696 ], [ 7.12303657681531, 51.452434912032118 ], [ 7.123062363688513, 51.451806278181742 ], [ 7.124068494396957, 51.451822385308809 ], [ 7.124094266533683, 51.451193751021087 ], [ 7.125100384372538, 51.451209849158182 ], [ 7.125126141773782, 51.450581214433349 ], [ 7.125151898242398, 51.449952579631486 ], [ 7.125177653778429, 51.449323944752592 ], [ 7.124171577345001, 51.449307847695714 ], [ 7.124197345749302, 51.448679213099844 ], [ 7.12422311322061, 51.448050578426951 ], [ 7.123217065321255, 51.448034473461419 ], [ 7.123242845659381, 51.447405839071699 ], [ 7.122236812493198, 51.447389725837873 ], [ 7.12123078026092, 51.447373603975549 ], [ 7.120224748963041, 51.447357473484729 ], [ 7.119218718600064, 51.44734133436544 ], [ 7.118212689172486, 51.447325186617711 ], [ 7.118186839836185, 51.447953819203434 ], [ 7.118160989563941, 51.448582451712049 ], [ 7.117154933472762, 51.448566294613109 ], [ 7.117129068464032, 51.449194926683234 ], [ 7.117103202518773, 51.449823558676243 ], [ 7.116097119762673, 51.449807392225317 ], [ 7.116122999508885, 51.449178760593902 ], [ 7.116148878318068, 51.44855012888538 ], [ 7.116174756190266, 51.447921497099735 ], [ 7.115168715772468, 51.447905323104997 ], [ 7.115194606507137, 51.447276691603989 ], [ 7.116200633125524, 51.44729286523696 ], [ 7.116226509123885, 51.446664233297078 ], [ 7.116252384185395, 51.446035601280073 ], [ 7.1162782583101, 51.44540696918596 ], [ 7.117284244470008, 51.445423133105884 ], [ 7.11731010386049, 51.444794500573117 ], [ 7.118316077159154, 51.444810655503865 ], [ 7.119322051393538, 51.444826801806947 ], [ 7.120328026563142, 51.444842939482363 ], [ 7.121334002667468, 51.444859068530064 ], [ 7.121359805933436, 51.444230434476026 ], [ 7.122365769174801, 51.444246554535461 ], [ 7.122391557709903, 51.443617920043806 ], [ 7.123397508088214, 51.443634031115344 ], [ 7.123371733349844, 51.444262665967344 ], [ 7.124377698458068, 51.444278768771682 ], [ 7.124351936583792, 51.444907403906825 ], [ 7.125357916422018, 51.444923498443551 ], [ 7.125332167412832, 51.445552133861646 ], [ 7.12633816198115, 51.445568220130383 ], [ 7.12734415748124, 51.445584297771113 ], [ 7.128350153912608, 51.445600366783829 ], [ 7.128375861528072, 51.444971730286923 ], [ 7.12938184509222, 51.444987790312368 ], [ 7.129407537979455, 51.44435915337926 ], [ 7.129433229936501, 51.443730516369158 ], [ 7.129458920963402, 51.443101879282061 ], [ 7.128452978790251, 51.443085820334204 ], [ 7.127447037547698, 51.443069752759094 ], [ 7.126441097236244, 51.443053676556715 ], [ 7.126466828720917, 51.442425040470752 ], [ 7.126492559274037, 51.441796404307766 ], [ 7.125486647485415, 51.441780320197672 ], [ 7.125512390901899, 51.441151684317418 ], [ 7.125512390901899, 51.441151684317404 ], [ 7.125538133386423, 51.440523048360127 ], [ 7.126544017585802, 51.440539131750754 ], [ 7.126569745344535, 51.43991049535672 ], [ 7.126595472171894, 51.439281858885671 ], [ 7.126621198067926, 51.438653222337592 ], [ 7.126646923032673, 51.438024585712505 ], [ 7.127652752990789, 51.438040659038627 ], [ 7.128658583879647, 51.438056723739038 ], [ 7.128684280329262, 51.437428086318135 ], [ 7.128709975848677, 51.436799448820253 ], [ 7.127704172543257, 51.436783384838421 ], [ 7.12669837016849, 51.436767312231275 ], [ 7.125692568724874, 51.436751230998823 ], [ 7.125666831831182, 51.437379867418272 ], [ 7.124661017527878, 51.437363777200673 ], [ 7.124635265910658, 51.437992413183217 ], [ 7.123629438747757, 51.437976313980094 ], [ 7.12262361251759, 51.437960206151324 ], [ 7.121617787220659, 51.437944089696956 ], [ 7.12061196285746, 51.437927964616975 ], [ 7.120637769641575, 51.437299330075831 ], [ 7.119631960004218, 51.437283196731116 ], [ 7.11965777964526, 51.436654562473727 ], [ 7.118651984733657, 51.436638420864654 ], [ 7.117646190757194, 51.436622270630437 ], [ 7.116640397716366, 51.436606111771077 ], [ 7.116666257794346, 51.435977478520208 ], [ 7.11566047948009, 51.435961311397321 ], [ 7.114654702102423, 51.435945135649526 ], [ 7.114680588824144, 51.435316503044895 ], [ 7.114706474608822, 51.434687870363121 ], [ 7.115712224407202, 51.434704045387384 ], [ 7.115738095465986, 51.434075412266736 ], [ 7.115763965588315, 51.433446779068966 ], [ 7.115789834774235, 51.432818145794059 ], [ 7.11581570302379, 51.432189512442015 ], [ 7.114810008378009, 51.4321733388647 ], [ 7.113804314669046, 51.432157156663649 ], [ 7.112798621897401, 51.432140965838862 ], [ 7.11179293006357, 51.432124766390402 ], [ 7.111767006664676, 51.432753398294395 ] ] ], [ [ [ 7.110657543848457, 51.435251715254019 ], [ 7.11166330368507, 51.435267925138703 ], [ 7.111689230837666, 51.434639293543384 ], [ 7.110683484790268, 51.434623084021212 ], [ 7.110657543848457, 51.435251715254019 ] ] ], [ [ [ 7.117491093382263, 51.440394070684761 ], [ 7.117516945284253, 51.439765437535144 ], [ 7.116511083283543, 51.439749276868667 ], [ 7.11648521758808, 51.440377909656824 ], [ 7.117491093382263, 51.440394070684761 ] ] ], [ [ [ 7.113851748711697, 51.455432708133422 ], [ 7.113877664503947, 51.454804077920038 ], [ 7.112871474136061, 51.454787882683881 ], [ 7.112845544538501, 51.455416512534981 ], [ 7.113851748711697, 51.455432708133422 ] ] ], [ [ [ 7.110209883921132, 51.470471171318671 ], [ 7.11018390320027, 51.471099798515418 ], [ 7.110157921538314, 51.471728425634993 ], [ 7.111164482944012, 51.471744647927608 ], [ 7.112171045290353, 51.471760861584393 ], [ 7.113177608576836, 51.471777066605313 ], [ 7.113203548784049, 51.47114843839757 ], [ 7.113229488051664, 51.470519810112691 ], [ 7.112222952401266, 51.470503605816823 ], [ 7.111216417690922, 51.470487392885481 ], [ 7.110209883921132, 51.470471171318671 ] ] ], [ [ [ 7.11005398547861, 51.474242933341586 ], [ 7.111060602162119, 51.474259157085946 ], [ 7.112067219786452, 51.474275372193709 ], [ 7.112093177572798, 51.47364674465711 ], [ 7.112119134418867, 51.47301811704336 ], [ 7.111112544434531, 51.47300190266111 ], [ 7.110105955390926, 51.472985679642633 ], [ 7.110079970905407, 51.473614306530699 ], [ 7.11005398547861, 51.474242933341586 ] ] ], [ [ [ 7.119529765310263, 51.415264822516903 ], [ 7.119555566039087, 51.414636185922234 ], [ 7.118550254434651, 51.414620048324224 ], [ 7.118524439932234, 51.415248684558009 ], [ 7.118498624495698, 51.415877320714692 ], [ 7.11950396364782, 51.415893459034464 ], [ 7.119529765310263, 51.415264822516903 ] ] ], [ [ [ 7.131439910391259, 51.419229649610578 ], [ 7.130434491187395, 51.419213612924672 ], [ 7.130408835473083, 51.419842252937272 ], [ 7.130383178830312, 51.420470892872885 ], [ 7.131388625589896, 51.420486930276049 ], [ 7.132394073277484, 51.420502959058844 ], [ 7.13339952189258, 51.420518979221242 ], [ 7.133425137200888, 51.419890338210315 ], [ 7.133450751582234, 51.419261697122408 ], [ 7.132445330523036, 51.419245677676514 ], [ 7.132470957754664, 51.418617036869875 ], [ 7.131465551400043, 51.418601009162387 ], [ 7.131439910391259, 51.419229649610578 ] ] ], [ [ [ 7.135410421903297, 51.420550993684806 ], [ 7.136415873297924, 51.420566987985922 ], [ 7.136441447271374, 51.4199383459014 ], [ 7.135436009655078, 51.419922351957943 ], [ 7.13546159648089, 51.41929371015415 ], [ 7.13445617356835, 51.419277707948297 ], [ 7.13443057296475, 51.419906349394246 ], [ 7.134404971434682, 51.420534990763244 ], [ 7.135410421903297, 51.420550993684806 ] ] ], [ [ [ 7.136390298398958, 51.421195629993541 ], [ 7.137395764497974, 51.421211616031691 ], [ 7.137421325618067, 51.420582973666583 ], [ 7.136415873297924, 51.420566987985922 ], [ 7.136390298398958, 51.421195629993541 ] ] ], [ [ [ 7.127109813199147, 51.426709113291032 ], [ 7.128115394978876, 51.426725180147869 ], [ 7.129120977688548, 51.426741238382469 ], [ 7.130126561327663, 51.42675728799481 ], [ 7.131132145895724, 51.426773328984858 ], [ 7.131157798042424, 51.426144689460379 ], [ 7.1321633697558, 51.426160721469586 ], [ 7.132189007191463, 51.425532081509601 ], [ 7.132214643699262, 51.424903441472644 ], [ 7.132240279279248, 51.424274801358713 ], [ 7.131234748912282, 51.424258770425048 ], [ 7.131209099550659, 51.424887410180467 ], [ 7.13020355633037, 51.42487137026658 ], [ 7.129198014038893, 51.424855321730995 ], [ 7.129223690963662, 51.424226682693167 ], [ 7.128218163383002, 51.424210625894993 ], [ 7.127212636732106, 51.424194560475335 ], [ 7.12718693224437, 51.42482319879479 ], [ 7.126181392742319, 51.424807124394206 ], [ 7.126155673542363, 51.425435762277154 ], [ 7.126129953411557, 51.426064400083071 ], [ 7.127135520477936, 51.426080475202632 ], [ 7.127109813199147, 51.426709113291032 ] ] ], [ [ [ 7.122081918267058, 51.426628649673866 ], [ 7.122107694459957, 51.426000013384908 ], [ 7.121102132053026, 51.425983895155461 ], [ 7.121076342077439, 51.426612531083961 ], [ 7.122081918267058, 51.426628649673866 ] ] ], [ [ [ 7.11847113106847, 51.441038856520187 ], [ 7.118496970112349, 51.44041022308641 ], [ 7.117491093382263, 51.440394070684761 ], [ 7.117465240544367, 51.441022703757277 ], [ 7.11847113106847, 51.441038856520187 ] ] ] ] } },
{ "type": "Feature", "properties": { "spot": "hotspot" }, "geometry": { "type": "MultiPolygon", "coordinates": [ [ [ [ 6.920021050474181, 51.466621712472453 ], [ 6.921027383703141, 51.466639565391155 ], [ 6.92099880711459, 51.467268121014584 ], [ 6.920970229491108, 51.46789667655888 ], [ 6.920941650832638, 51.468525232024042 ], [ 6.919935276177347, 51.468507377907294 ], [ 6.919906682674068, 51.469135932893955 ], [ 6.919878088135206, 51.46976448780147 ], [ 6.918871686895495, 51.469746624253482 ], [ 6.918843077510277, 51.470375178682275 ], [ 6.918814467088876, 51.471003733031907 ], [ 6.918785855631246, 51.471632287302391 ], [ 6.918757243137335, 51.472260841493707 ], [ 6.918728629607094, 51.472889395605883 ], [ 6.918700015040474, 51.473517949638889 ], [ 6.919706499152019, 51.473535815584562 ], [ 6.919677897362691, 51.474164369938073 ], [ 6.920684396323933, 51.474182227649599 ], [ 6.921690896320657, 51.474200076727271 ], [ 6.921662321123937, 51.474828631800399 ], [ 6.922668835970009, 51.474846472643307 ], [ 6.922640273553125, 51.475475028036406 ], [ 6.923646803248643, 51.475492860644145 ], [ 6.924653333978243, 51.475510684617603 ], [ 6.925659865741425, 51.475528499956752 ], [ 6.926666398537687, 51.475546306661577 ], [ 6.926637890348184, 51.476174863570066 ], [ 6.927644437992643, 51.476192662038692 ], [ 6.928650986669235, 51.47621045187276 ], [ 6.928622505079376, 51.476839009498299 ], [ 6.928594022457835, 51.477467567044783 ], [ 6.928565538804562, 51.478096124512234 ], [ 6.928537054119509, 51.47872468190063 ], [ 6.929543659095577, 51.478742464691258 ], [ 6.929515187196904, 51.479371022398411 ], [ 6.930521807022561, 51.479388796951291 ], [ 6.930550265102975, 51.478760238846512 ], [ 6.931556872141205, 51.478778004366369 ], [ 6.932563480209766, 51.478795761250815 ], [ 6.932591909623683, 51.478167202272374 ], [ 6.933598504904167, 51.478184950124358 ], [ 6.933626919470893, 51.477556390669882 ], [ 6.932620338007816, 51.47753864321492 ], [ 6.931613757574471, 51.477520887124911 ], [ 6.93164219874573, 51.476892328385645 ], [ 6.932648765362216, 51.476910084078462 ], [ 6.933655333008386, 51.476927831136422 ], [ 6.93466190168374, 51.476945569559497 ], [ 6.935668471387779, 51.476963299347673 ], [ 6.936675042120005, 51.476981020500936 ], [ 6.93670341317879, 51.476352459698646 ], [ 6.937709971122096, 51.476370171820747 ], [ 6.937738327337137, 51.475741610543281 ], [ 6.936731783209938, 51.4757238988174 ], [ 6.936760152213497, 51.475095337857191 ], [ 6.935753622929443, 51.475077617893156 ], [ 6.934747094673427, 51.475059889294776 ], [ 6.934775490279515, 51.474431329048578 ], [ 6.933768976866996, 51.474413592212656 ], [ 6.933797385259056, 51.473785032284233 ], [ 6.932790886689936, 51.473767287211153 ], [ 6.93281930786697, 51.473138727600691 ], [ 6.93181282414115, 51.473120974290858 ], [ 6.931841258102158, 51.472492414998513 ], [ 6.931869691033326, 51.471863855627163 ], [ 6.932876147132917, 51.471881608142738 ], [ 6.932904565221931, 51.471253048295274 ], [ 6.931898122934705, 51.471235296176786 ], [ 6.931926553806342, 51.470606736647404 ], [ 6.930920126360672, 51.470588976293101 ], [ 6.930948570013935, 51.469960417081978 ], [ 6.930977012637056, 51.469331857791829 ], [ 6.929970613843612, 51.469314089599571 ], [ 6.929999069246914, 51.468685530627837 ], [ 6.93002752361967, 51.468056971577084 ], [ 6.930055976961934, 51.467428412447305 ], [ 6.930084429273754, 51.466799853238477 ], [ 6.931090772829115, 51.466817619841031 ], [ 6.931062334326067, 51.467446179447251 ], [ 6.932068692720144, 51.467463937815289 ], [ 6.932040266996471, 51.468092497739725 ], [ 6.933046640229362, 51.468110247872872 ], [ 6.933018227286063, 51.468738808115347 ], [ 6.93402461535787, 51.468756550013183 ], [ 6.933996215195942, 51.469385110573526 ], [ 6.933967814005421, 51.470013671054886 ], [ 6.934974230727202, 51.470031405113716 ], [ 6.934945842319504, 51.47065996591278 ], [ 6.935952273880943, 51.470677691735318 ], [ 6.936958706470078, 51.470695408924882 ], [ 6.937965140086408, 51.470713117481424 ], [ 6.938971574729434, 51.470730817404949 ], [ 6.939978010398655, 51.470748508695415 ], [ 6.940984447093575, 51.470766191352801 ], [ 6.941012752631456, 51.470137628177618 ], [ 6.94104105714419, 51.4695090649235 ], [ 6.941069360631823, 51.468880501590483 ], [ 6.941097663094403, 51.46825193817854 ], [ 6.940091281643525, 51.468234257103241 ], [ 6.939084901218147, 51.46821656739565 ], [ 6.939113230275203, 51.467588004695969 ], [ 6.938106864685489, 51.467570306751973 ], [ 6.937100500122228, 51.467552600175907 ], [ 6.936094136585915, 51.467534884967797 ], [ 6.936122506044367, 51.466906323377387 ], [ 6.935116157344519, 51.466888599933696 ], [ 6.934109809672573, 51.466870867858198 ], [ 6.934138205720613, 51.466242306981883 ], [ 6.934166600740304, 51.465613746026584 ], [ 6.933160281713096, 51.465596006112932 ], [ 6.933188689511909, 51.464967445475445 ], [ 6.933217096281975, 51.464338884758952 ], [ 6.933245502023339, 51.463710323963475 ], [ 6.933273906736051, 51.463081763088987 ], [ 6.934280170536564, 51.463099501415506 ], [ 6.935286435365179, 51.46311723111139 ], [ 6.936292701221399, 51.463134952176603 ], [ 6.937298968104723, 51.463152664611158 ], [ 6.938305236014654, 51.463170368415007 ], [ 6.93827690033206, 51.463798931271398 ], [ 6.939283183074268, 51.463816626840341 ], [ 6.939254860172186, 51.46444519001362 ], [ 6.940261157746772, 51.464462877347245 ], [ 6.941267456346563, 51.464480556049722 ], [ 6.94123916003326, 51.465109119935143 ], [ 6.9412108626952, 51.465737683741658 ], [ 6.94221718993483, 51.46575535460348 ], [ 6.942188905380276, 51.466383918726336 ], [ 6.942160619801367, 51.467012482770315 ], [ 6.94316697568253, 51.467030145790737 ], [ 6.943138702888576, 51.4676587101509 ], [ 6.943110429070669, 51.468287274432157 ], [ 6.944116813595056, 51.46830492961044 ], [ 6.944088552563553, 51.468933494207739 ], [ 6.944060290508495, 51.469562058726169 ], [ 6.944032027429836, 51.470190623165699 ], [ 6.944003763327525, 51.470819187526359 ], [ 6.943975498201514, 51.471447751808135 ], [ 6.944981952806685, 51.471465400327816 ], [ 6.945010204120242, 51.470836835651269 ], [ 6.945038454410598, 51.470208270895839 ], [ 6.946044882414511, 51.470225909992998 ], [ 6.946073117870211, 51.469597344764132 ], [ 6.945066703677801, 51.469579706061552 ], [ 6.945094951921903, 51.468951141148366 ], [ 6.946101352303305, 51.468968779456404 ], [ 6.946129585713845, 51.468340214069826 ], [ 6.94615781810188, 51.467711648604393 ], [ 6.946186049467457, 51.467083083060082 ], [ 6.946214279810624, 51.466454517436922 ], [ 6.946242509131433, 51.465825951734914 ], [ 6.945236177797568, 51.465808315399478 ], [ 6.945264419904077, 51.465179750013093 ], [ 6.945292660987824, 51.46455118454783 ], [ 6.945320901048859, 51.463922619003696 ], [ 6.946327190960189, 51.463940254155688 ], [ 6.946355416192048, 51.463311688138241 ], [ 6.946383640401792, 51.462683122041916 ], [ 6.946411863589468, 51.462054555866757 ], [ 6.946440085755127, 51.461425989612721 ], [ 6.946468306898818, 51.460797423279843 ], [ 6.945462086015064, 51.46077979010002 ], [ 6.945490319940853, 51.460151224082672 ], [ 6.945518552844272, 51.459522657986462 ], [ 6.945546784725369, 51.458894091811381 ], [ 6.944540606274447, 51.45887645118524 ], [ 6.944512360590378, 51.459505016965743 ], [ 6.943506169359303, 51.459487367315333 ], [ 6.942499979151547, 51.459469709035261 ], [ 6.94149378996761, 51.459452042125541 ], [ 6.940487601807988, 51.459434366586201 ], [ 6.940515902703457, 51.458805802385925 ], [ 6.939509729371379, 51.458788118612524 ], [ 6.938503557064566, 51.458770426209739 ], [ 6.937497385783517, 51.458752725177568 ], [ 6.937525727060757, 51.458124162085532 ], [ 6.936519570608053, 51.458106452820118 ], [ 6.935513415182061, 51.458088734925582 ], [ 6.93450726078328, 51.458071008401937 ], [ 6.933501107412209, 51.458053273249192 ], [ 6.933529502869273, 51.457424711663741 ], [ 6.933557897298177, 51.456796149999271 ], [ 6.933586290698971, 51.456167588255816 ], [ 6.932580179758772, 51.456149845664555 ], [ 6.932608585931394, 51.455521284238934 ], [ 6.931602489819597, 51.455503533416241 ], [ 6.930596394736807, 51.455485773965272 ], [ 6.929590300683528, 51.455468005886068 ], [ 6.928584207660256, 51.455450229178645 ], [ 6.928555746288565, 51.456078789015017 ], [ 6.927549640496153, 51.456061003281597 ], [ 6.926543535734796, 51.456043208919802 ], [ 6.926515045732313, 51.456671767881311 ], [ 6.926486554698228, 51.457300326763743 ], [ 6.925480423367835, 51.457282522977216 ], [ 6.925451917501058, 51.45791108138237 ], [ 6.926458062632493, 51.457928885567121 ], [ 6.926429569535057, 51.458557444291408 ], [ 6.925423410602082, 51.458539639708434 ], [ 6.925394902670857, 51.459168197955407 ], [ 6.925366393707336, 51.459796756123311 ], [ 6.926372580244888, 51.459814561502768 ], [ 6.926344084052057, 51.46044311998984 ], [ 6.926315586827327, 51.461071678397836 ], [ 6.927321802003398, 51.461089475943929 ], [ 6.927293317550807, 51.46171803467093 ], [ 6.928299547562459, 51.461735823984995 ], [ 6.928271075883004, 51.462364383030852 ], [ 6.927264832066717, 51.462346593318877 ], [ 6.927236345551082, 51.462975151887761 ], [ 6.926230088961262, 51.462957353147374 ], [ 6.925223833403536, 51.462939545776514 ], [ 6.924217578878404, 51.462921729775225 ], [ 6.923211325386365, 51.462903905143484 ], [ 6.922205072927916, 51.462886071881364 ], [ 6.921198821503559, 51.462868229988835 ], [ 6.921227390848944, 51.462239673811503 ], [ 6.920221154263961, 51.462221823687877 ], [ 6.92019257111379, 51.462850379465955 ], [ 6.920163986928531, 51.463478935164879 ], [ 6.919157723768616, 51.46346107561218 ], [ 6.919129124742485, 51.464089630832504 ], [ 6.919100524680668, 51.464718185973659 ], [ 6.919071923583116, 51.465346741035681 ], [ 6.919043321449778, 51.465975296018527 ], [ 6.920049639835623, 51.465993157169208 ], [ 6.920021050474181, 51.466621712472453 ] ] ], [ [ [ 6.91375365781853, 51.471542834073524 ], [ 6.912747221370321, 51.47152491752891 ], [ 6.912775915697248, 51.470896365660145 ], [ 6.911769494099689, 51.470878440883602 ], [ 6.911798201198267, 51.47024988933655 ], [ 6.910791794451258, 51.470231956328462 ], [ 6.909785388744426, 51.47021401468789 ], [ 6.909814122423935, 51.469585463864071 ], [ 6.908807731568003, 51.469567513992565 ], [ 6.907801341753196, 51.469549555488825 ], [ 6.907772580453281, 51.470178105509419 ], [ 6.906766177869968, 51.470160137971554 ], [ 6.906737401717754, 51.470788687510961 ], [ 6.905730986366033, 51.470770710938609 ], [ 6.904724572057034, 51.470752725733689 ], [ 6.904695767240494, 51.471381274389387 ], [ 6.903689340163736, 51.471363280149433 ], [ 6.902682914130747, 51.471345277276761 ], [ 6.902654080648033, 51.471973825047925 ], [ 6.902625246121004, 51.472602372739772 ], [ 6.901618793509029, 51.472584360428606 ], [ 6.901589944125257, 51.473212907638178 ], [ 6.901561093696567, 51.473841454768433 ], [ 6.901532242222911, 51.474470001819327 ], [ 6.901503389704238, 51.475098548790882 ], [ 6.901474536140499, 51.475727095683112 ], [ 6.902481057819342, 51.475745110008987 ], [ 6.902452217025358, 51.47637365722484 ], [ 6.903458753563741, 51.476391663319454 ], [ 6.904465291146291, 51.476409660779829 ], [ 6.904494104310382, 51.475781112758597 ], [ 6.904522916430854, 51.475152564658075 ], [ 6.905529427427529, 51.475170552679387 ], [ 6.906535939467273, 51.475188532066774 ], [ 6.906564722916081, 51.474559983082379 ], [ 6.907571222184273, 51.474577953433865 ], [ 6.908577722494485, 51.474595915151575 ], [ 6.90958422384622, 51.474613868235529 ], [ 6.910590726238976, 51.474631812685658 ], [ 6.910561998046956, 51.475260363276867 ], [ 6.911568515294555, 51.475278299494391 ], [ 6.911539799876785, 51.475906850407583 ], [ 6.911511083418891, 51.476535401241534 ], [ 6.911482365920825, 51.47716395199626 ], [ 6.910475807227263, 51.477146014575013 ], [ 6.910447074872654, 51.477774564849241 ], [ 6.909440503403546, 51.477756618391936 ], [ 6.908433932975708, 51.477738663299867 ], [ 6.907427363589639, 51.477720699573055 ], [ 6.906420795245841, 51.477702727211515 ], [ 6.905414227944813, 51.477684746215282 ], [ 6.905385425466087, 51.478313294401005 ], [ 6.904378845391808, 51.478295304367649 ], [ 6.904350028052745, 51.478923852071631 ], [ 6.903343435205313, 51.478905853000782 ], [ 6.903314603004913, 51.479534400222818 ], [ 6.903285769760095, 51.480162947365521 ], [ 6.904292390242962, 51.480180947241656 ], [ 6.904263569772145, 51.480809494707707 ], [ 6.905270205117499, 51.480827486350897 ], [ 6.905241397421682, 51.481456034140123 ], [ 6.906248047629621, 51.481474017549942 ], [ 6.906219252709801, 51.482102565662181 ], [ 6.906190456746864, 51.48273111369511 ], [ 6.906161659740758, 51.483359661648763 ], [ 6.907168352452114, 51.483377637629097 ], [ 6.907139568223905, 51.484006185905592 ], [ 6.907110782952929, 51.484634734102812 ], [ 6.908117504349835, 51.484652702250607 ], [ 6.908146275799146, 51.484024153651426 ], [ 6.909152984416654, 51.484042112760577 ], [ 6.909181741002483, 51.483413563680365 ], [ 6.909210496546589, 51.4827850145209 ], [ 6.90923925104903, 51.482156465282181 ], [ 6.910245919246011, 51.482174414549981 ], [ 6.910274658887065, 51.481545864830466 ], [ 6.909268004509849, 51.4815279159642 ], [ 6.909296756929099, 51.480899366566966 ], [ 6.910303397487048, 51.480917315031697 ], [ 6.910332135046011, 51.480288765153702 ], [ 6.909325508306829, 51.480270817090471 ], [ 6.90935425864309, 51.479642267534722 ], [ 6.910360871564003, 51.479660215196454 ], [ 6.911367485525838, 51.479678154222825 ], [ 6.911396207185092, 51.479049603785043 ], [ 6.911424927803974, 51.478421053268022 ], [ 6.911453647382535, 51.477792502671761 ], [ 6.912460220932688, 51.477810431859474 ], [ 6.913466795522614, 51.477828352412367 ], [ 6.913495486428115, 51.477199800934926 ], [ 6.914502048240845, 51.47721771245228 ], [ 6.914530724291153, 51.476589160494953 ], [ 6.915537273326589, 51.476607062977145 ], [ 6.915565934522705, 51.475978510540159 ], [ 6.915594594680694, 51.47534995802399 ], [ 6.916601117123666, 51.475367851071127 ], [ 6.916629762429011, 51.474739298075519 ], [ 6.91763627209494, 51.474757182088467 ], [ 6.917664902548637, 51.47412862861362 ], [ 6.918671399437423, 51.474146503592749 ], [ 6.918700015040472, 51.473517949638889 ], [ 6.918728629607092, 51.472889395605883 ], [ 6.918757243137334, 51.472260841493707 ], [ 6.918785855631245, 51.471632287302391 ], [ 6.918814467088876, 51.471003733031907 ], [ 6.918843077510276, 51.470375178682275 ], [ 6.917836663496023, 51.470357306102066 ], [ 6.917865286691916, 51.46972875207306 ], [ 6.916858887524969, 51.469710871260204 ], [ 6.916830250518451, 51.470339424889225 ], [ 6.915823838578058, 51.470321535043809 ], [ 6.915795186723284, 51.470950088193476 ], [ 6.914788762009544, 51.470932189315114 ], [ 6.913782338334033, 51.470914281803992 ], [ 6.91375365781853, 51.471542834073524 ] ] ], [ [ [ 6.896326242416976, 51.478151073247879 ], [ 6.896355169242581, 51.477522528690969 ], [ 6.895348612396713, 51.477504461348857 ], [ 6.895319671755039, 51.478133005501597 ], [ 6.896326242416976, 51.478151073247879 ] ] ], [ [ [ 6.921925876763907, 51.491188887151829 ], [ 6.921897287431862, 51.491817440487942 ], [ 6.922904176490574, 51.491835283471033 ], [ 6.92293275199471, 51.49120672973573 ], [ 6.923939628260832, 51.491224563680532 ], [ 6.923968188902192, 51.490596009467133 ], [ 6.923996748508785, 51.489967455174643 ], [ 6.925003598155207, 51.489985279682742 ], [ 6.925032142900574, 51.48935672491239 ], [ 6.926038979754658, 51.489374540383146 ], [ 6.927045817642411, 51.489392347215315 ], [ 6.927017300550209, 51.490020902782625 ], [ 6.928024153297788, 51.490038701374353 ], [ 6.928052656563334, 51.489410145408861 ], [ 6.929059496516924, 51.489427934963786 ], [ 6.930066337502685, 51.489445715880052 ], [ 6.931073179520116, 51.489463488157654 ], [ 6.932080022568714, 51.489481251796562 ], [ 6.933086866647984, 51.489499006796741 ], [ 6.933115299749339, 51.488870448764175 ], [ 6.934122131032326, 51.488888194728617 ], [ 6.934150549277608, 51.48825963622005 ], [ 6.933143731820573, 51.488241890652631 ], [ 6.933172162861738, 51.487613332462068 ], [ 6.932165360260178, 51.487595578653497 ], [ 6.931158558689139, 51.487577816206773 ], [ 6.930151758149123, 51.487560045121953 ], [ 6.929144958640627, 51.487542265399043 ], [ 6.929116472298147, 51.488170821999667 ], [ 6.928109659996466, 51.4881530332407 ], [ 6.927102848727356, 51.488135235843494 ], [ 6.926096038491318, 51.488117429808071 ], [ 6.92508922928885, 51.488099615134423 ], [ 6.925060686611771, 51.488728170062949 ], [ 6.924053864617864, 51.488710346352384 ], [ 6.924025307080659, 51.489338900803062 ], [ 6.923018472295413, 51.489321068055197 ], [ 6.922011638545337, 51.489303226668788 ], [ 6.921983052320595, 51.489931780242252 ], [ 6.921954465060134, 51.490560333736603 ], [ 6.921925876763907, 51.491188887151829 ] ] ], [ [ [ 6.938470715357685, 51.370071562458477 ], [ 6.938442476077401, 51.370700135417728 ], [ 6.938414235776202, 51.37132870829803 ], [ 6.939418490274596, 51.371346380209722 ], [ 6.939446716842913, 51.370717806934444 ], [ 6.93947494239081, 51.37008923358021 ], [ 6.940479170444307, 51.370106896099756 ], [ 6.940507381239894, 51.36947832227181 ], [ 6.940535591015655, 51.368849748364916 ], [ 6.940563799771637, 51.368221174379102 ], [ 6.939559612912471, 51.368203513043852 ], [ 6.939587834379177, 51.367574939373824 ], [ 6.938583662270641, 51.367557269831906 ], [ 6.938611896447078, 51.366928696477864 ], [ 6.937607739089074, 51.366911018729652 ], [ 6.936603582752189, 51.366893332380258 ], [ 6.935599427436919, 51.366875637429693 ], [ 6.935571152071048, 51.367504209597804 ], [ 6.934566984048171, 51.367486505650412 ], [ 6.93453869392993, 51.368115077343823 ], [ 6.934510402788987, 51.368743648958251 ], [ 6.935514598272778, 51.368761353697067 ], [ 6.935486319840286, 51.369389925628212 ], [ 6.936490530077581, 51.369407622160836 ], [ 6.937494741336685, 51.369425310091529 ], [ 6.937466489345425, 51.370053882734588 ], [ 6.938470715357685, 51.370071562458477 ] ] ], [ [ [ 6.926846176297677, 51.493792234526175 ], [ 6.927853112015693, 51.493810035507295 ], [ 6.927881621478291, 51.493181480016105 ], [ 6.926874699589932, 51.493163679433238 ], [ 6.92690322184872, 51.492535124261245 ], [ 6.925896314822934, 51.492517315437048 ], [ 6.924889408831064, 51.492499497973299 ], [ 6.923882503873608, 51.492481671870024 ], [ 6.923853940127646, 51.493110225846131 ], [ 6.92382537534672, 51.49373877974314 ], [ 6.923796809530777, 51.494367333561044 ], [ 6.924803755976756, 51.494385160860837 ], [ 6.925810703457297, 51.494402979520508 ], [ 6.926817651971906, 51.494420789540051 ], [ 6.926846176297677, 51.493792234526175 ] ] ], [ [ [ 6.945002742773553, 51.358863090792781 ], [ 6.943998757746146, 51.358845469772689 ], [ 6.94397060545186, 51.35947404612515 ], [ 6.943942452140011, 51.360102622398713 ], [ 6.944946464615341, 51.36012024420647 ], [ 6.944974604202981, 51.359491667539068 ], [ 6.945002742773553, 51.358863090792781 ] ] ], [ [ [ 6.945669163551711, 51.366423623687041 ], [ 6.946673315331078, 51.366441232231438 ], [ 6.946701437633611, 51.365812655565641 ], [ 6.947705576700283, 51.365830255115512 ], [ 6.94773368425744, 51.365201677977481 ], [ 6.947761790798579, 51.364573100760595 ], [ 6.946757679189035, 51.364555501997444 ], [ 6.945753568595957, 51.364537894633663 ], [ 6.945725434598235, 51.365166471063667 ], [ 6.944721311293901, 51.365148854705588 ], [ 6.944693162550455, 51.365777430662973 ], [ 6.945697299583504, 51.365795047414778 ], [ 6.945669163551711, 51.366423623687041 ] ] ], [ [ [ 6.944524248719439, 51.369548884750522 ], [ 6.945528468135178, 51.369566503865009 ], [ 6.945500326000015, 51.370195079663965 ], [ 6.945472182847455, 51.370823655384022 ], [ 6.945444038677447, 51.371452231025216 ], [ 6.946448300308713, 51.37146984271849 ], [ 6.946420168854927, 51.372098418674447 ], [ 6.947424445236959, 51.372116022158465 ], [ 6.947396326500386, 51.37274459842903 ], [ 6.94840061763328, 51.372762193703394 ], [ 6.949404909782279, 51.372779780374643 ], [ 6.950409202946888, 51.372797358442732 ], [ 6.950437280480386, 51.372168780992894 ], [ 6.950465356998819, 51.371540203464228 ], [ 6.950493432502234, 51.370911625856742 ], [ 6.950521506990679, 51.370283048170421 ], [ 6.950549580464204, 51.36965447040528 ], [ 6.950577652922856, 51.369025892561297 ], [ 6.949573442157254, 51.369008316850447 ], [ 6.949601527332516, 51.368379739320481 ], [ 6.948597331313616, 51.368362155400646 ], [ 6.947593136310485, 51.368344562879017 ], [ 6.946588942323614, 51.368326961755621 ], [ 6.945584749353501, 51.368309352030465 ], [ 6.945612888436759, 51.367680775994877 ], [ 6.944608710214595, 51.367663158061767 ], [ 6.944636862010849, 51.367034582341056 ], [ 6.945641026502813, 51.367052199880405 ], [ 6.945669163551711, 51.366423623687041 ], [ 6.944665012789454, 51.36640600654146 ], [ 6.943660863044797, 51.366388380794753 ], [ 6.943632698536537, 51.367016956200409 ], [ 6.943604533010131, 51.367645531527145 ], [ 6.94260035682386, 51.367627896391021 ], [ 6.94257217654866, 51.368256471244685 ], [ 6.94357636646553, 51.368274106774983 ], [ 6.944580557400641, 51.368291733703579 ], [ 6.944552403568939, 51.3689203092665 ], [ 6.944524248719439, 51.369548884750522 ] ] ], [ [ [ 6.940168784370361, 51.377021202997419 ], [ 6.939164405232826, 51.377003536134637 ], [ 6.938160027116198, 51.376985860667553 ], [ 6.93813177660317, 51.37761443275825 ], [ 6.937127385770157, 51.377596748291587 ], [ 6.937099120497392, 51.37822531990804 ], [ 6.937070854202635, 51.378853891445516 ], [ 6.937042586885832, 51.379482462904015 ], [ 6.936038155858569, 51.379464768646407 ], [ 6.936009873779951, 51.380093339630413 ], [ 6.937014318546938, 51.380111034283544 ], [ 6.936986049185902, 51.380739605584104 ], [ 6.937990508715298, 51.380757292027369 ], [ 6.938994969266389, 51.380774969865186 ], [ 6.939999430838677, 51.380792639097571 ], [ 6.941003893431668, 51.380810299724466 ], [ 6.941032107831341, 51.380181726843688 ], [ 6.941060321210855, 51.37955315388399 ], [ 6.94108853357026, 51.37892458084535 ], [ 6.942092955963557, 51.37894223168307 ], [ 6.942121153563926, 51.378313658170967 ], [ 6.942149350144779, 51.377685084579944 ], [ 6.941144955228937, 51.377667434531297 ], [ 6.940140561333056, 51.377649775878126 ], [ 6.940168784370361, 51.377021202997419 ] ] ], [ [ [ 6.939594667314572, 51.456902426724689 ], [ 6.94060079924146, 51.456920109311554 ], [ 6.940572501420145, 51.457548673748597 ], [ 6.941578648172933, 51.457566348101935 ], [ 6.941606932192969, 51.456937783269581 ], [ 6.942613066168599, 51.456955448598748 ], [ 6.942641335363684, 51.456326883292377 ], [ 6.942669603535197, 51.455698317907093 ], [ 6.942697870683186, 51.455069752442917 ], [ 6.941691778108551, 51.455052088299034 ], [ 6.941720058032398, 51.454423523151029 ], [ 6.940713980281022, 51.454405850774158 ], [ 6.939707903554069, 51.454388169769217 ], [ 6.938701827852039, 51.454370480136241 ], [ 6.937695753175431, 51.45435278187523 ], [ 6.936689679524742, 51.454335074986233 ], [ 6.936661330604958, 51.454963638155959 ], [ 6.936632980658708, 51.455592201246731 ], [ 6.936604629685942, 51.456220764258525 ], [ 6.937610744735395, 51.456238472335677 ], [ 6.938616860810914, 51.45625617178424 ], [ 6.939622977912, 51.456273862604228 ], [ 6.939594667314572, 51.456902426724689 ] ] ], [ [ [ 6.93383789194226, 51.495173775470043 ], [ 6.933809462368445, 51.495802333109758 ], [ 6.933781031764469, 51.496430890670482 ], [ 6.933752600130281, 51.497059448152221 ], [ 6.934759612226411, 51.497077190637718 ], [ 6.934788030028097, 51.496448632759027 ], [ 6.935795029321435, 51.496466366206661 ], [ 6.935823432261357, 51.495837807852233 ], [ 6.935851834172118, 51.495209249418835 ], [ 6.934844862542382, 51.495191516764699 ], [ 6.93383789194226, 51.495173775470043 ] ] ], [ [ [ 6.947530940418526, 51.459557914138777 ], [ 6.947502735122195, 51.460186481023591 ], [ 6.947474528804491, 51.460815047829549 ], [ 6.946468306898819, 51.460797423279843 ], [ 6.946440085755128, 51.461425989612721 ], [ 6.946411863589469, 51.462054555866757 ], [ 6.946383640401792, 51.462683122041916 ], [ 6.946355416192049, 51.463311688138241 ], [ 6.94632719096019, 51.463940254155688 ], [ 6.947333481893684, 51.46395788067661 ], [ 6.948339773848845, 51.463975498566434 ], [ 6.948311575208995, 51.464604065293386 ], [ 6.947305269446724, 51.464586447009474 ], [ 6.947277055978048, 51.465215013263503 ], [ 6.948283375547927, 51.465232631941504 ], [ 6.949289696139068, 51.465250241988002 ], [ 6.949261509264897, 51.465878808951196 ], [ 6.948255174865596, 51.46586119851078 ], [ 6.947248841487609, 51.465843579438676 ], [ 6.947220625975359, 51.466472145535008 ], [ 6.948226973161955, 51.466489765001221 ], [ 6.94923332136991, 51.466507375835548 ], [ 6.950239670598728, 51.466524978037974 ], [ 6.951246020847909, 51.466542571608471 ], [ 6.951217859550517, 51.467171139201305 ], [ 6.951189697233212, 51.467799706715319 ], [ 6.950183319365025, 51.467782112357703 ], [ 6.950155142217508, 51.468410679399348 ], [ 6.94914875155958, 51.46839307601568 ], [ 6.948142361922662, 51.468375463999521 ], [ 6.948170566690535, 51.467746897745592 ], [ 6.948198770436949, 51.467118331412834 ], [ 6.947192409441248, 51.46710071155249 ], [ 6.947164191885228, 51.467729277491117 ], [ 6.947135973307251, 51.468357843350894 ], [ 6.946129585713847, 51.468340214069826 ], [ 6.946101352303307, 51.468968779456404 ], [ 6.946073117870212, 51.469597344764132 ], [ 6.946044882414513, 51.470225909992998 ], [ 6.94601664593616, 51.470854475142993 ], [ 6.945988408435107, 51.471483040214132 ], [ 6.946994865086277, 51.471500671467055 ], [ 6.946966640375524, 51.472129236853739 ], [ 6.947973111862047, 51.472146859867465 ], [ 6.947944899942594, 51.472775425569523 ], [ 6.946938414642471, 51.472757802161574 ], [ 6.946910187887068, 51.473386367390553 ], [ 6.947916687001291, 51.47340399119274 ], [ 6.947888473038089, 51.474032556737114 ], [ 6.948894986988854, 51.47405017229935 ], [ 6.948866785818852, 51.474678738158929 ], [ 6.949873314606262, 51.474696345480815 ], [ 6.949845126230458, 51.475324911655463 ], [ 6.950851669854608, 51.475342510736596 ], [ 6.950823494274001, 51.47597107722612 ], [ 6.950795317672796, 51.476599643636845 ], [ 6.950767140050949, 51.477228209968743 ], [ 6.950738961408408, 51.477856776221842 ], [ 6.950710781745125, 51.478485342396141 ], [ 6.949704169034763, 51.478467741346421 ], [ 6.949675974531949, 51.479096307048138 ], [ 6.949647779007795, 51.479724872671049 ], [ 6.949619582462254, 51.48035343821514 ], [ 6.948612929315608, 51.480335827347965 ], [ 6.9476062771909, 51.480318207844626 ], [ 6.947578051983589, 51.48094677252174 ], [ 6.94858471792844, 51.480964392419239 ], [ 6.948556505519285, 51.481592957411706 ], [ 6.948528292088097, 51.482221522325325 ], [ 6.949534986696813, 51.482239134374474 ], [ 6.949506786065231, 51.482867699603283 ], [ 6.949478584412018, 51.483496264753263 ], [ 6.950485307686296, 51.483513868953295 ], [ 6.950457118834139, 51.484142434418303 ], [ 6.951463856952385, 51.484160030374831 ], [ 6.951492031981754, 51.48353146451619 ], [ 6.951520205990442, 51.482902898578743 ], [ 6.951548378978498, 51.482274332562497 ], [ 6.951576550945969, 51.481645766467466 ], [ 6.951604721892906, 51.481017200293621 ], [ 6.9526113919227, 51.481034785645633 ], [ 6.952639548028813, 51.480406218999583 ], [ 6.953646205258208, 51.480423795321983 ], [ 6.953674346524497, 51.479795228203955 ], [ 6.954680990953396, 51.479812795497082 ], [ 6.955687636401183, 51.479830354154139 ], [ 6.956694282867361, 51.479847904175095 ], [ 6.956666183061023, 51.480476472471544 ], [ 6.957672844365173, 51.480494014248798 ], [ 6.958679506686763, 51.480511547389725 ], [ 6.958651433503697, 51.481140116392105 ], [ 6.958623359303641, 51.481768685315757 ], [ 6.95859528408655, 51.482397254160681 ], [ 6.959601988888612, 51.482414779841427 ], [ 6.96060869470726, 51.482432296885221 ], [ 6.961615401541994, 51.482449805292049 ], [ 6.961643435293908, 51.481821235271489 ], [ 6.962650129322405, 51.481838734649834 ], [ 6.963656824365942, 51.481856225391354 ], [ 6.963684829459622, 51.481227654509333 ], [ 6.963712833538811, 51.480599083548647 ], [ 6.964719501954543, 51.480616564871148 ], [ 6.964747491198871, 51.479987993440723 ], [ 6.965754146808075, 51.480005465735871 ], [ 6.96578212121854, 51.479376893835919 ], [ 6.96678876402112, 51.479394357104084 ], [ 6.966760803430675, 51.480022929394721 ], [ 6.967767461066166, 51.480040384417244 ], [ 6.967795407836546, 51.479411811736128 ], [ 6.968802052664316, 51.479429257732029 ], [ 6.968774119714053, 51.480057830803418 ], [ 6.968746185751894, 51.480686403796213 ], [ 6.968718250777792, 51.481314976710372 ], [ 6.969724938079399, 51.481332415240438 ], [ 6.969752859232338, 51.480703841936133 ], [ 6.969780779373832, 51.480075268553243 ], [ 6.969808698503933, 51.479446695091745 ], [ 6.969836616622686, 51.478818121551626 ], [ 6.968829984602733, 51.478800684582005 ], [ 6.968857915529354, 51.478172111353359 ], [ 6.968885845444225, 51.477543538046085 ], [ 6.968913774347394, 51.476914964660224 ], [ 6.969920364911353, 51.476932400459653 ], [ 6.970926956486465, 51.476949827623677 ], [ 6.970954856742602, 51.476321253379297 ], [ 6.969948278985203, 51.476303826605132 ], [ 6.968941702238912, 51.476286391195735 ], [ 6.968969629118824, 51.475657817652625 ], [ 6.968997554987181, 51.475029244030914 ], [ 6.967991006886228, 51.475011800766758 ], [ 6.968018945559197, 51.474383227456634 ], [ 6.968046883220206, 51.473754654067875 ], [ 6.968074819869305, 51.473126080600501 ], [ 6.968102755506542, 51.472497507054499 ], [ 6.968130690131966, 51.471868933429882 ], [ 6.967124212118377, 51.471851483482794 ], [ 6.96715215954561, 51.471222910169885 ], [ 6.967180105960626, 51.470594336778341 ], [ 6.967208051363473, 51.469965763308167 ], [ 6.967235995754203, 51.469337189759337 ], [ 6.967263939132861, 51.468708616131892 ], [ 6.967291881499496, 51.468080042425811 ], [ 6.967319822854156, 51.467451468641087 ], [ 6.966313442537019, 51.467434012793731 ], [ 6.966341396689785, 51.466805439320837 ], [ 6.965335031195054, 51.466787975231689 ], [ 6.965307063232308, 51.467416548313935 ], [ 6.96430068494052, 51.467399075201698 ], [ 6.963294307662156, 51.46738159345707 ], [ 6.963266311065668, 51.468010165678727 ], [ 6.963238313455212, 51.46863873782172 ], [ 6.9622319095696, 51.46862124666221 ], [ 6.962203897133788, 51.469249818335264 ], [ 6.961197480451411, 51.469232318151541 ], [ 6.960191064784098, 51.469214809334893 ], [ 6.959184650132353, 51.469197291885344 ], [ 6.958178236496672, 51.469179765802906 ], [ 6.958206304177333, 51.468551195696847 ], [ 6.958234370841478, 51.46792262551206 ], [ 6.959240756855379, 51.467940150810428 ], [ 6.959268808692915, 51.467311580154892 ], [ 6.959296859514534, 51.466683009420628 ], [ 6.959324909320281, 51.46605443860765 ], [ 6.960331254921077, 51.466071954098084 ], [ 6.96035928990231, 51.465443382814613 ], [ 6.960387323868267, 51.464814811452413 ], [ 6.961393642867405, 51.46483231752773 ], [ 6.961421662010394, 51.464203745695244 ], [ 6.961449680138704, 51.463575173784065 ], [ 6.961477697252384, 51.462946601794201 ], [ 6.960471419674978, 51.462929096893575 ], [ 6.960499449580322, 51.462300525216548 ], [ 6.960527478470634, 51.461671953460822 ], [ 6.959521229520203, 51.461654440712692 ], [ 6.959549271200731, 51.461025869269967 ], [ 6.958543037070933, 51.461008348283173 ], [ 6.958571091540678, 51.460379777153612 ], [ 6.957564872231417, 51.460362247928565 ], [ 6.956558653938537, 51.460344710073379 ], [ 6.95555243666254, 51.460327163588055 ], [ 6.954546220403925, 51.460309608472635 ], [ 6.954574329073911, 51.459681038833828 ], [ 6.954602436726065, 51.459052469116259 ], [ 6.95359624909265, 51.459034906156454 ], [ 6.953624369529933, 51.45840633675293 ], [ 6.952618196717664, 51.458388765556478 ], [ 6.952646329939079, 51.457760196467198 ], [ 6.951640171947856, 51.457742617034476 ], [ 6.951612024924125, 51.458371185730556 ], [ 6.951583876881164, 51.458999754347822 ], [ 6.951555727818923, 51.45962832288631 ], [ 6.951527577737354, 51.460256891345978 ], [ 6.951499426636409, 51.460885459726846 ], [ 6.950493200648045, 51.460867869697793 ], [ 6.949486975679603, 51.460850271038538 ], [ 6.949515154389026, 51.460221703444731 ], [ 6.948508944245174, 51.460204096549141 ], [ 6.948537135737887, 51.459575529270325 ], [ 6.947530940418526, 51.459557914138777 ] ] ], [ [ [ 6.952160755473543, 51.491091841266908 ], [ 6.953167647717473, 51.491109424275237 ], [ 6.953195806320842, 51.490480858496454 ], [ 6.954202685756607, 51.49049843247208 ], [ 6.954230829511825, 51.489869866221348 ], [ 6.954258972247374, 51.489241299891837 ], [ 6.954287113963301, 51.488612733483578 ], [ 6.953280276009834, 51.488595160687446 ], [ 6.953252120466974, 51.489223726702555 ], [ 6.952245269706696, 51.489206144874316 ], [ 6.952273439076439, 51.488577579252549 ], [ 6.952301607425611, 51.487949013551983 ], [ 6.952329774754259, 51.487320447772625 ], [ 6.951322966493606, 51.487302858486039 ], [ 6.951294785339123, 51.487931423871885 ], [ 6.951266603163616, 51.488559989178924 ], [ 6.950259768271866, 51.48854239046657 ], [ 6.949252934401686, 51.488524783115523 ], [ 6.949224723551583, 51.489153347556119 ], [ 6.950231571248501, 51.48917095530107 ], [ 6.950203373203514, 51.489799520056771 ], [ 6.950175174136858, 51.490428084733658 ], [ 6.951182050510468, 51.490445684627225 ], [ 6.951153864250379, 51.491074249619061 ], [ 6.952160755473543, 51.491091841266908 ] ] ], [ [ [ 6.945921606988128, 51.495386100727487 ], [ 6.945949869556561, 51.494757538258398 ], [ 6.944942901489751, 51.49473989240532 ], [ 6.944914625089776, 51.495368454479603 ], [ 6.945921606988128, 51.495386100727487 ] ] ], [ [ [ 6.960390049657782, 51.442168689385205 ], [ 6.961395870878946, 51.442186189995134 ], [ 6.961367873430585, 51.4428147641907 ], [ 6.961339874968692, 51.443443338307574 ], [ 6.96131187549322, 51.444071912345755 ], [ 6.960306012899839, 51.444054410561606 ], [ 6.960277998619006, 51.444682984129656 ], [ 6.960249983323998, 51.445311557618986 ], [ 6.959244094160868, 51.445294046426419 ], [ 6.959216064058956, 51.44592261944539 ], [ 6.960221967014771, 51.445940131029602 ], [ 6.960193949691271, 51.446568704361511 ], [ 6.961199867454587, 51.446586207711412 ], [ 6.961227870984855, 51.445957633988051 ], [ 6.962233775968712, 51.44597512832074 ], [ 6.962261764692427, 51.445346554127418 ], [ 6.963267656896727, 51.445364039443248 ], [ 6.964273550113754, 51.445381516133466 ], [ 6.964301510239534, 51.444752941079535 ], [ 6.965307390676363, 51.444770408753435 ], [ 6.965335335998032, 51.444141833230198 ], [ 6.965363280308068, 51.443513257628283 ], [ 6.966369134173122, 51.443530715895804 ], [ 6.966397063680592, 51.442902139824788 ], [ 6.966424992177024, 51.442273563675137 ], [ 6.965419165893435, 51.442256106188488 ], [ 6.965447107168862, 51.441627530350608 ], [ 6.965475047432847, 51.440998954434072 ], [ 6.964469249740121, 51.440981489103933 ], [ 6.964497202781656, 51.440352913499332 ], [ 6.964525154811349, 51.439724337816052 ], [ 6.964553105829247, 51.439095762054116 ], [ 6.963547350513592, 51.439078289272004 ], [ 6.962541596210179, 51.43906080786622 ], [ 6.961535842919506, 51.439043317836763 ], [ 6.961507850538067, 51.439671892425835 ], [ 6.960502084472885, 51.439654393381375 ], [ 6.960474077289909, 51.440282967500401 ], [ 6.960446069093099, 51.440911541540707 ], [ 6.960418059882406, 51.44154011550232 ], [ 6.960390049657782, 51.442168689385205 ] ] ], [ [ [ 6.958013826425883, 51.45030510542086 ], [ 6.958041877428318, 51.449676533344871 ], [ 6.957035893736551, 51.449659002156842 ], [ 6.957007828938039, 51.450287573840733 ], [ 6.958013826425883, 51.45030510542086 ] ] ], [ [ [ 6.957167122583254, 51.491808237184671 ], [ 6.957139017257326, 51.492436804377554 ], [ 6.956132093276668, 51.492419255142224 ], [ 6.956103973102296, 51.493047821863726 ], [ 6.956075851909011, 51.493676388506486 ], [ 6.955068901286658, 51.493658829845501 ], [ 6.955040765243379, 51.494287396016659 ], [ 6.95501262818059, 51.49491596210904 ], [ 6.954984490098241, 51.495544528122693 ], [ 6.953977499000903, 51.495526959642199 ], [ 6.953949346066461, 51.496155525184001 ], [ 6.953921192111864, 51.496784090647012 ], [ 6.95492821087467, 51.496801659913672 ], [ 6.954900069733348, 51.497430225691012 ], [ 6.955907103349391, 51.49744778670928 ], [ 6.955878975022348, 51.498076352800787 ], [ 6.956886023491725, 51.498093905570236 ], [ 6.95685790797996, 51.498722471975718 ], [ 6.957864971302771, 51.498740016495987 ], [ 6.958872035643934, 51.498757552374293 ], [ 6.959879101002945, 51.498775079610631 ], [ 6.960886167379309, 51.498792598204979 ], [ 6.961893234772523, 51.498810108157322 ], [ 6.961921281110649, 51.498181539791069 ], [ 6.960914227552261, 51.498164030230484 ], [ 6.960942286708412, 51.497535462177296 ], [ 6.960970344847809, 51.496906894045409 ], [ 6.960998401970503, 51.496278325834822 ], [ 6.961026458076541, 51.495649757545536 ], [ 6.962033456300632, 51.495667265539147 ], [ 6.96206149755774, 51.495038696779446 ], [ 6.963068482965566, 51.495056195740467 ], [ 6.963096509374745, 51.494427626510564 ], [ 6.963124534768413, 51.493799057202004 ], [ 6.96211757702383, 51.493781559024008 ], [ 6.962145615232909, 51.49315299002825 ], [ 6.962173652426075, 51.492524420953821 ], [ 6.961166723358597, 51.492506914918685 ], [ 6.961194773365722, 51.491878346157229 ], [ 6.960187859144383, 51.491860831873872 ], [ 6.960215921964466, 51.491232263425559 ], [ 6.960243983767784, 51.490603694898546 ], [ 6.960272044554383, 51.489975126292819 ], [ 6.959265172836033, 51.48995760454568 ], [ 6.958258302134852, 51.489940074159271 ], [ 6.957251432451341, 51.489922535133609 ], [ 6.956244563785999, 51.489904987468719 ], [ 6.956216447686793, 51.49053355450522 ], [ 6.956188330568869, 51.49116212146297 ], [ 6.957195226890867, 51.491179669913059 ], [ 6.957167122583254, 51.491808237184671 ] ] ], [ [ [ 6.965978014882444, 51.452330772631747 ], [ 6.965950070203601, 51.452959347523013 ], [ 6.965922124512943, 51.453587922335636 ], [ 6.965894177810428, 51.454216497069581 ], [ 6.966900267210326, 51.454233953347867 ], [ 6.966872333295904, 51.454862528393626 ], [ 6.966844398370025, 51.455491103360728 ], [ 6.966816462432639, 51.456119678249209 ], [ 6.966788525483698, 51.456748253059033 ], [ 6.966760587523154, 51.457376827790206 ], [ 6.965754429118258, 51.457359369559605 ], [ 6.965726476343566, 51.457987943821657 ], [ 6.965698522556677, 51.458616518005044 ], [ 6.964692337558535, 51.458599050363716 ], [ 6.964664368955954, 51.459227624077748 ], [ 6.964636399340579, 51.459856197713123 ], [ 6.963630187747889, 51.459838720660265 ], [ 6.963602203315276, 51.460467293826049 ], [ 6.963574217869273, 51.461095866913162 ], [ 6.963546231409833, 51.461724439921589 ], [ 6.963518243936906, 51.462353012851338 ], [ 6.964524510750169, 51.462370491467951 ], [ 6.964496536070097, 51.462999064709997 ], [ 6.964468560376941, 51.46362763787338 ], [ 6.964440583670652, 51.464256210958098 ], [ 6.965446892917766, 51.464273682116193 ], [ 6.966453203177563, 51.464291144642822 ], [ 6.966425253074014, 51.464919718430295 ], [ 6.966397301958234, 51.465548292139118 ], [ 6.967403640846779, 51.46556574681513 ], [ 6.968409980747105, 51.465583192859235 ], [ 6.969416321658713, 51.465600630271453 ], [ 6.969444231348751, 51.464972055391911 ], [ 6.970450559462464, 51.46498948378234 ], [ 6.970478454333589, 51.464360908434344 ], [ 6.970506348194529, 51.463732333007755 ], [ 6.971512649702523, 51.463749751987145 ], [ 6.971540528746095, 51.463121176092329 ], [ 6.972546817456452, 51.463138586050896 ], [ 6.972574681683655, 51.46251000968806 ], [ 6.972602544901815, 51.461881433246646 ], [ 6.972630407110979, 51.461252856726659 ], [ 6.972658268311196, 51.46062428012808 ], [ 6.973664502806336, 51.460641679898572 ], [ 6.973692349192824, 51.460013102832228 ], [ 6.973720194570959, 51.459384525687327 ], [ 6.974726402465242, 51.459401916049366 ], [ 6.974754233031194, 51.458773338436913 ], [ 6.974782062589388, 51.458144760745917 ], [ 6.974809891139875, 51.457516182976342 ], [ 6.974837718682701, 51.456887605128223 ], [ 6.974865545217914, 51.456259027201547 ], [ 6.974893370745563, 51.455630449196313 ], [ 6.974921195265695, 51.455001871112529 ], [ 6.974949018778362, 51.454373292950187 ], [ 6.974976841283605, 51.453744714709288 ], [ 6.97500466278148, 51.453116136389831 ], [ 6.975032483272029, 51.452487557991823 ], [ 6.975060302755304, 51.451858979515251 ], [ 6.975088121231352, 51.451230400960135 ], [ 6.97511593870022, 51.450601822326448 ], [ 6.975143755161957, 51.449973243614224 ], [ 6.975171570616611, 51.449344664823442 ], [ 6.97519938506423, 51.448716085954111 ], [ 6.975227198504863, 51.448087507006207 ], [ 6.975255010938556, 51.447458927979774 ], [ 6.975282822365361, 51.446830348874762 ], [ 6.975310632785321, 51.446201769691207 ], [ 6.975338442198488, 51.445573190429101 ], [ 6.974332537874359, 51.445555808622039 ], [ 6.97436036007369, 51.444927229670107 ], [ 6.974388181265823, 51.444298650639631 ], [ 6.97441600145081, 51.443670071530583 ], [ 6.975421864397704, 51.443687452171446 ], [ 6.975449669784174, 51.443058872595138 ], [ 6.974443820628695, 51.443041492342971 ], [ 6.974471638799528, 51.442412913076794 ], [ 6.974499455963357, 51.441784333732066 ], [ 6.973493635396168, 51.441766945632594 ], [ 6.973521465342913, 51.441138366598167 ], [ 6.972515659573002, 51.441120970263107 ], [ 6.972543502301666, 51.440492391539152 ], [ 6.971537711328936, 51.44047498696888 ], [ 6.971565566838525, 51.439846408555567 ], [ 6.970559790662881, 51.439828995750482 ], [ 6.969554015496041, 51.439811574321361 ], [ 6.96952613240904, 51.44044015195562 ], [ 6.968520344462869, 51.440422721512682 ], [ 6.968492446577384, 51.441051298678502 ], [ 6.968464547682002, 51.441679875765701 ], [ 6.969470363206937, 51.441697306988289 ], [ 6.970476179741319, 51.441714729586295 ], [ 6.970448307416299, 51.442343307374351 ], [ 6.971454138749856, 51.442360721737209 ], [ 6.971426279206562, 51.442989299836128 ], [ 6.97139841865472, 51.443617877856468 ], [ 6.970392559739217, 51.443600462714663 ], [ 6.970364684387059, 51.444229040266912 ], [ 6.970336808025761, 51.444857617740546 ], [ 6.969330922535508, 51.444840193194175 ], [ 6.969303031372349, 51.445468770199511 ], [ 6.969275139199455, 51.446097347126226 ], [ 6.96826922713315, 51.446079913174508 ], [ 6.968241320156854, 51.446708489632684 ], [ 6.968213412170225, 51.447337066012238 ], [ 6.967207473526566, 51.447319622654369 ], [ 6.967179550734992, 51.447948198565157 ], [ 6.966173599307694, 51.4479307461907 ], [ 6.965167648891819, 51.447913285189792 ], [ 6.965139697499334, 51.448541860241072 ], [ 6.964133734300463, 51.448524390223014 ], [ 6.964105768100588, 51.449152964804917 ], [ 6.964077800888195, 51.449781539308127 ], [ 6.964049832663235, 51.450410113732687 ], [ 6.965055837249855, 51.45042758492297 ], [ 6.965027881809193, 51.451056159659615 ], [ 6.966033901204892, 51.451073622613279 ], [ 6.966005958549526, 51.451702197661838 ], [ 6.965978014882444, 51.452330772631747 ] ] ], [ [ [ 6.97150674688225, 51.418457296170168 ], [ 6.970501440234377, 51.418439887981755 ], [ 6.969496134594168, 51.418422471175866 ], [ 6.969523996155454, 51.41779389117962 ], [ 6.968518705294573, 51.417776466145924 ], [ 6.968490829962123, 51.418405045752536 ], [ 6.968462953621013, 51.419033625280527 ], [ 6.969468272024721, 51.419051051093497 ], [ 6.97047359143664, 51.419068468288835 ], [ 6.971478911856272, 51.419085876866511 ], [ 6.97150674688225, 51.418457296170168 ] ] ], [ [ [ 6.967347763196893, 51.466822894777735 ], [ 6.967375702527751, 51.46619432083574 ], [ 6.966369349830174, 51.466176865769306 ], [ 6.966341396689785, 51.466805439320837 ], [ 6.967347763196893, 51.466822894777735 ] ] ], [ [ [ 6.970424579007416, 51.488264150582715 ], [ 6.970396659540597, 51.488892723333777 ], [ 6.971403514758792, 51.488910149267888 ], [ 6.972410370988057, 51.488927566562879 ], [ 6.973417228227895, 51.488944975218715 ], [ 6.973445106212795, 51.488316401298654 ], [ 6.97347298318767, 51.487687827300029 ], [ 6.973500859152569, 51.487059253222839 ], [ 6.973528734107543, 51.486430679067084 ], [ 6.973556608052636, 51.485802104832757 ], [ 6.972549819944573, 51.485784698124192 ], [ 6.97154303284684, 51.485767282777431 ], [ 6.970536246759937, 51.485749858792524 ], [ 6.970508331338923, 51.486378431857958 ], [ 6.97048041490653, 51.48700700484482 ], [ 6.97045249746271, 51.487635577753075 ], [ 6.969445670910008, 51.487618143959956 ], [ 6.969417738628002, 51.488246716399559 ], [ 6.970424579007416, 51.488264150582715 ] ] ], [ [ [ 6.96799158610065, 51.49765784488374 ], [ 6.967963623785792, 51.498286415675189 ], [ 6.967935660457634, 51.498914986388009 ], [ 6.96790769611613, 51.499543557022207 ], [ 6.966900608796707, 51.499526098531739 ], [ 6.966872629605691, 51.500154668696688 ], [ 6.966844649400727, 51.500783238783001 ], [ 6.966816668181771, 51.501411808790685 ], [ 6.965809540366538, 51.501394340485383 ], [ 6.965781544295971, 51.50202291002357 ], [ 6.964774403657757, 51.502005432684335 ], [ 6.964746392734577, 51.502634001752824 ], [ 6.965753547210812, 51.50265147948312 ], [ 6.966760702701686, 51.502668948570147 ], [ 6.967767859206699, 51.502686409013883 ], [ 6.967739888784092, 51.503314979176352 ], [ 6.968747060141411, 51.503332431367269 ], [ 6.969754232511917, 51.503349874914662 ], [ 6.970761405895109, 51.503367309818522 ], [ 6.971768580290485, 51.503384736078807 ], [ 6.972775755697545, 51.503402153695511 ], [ 6.972803656926327, 51.50277358158251 ], [ 6.972831557143974, 51.502145009390951 ], [ 6.972859456350534, 51.501516437120813 ], [ 6.972887354546055, 51.500887864772096 ], [ 6.972915251730584, 51.500259292344829 ], [ 6.972943147904173, 51.499630719838983 ], [ 6.972971043066868, 51.499002147254565 ], [ 6.972998937218717, 51.498373574591582 ], [ 6.973026830359769, 51.497745001850035 ], [ 6.973054722490073, 51.497116429029923 ], [ 6.973082613609677, 51.496487856131232 ], [ 6.973110503718629, 51.495859283153976 ], [ 6.973138392816977, 51.495230710098141 ], [ 6.973166280904769, 51.494602136963756 ], [ 6.973194167982054, 51.493973563750799 ], [ 6.973222054048883, 51.493344990459263 ], [ 6.973249939105299, 51.492716417089177 ], [ 6.973277823151355, 51.492087843640526 ], [ 6.972270896767242, 51.492070433037142 ], [ 6.97126397139394, 51.492053013793665 ], [ 6.971236059687222, 51.49268158646305 ], [ 6.970229121494977, 51.492664158189562 ], [ 6.969222184314594, 51.492646721275783 ], [ 6.969194243935044, 51.493275293086533 ], [ 6.968187293936362, 51.493257847142218 ], [ 6.968159338713239, 51.493886418484003 ], [ 6.968131382477155, 51.494514989747174 ], [ 6.968103425228064, 51.495143560931737 ], [ 6.968075466965916, 51.495772132037679 ], [ 6.96908247229225, 51.495789579543398 ], [ 6.969054526850161, 51.496418150961077 ], [ 6.969026580395418, 51.497046722300148 ], [ 6.968019547402258, 51.49702927401367 ], [ 6.96799158610065, 51.49765784488374 ] ] ], [ [ [ 6.975338442198489, 51.445573190429101 ], [ 6.975310632785323, 51.446201769691207 ], [ 6.975282822365361, 51.446830348874762 ], [ 6.975255010938557, 51.447458927979774 ], [ 6.975227198504864, 51.448087507006207 ], [ 6.97519938506423, 51.448716085954111 ], [ 6.975171570616611, 51.449344664823442 ], [ 6.975143755161958, 51.449973243614224 ], [ 6.97511593870022, 51.450601822326448 ], [ 6.975088121231352, 51.451230400960135 ], [ 6.975060302755305, 51.451858979515251 ], [ 6.97503248327203, 51.452487557991823 ], [ 6.97500466278148, 51.453116136389831 ], [ 6.974976841283606, 51.453744714709288 ], [ 6.974949018778362, 51.454373292950187 ], [ 6.974921195265697, 51.455001871112529 ], [ 6.974893370745563, 51.455630449196313 ], [ 6.974865545217914, 51.456259027201547 ], [ 6.974837718682702, 51.456887605128223 ], [ 6.974809891139875, 51.457516182976342 ], [ 6.974782062589389, 51.458144760745917 ], [ 6.974754233031195, 51.458773338436913 ], [ 6.974726402465242, 51.459401916049366 ], [ 6.975732611367332, 51.459419297781302 ], [ 6.975704793598002, 51.460047875703985 ], [ 6.975676974821319, 51.460676453548125 ], [ 6.976683212340163, 51.46069382742715 ], [ 6.976711017311872, 51.4600652491944 ], [ 6.977717242032597, 51.460082614054485 ], [ 6.977689450865909, 51.460711192675646 ], [ 6.978695690398061, 51.460728549293606 ], [ 6.97866791203054, 51.461357128224485 ], [ 6.979674166374213, 51.461374476599907 ], [ 6.979646400806855, 51.46200305584032 ], [ 6.979618634233993, 51.462631635002225 ], [ 6.980624917195951, 51.462648975522605 ], [ 6.980597163424701, 51.463277554993901 ], [ 6.980569408648352, 51.463906134386676 ], [ 6.981575720230281, 51.463923467051266 ], [ 6.981603461198921, 51.463294887270777 ], [ 6.98260975997774, 51.463312210916257 ], [ 6.982582032816859, 51.463940791084255 ], [ 6.983588346407587, 51.463958106485642 ], [ 6.983616059760662, 51.463329525930327 ], [ 6.984622360547186, 51.463346832312951 ], [ 6.985628662336812, 51.463364130064122 ], [ 6.985600976599492, 51.463992711393473 ], [ 6.98557328985952, 51.464621292644395 ], [ 6.98657962026815, 51.46463858253756 ], [ 6.986551946334425, 51.465267164096794 ], [ 6.986524271398453, 51.465895745577591 ], [ 6.985517913371429, 51.4658784549109 ], [ 6.985490223623213, 51.466507035926483 ], [ 6.985462532872154, 51.467135616863629 ], [ 6.985434841118201, 51.467764197722339 ], [ 6.986441240576562, 51.467781489549395 ], [ 6.986413561631116, 51.468410070716473 ], [ 6.985407148361311, 51.468392778502604 ], [ 6.984400736094494, 51.468375477655712 ], [ 6.983394324831164, 51.468358168175826 ], [ 6.983366603447543, 51.468986748103418 ], [ 6.984373028522721, 51.469004057970508 ], [ 6.984345319947412, 51.469632638206861 ], [ 6.983338881059888, 51.469615327952546 ], [ 6.983311157668151, 51.47024390772323 ], [ 6.984317610368521, 51.470261218364769 ], [ 6.985324064072521, 51.470278520372723 ], [ 6.985296367303393, 51.470907100839206 ], [ 6.985268669531084, 51.471535681227266 ], [ 6.984262188199797, 51.471518378445204 ], [ 6.984289899785998, 51.470889798444212 ], [ 6.983283433272283, 51.470872487415427 ], [ 6.983255707872238, 51.471501067029173 ], [ 6.982249228548904, 51.471483746979203 ], [ 6.982221488330336, 51.472112326127011 ], [ 6.982193747106995, 51.472740905196368 ], [ 6.982166004878833, 51.473369484187245 ], [ 6.9821382616458, 51.473998063099643 ], [ 6.98211051740785, 51.474626641933554 ], [ 6.981103970013007, 51.474609311311319 ], [ 6.981076210953346, 51.475237889679065 ], [ 6.981048450888171, 51.475866467968331 ], [ 6.981020689817435, 51.476495046179096 ], [ 6.982027278664014, 51.47651237796444 ], [ 6.983033868515702, 51.476529701114323 ], [ 6.983006134075894, 51.477158280021875 ], [ 6.984012738750531, 51.477175594923608 ], [ 6.984040459372, 51.476547015628718 ], [ 6.985047051232409, 51.476564321507603 ], [ 6.98605364409643, 51.476581618750949 ], [ 6.98706023796356, 51.476598907358763 ], [ 6.987087916127109, 51.47597032682458 ], [ 6.988094497178819, 51.475987606410257 ], [ 6.989101079232595, 51.476004877360531 ], [ 6.989073428705161, 51.476633458667642 ], [ 6.989045777176111, 51.477262039896367 ], [ 6.990052387868207, 51.477279302983582 ], [ 6.990024749156627, 51.477907884520093 ], [ 6.991031374669059, 51.477925139357502 ], [ 6.991003748775944, 51.478553721201635 ], [ 6.992010389108808, 51.478570967788833 ], [ 6.99301703044193, 51.478588205739769 ], [ 6.99402367277481, 51.478605435054455 ], [ 6.995030316106947, 51.478622655732856 ], [ 6.995057886720883, 51.47799407234659 ], [ 6.996064517231865, 51.478011284003621 ], [ 6.996092073027676, 51.477382700153981 ], [ 6.997098690717406, 51.47739990279004 ], [ 6.998105309404799, 51.477417096790134 ], [ 6.999111929089358, 51.477434282154242 ], [ 6.999139442429975, 51.476805697072336 ], [ 7.00014604929209, 51.476822873416197 ], [ 7.000173547817488, 51.476194287871749 ], [ 6.999166954773977, 51.476177111912151 ], [ 6.99919446612141, 51.475548526673656 ], [ 7.000201045346814, 51.475565702249028 ], [ 7.000228541880119, 51.47493711654802 ], [ 7.000256037417452, 51.474308530768717 ], [ 7.000283531958857, 51.473679944911133 ], [ 7.000311025504383, 51.473051358975262 ], [ 7.000338518054079, 51.47242277296111 ], [ 7.00036600960799, 51.471794186868671 ], [ 7.000393500166167, 51.471165600697937 ], [ 7.000420989728655, 51.470537014448908 ], [ 6.999414521030118, 51.470519841947052 ], [ 6.99840805332772, 51.47050266081132 ], [ 6.997401586621962, 51.470485471041719 ], [ 6.996395120913342, 51.470468272638279 ], [ 6.996422664734347, 51.469839687848697 ], [ 6.995416213836787, 51.469822481196346 ], [ 6.995443770473121, 51.46919389671335 ], [ 6.995471326111413, 51.468565312152016 ], [ 6.994464903837189, 51.468548097636237 ], [ 6.994492472289361, 51.467919513381624 ], [ 6.995498880751712, 51.467936727512331 ], [ 6.995526434394063, 51.467308142794309 ], [ 6.995553987038514, 51.466679557997956 ], [ 6.995581538685114, 51.466050973123266 ], [ 6.99658790671264, 51.466068177466354 ], [ 6.996615443551511, 51.46543959212849 ], [ 6.995609089333912, 51.465422388170246 ], [ 6.994602736114065, 51.46540517557974 ], [ 6.994630299574484, 51.46477659093339 ], [ 6.993623961162225, 51.464759370095862 ], [ 6.992617623748672, 51.464742140626299 ], [ 6.991611287334325, 51.464724902524736 ], [ 6.991583682446058, 51.465353486014862 ], [ 6.990577333222229, 51.465336238895524 ], [ 6.990604951919684, 51.464707655791194 ], [ 6.990632569616933, 51.464079072608484 ], [ 6.990660186314027, 51.463450489347373 ], [ 6.989653879516371, 51.463433234753801 ], [ 6.988647573719321, 51.463415971528669 ], [ 6.988675217031542, 51.462787388961274 ], [ 6.987668926043147, 51.462770117490933 ], [ 6.98764126892338, 51.463398699671998 ], [ 6.986634965129044, 51.463381419183811 ], [ 6.986662636056309, 51.462752837389289 ], [ 6.986690305981518, 51.462124255516329 ], [ 6.987696582161355, 51.462141535231467 ], [ 6.987724237278054, 51.461512952893578 ], [ 6.987751891393291, 51.460884370477245 ], [ 6.987779544507113, 51.460255787982518 ], [ 6.988785780270314, 51.460273057907592 ], [ 6.989792017034383, 51.460290319202088 ], [ 6.989764391531709, 51.460918902469231 ], [ 6.990770643101793, 51.46093615551905 ], [ 6.990743030404847, 51.461564739093724 ], [ 6.991749296781038, 51.461581983898469 ], [ 6.99172169689082, 51.462210567780474 ], [ 6.991694096001086, 51.462839151584113 ], [ 6.992700390990723, 51.462856388528934 ], [ 6.992672802909166, 51.463484972639769 ], [ 6.99367911270565, 51.463502201338542 ], [ 6.993651537433268, 51.464130785756375 ], [ 6.994657862036695, 51.464148006208703 ], [ 6.994685423500748, 51.463519421405671 ], [ 6.995691735293956, 51.463536632841148 ], [ 6.995664187638284, 51.464165218029187 ], [ 6.996670514237532, 51.464182421217785 ], [ 6.996642979393126, 51.46481100671231 ], [ 6.997649320798511, 51.464828201653638 ], [ 6.998655663200607, 51.464845387962875 ], [ 6.998683170427014, 51.464216801699301 ], [ 6.999689500016252, 51.464233978992169 ], [ 6.999716992437927, 51.463605392266054 ], [ 7.000723309214209, 51.463622560542937 ], [ 7.00075078683215, 51.4629939733545 ], [ 7.000778263455021, 51.462365386087789 ], [ 7.000805739082869, 51.461736798742798 ], [ 7.000833213715744, 51.461108211319512 ], [ 7.000860687353691, 51.460479623817946 ], [ 7.000888159996757, 51.459851036238099 ], [ 7.000915631644992, 51.459222448579979 ], [ 7.000943102298444, 51.458593860843564 ], [ 7.000970571957157, 51.457965273028876 ], [ 7.000998040621182, 51.4573366851359 ], [ 7.001025508290565, 51.45670809716465 ], [ 7.000019343376142, 51.456690933111467 ], [ 7.000046823853561, 51.456062345445837 ], [ 7.000074303335933, 51.455433757701925 ], [ 6.999068167021269, 51.455416585787297 ], [ 6.999095659310228, 51.454787998349168 ], [ 6.999123150603738, 51.454159410832737 ], [ 6.999150640901846, 51.453530823238012 ], [ 7.000156735813252, 51.453547994000409 ], [ 7.000184211315918, 51.452919405943319 ], [ 7.001190293422043, 51.452936567693186 ], [ 7.001217754130264, 51.452307979173959 ], [ 7.001245213844222, 51.451679390576459 ], [ 7.001272672563966, 51.451050801900664 ], [ 7.001300130289543, 51.450422213146609 ], [ 7.001327587021002, 51.44979362431426 ], [ 7.001355042758389, 51.449165035403631 ], [ 7.001382497501751, 51.448536446414728 ], [ 7.001409951251137, 51.447907857347552 ], [ 7.001437404006594, 51.447279268202081 ], [ 7.001464855768168, 51.446650678978337 ], [ 7.001492306535908, 51.446022089676312 ], [ 7.000486376198364, 51.446004932148185 ], [ 6.999480446855106, 51.445987765993706 ], [ 6.998474518506631, 51.445970591212877 ], [ 6.9985020096629, 51.445342002984347 ], [ 6.997496096103717, 51.445324819961506 ], [ 6.996490183540269, 51.445307628312555 ], [ 6.995484271973051, 51.445290428037509 ], [ 6.995511803514477, 51.444661840884145 ], [ 6.99553933405922, 51.444033253652435 ], [ 6.995566863607328, 51.443404666342403 ], [ 6.995594392158848, 51.442776078954019 ], [ 6.99562191971383, 51.442147491487283 ], [ 6.995649446272319, 51.441518903942224 ], [ 6.995676971834364, 51.440890316318814 ], [ 6.996682786858133, 51.440907513901287 ], [ 6.996710297633854, 51.44027892581493 ], [ 6.995704496400012, 51.440261728617074 ], [ 6.99573201996931, 51.439633140836982 ], [ 6.994726233521201, 51.439615935399388 ], [ 6.994753769883081, 51.43898734792576 ], [ 6.995759542542307, 51.439004552978567 ], [ 6.99578706411905, 51.438375965041793 ], [ 6.996792823986098, 51.438393161085877 ], [ 6.996820330778698, 51.437764572686213 ], [ 6.996847836575639, 51.437135984208197 ], [ 6.997853569862927, 51.437153170859581 ], [ 6.997881060877268, 51.436524581918889 ], [ 6.997908550896542, 51.435895992899887 ], [ 6.997936039920795, 51.435267403802555 ], [ 6.996930347992973, 51.435250218304212 ], [ 6.99592465706062, 51.435233024182864 ], [ 6.994918967124236, 51.435215821438526 ], [ 6.993913278184319, 51.435198610071218 ], [ 6.992907590241366, 51.43518139008097 ], [ 6.992935147197632, 51.434552802828868 ], [ 6.991929474037397, 51.434535574600972 ], [ 6.991901903295877, 51.435164161467789 ], [ 6.990896217348349, 51.435146924231681 ], [ 6.989890532399279, 51.435129678372704 ], [ 6.989862933088437, 51.435758264389968 ], [ 6.988857235352715, 51.435741009522246 ], [ 6.98882962125676, 51.436369595075213 ], [ 6.988802006161256, 51.436998180549764 ], [ 6.988774390066153, 51.437626765945907 ], [ 6.98776865197026, 51.437609501296869 ], [ 6.987741021087958, 51.438238086228509 ], [ 6.988746772971404, 51.438255351263642 ], [ 6.988719154876962, 51.438883936502954 ], [ 6.988719154876962, 51.438883936502954 ], [ 6.988691535782778, 51.439512521663858 ], [ 6.988663915688805, 51.440141106746339 ], [ 6.987658122439709, 51.440123840552801 ], [ 6.986652330190947, 51.440106565734901 ], [ 6.986624681518092, 51.440735149966478 ], [ 6.986597031844355, 51.441363734119626 ], [ 6.985591213017027, 51.441346449904295 ], [ 6.985563548551915, 51.441975033592435 ], [ 6.985535883085326, 51.442603617202138 ], [ 6.984530037678129, 51.442586323588564 ], [ 6.984557716935615, 51.441957740365631 ], [ 6.983551886321288, 51.441940438513932 ], [ 6.983579578367151, 51.441311855599473 ], [ 6.982573762545599, 51.441294545510054 ], [ 6.98156794772697, 51.441277226795968 ], [ 6.980562133911761, 51.441259899457258 ], [ 6.980589866324474, 51.440631317626284 ], [ 6.979584067302846, 51.440613982050657 ], [ 6.978578269285586, 51.440596637850625 ], [ 6.977572472273192, 51.440579285026224 ], [ 6.977544698491636, 51.441207865693499 ], [ 6.976538888695091, 51.441190503856454 ], [ 6.976511100118105, 51.441819084056903 ], [ 6.975505277537502, 51.441801713206836 ], [ 6.975477474164092, 51.442430292940259 ], [ 6.975449669784175, 51.443058872595138 ], [ 6.975421864397704, 51.443687452171446 ], [ 6.975394058004633, 51.444316031669224 ], [ 6.975366250604909, 51.444944611088438 ], [ 6.975338442198489, 51.445573190429101 ] ] ], [ [ [ 6.973082613609677, 51.496487856131232 ], [ 6.973054722490073, 51.497116429029923 ], [ 6.973026830359769, 51.497745001850035 ], [ 6.972998937218718, 51.498373574591582 ], [ 6.972971043066869, 51.499002147254565 ], [ 6.972943147904173, 51.499630719838983 ], [ 6.972915251730585, 51.500259292344829 ], [ 6.973922358959284, 51.500276699370389 ], [ 6.974929467198425, 51.50029409775329 ], [ 6.975936576447507, 51.500311487493519 ], [ 6.975908720773845, 51.50094006108867 ], [ 6.976915844869422, 51.5009574425751 ], [ 6.976888002023824, 51.50158601648063 ], [ 6.976860158169193, 51.502214590307631 ], [ 6.976832313305474, 51.502843164056102 ], [ 6.975825147695737, 51.502825781402898 ], [ 6.975797287983829, 51.503454354683889 ], [ 6.97576942726224, 51.504082927886365 ], [ 6.975741565530922, 51.50471150101027 ], [ 6.976748772659327, 51.504728884830364 ], [ 6.97775598079701, 51.504746260006364 ], [ 6.978763189943471, 51.504763626538285 ], [ 6.978735368724189, 51.505392200750038 ], [ 6.979742592719628, 51.505409559026241 ], [ 6.980749817722892, 51.505426908658116 ], [ 6.980722023177739, 51.50605548356797 ], [ 6.981729263029625, 51.506072824943523 ], [ 6.982736503888383, 51.506090157674528 ], [ 6.983743745753511, 51.506107481760942 ], [ 6.983715991726529, 51.506736057755845 ], [ 6.984723248439471, 51.506753373585113 ], [ 6.985730506157831, 51.50677068076957 ], [ 6.985702778809868, 51.507399257460762 ], [ 6.986710051375685, 51.507416556387469 ], [ 6.987717324945967, 51.50743384666913 ], [ 6.987745024608797, 51.506805269203973 ], [ 6.987772723267715, 51.5061766916604 ], [ 6.987800420922763, 51.505548114038426 ], [ 6.988807653970596, 51.505565394514967 ], [ 6.988779970157183, 51.506193972523626 ], [ 6.988752285340403, 51.506822550453869 ], [ 6.989759547075423, 51.506839823058868 ], [ 6.989731875097915, 51.507468401297217 ], [ 6.990739151678582, 51.507485665643621 ], [ 6.990766809813358, 51.506857087018957 ], [ 6.99079446694572, 51.506228508315921 ], [ 6.990822123075718, 51.505599929534505 ], [ 6.990849778203399, 51.504971350674708 ], [ 6.989842556990661, 51.504954087873479 ], [ 6.989870224956804, 51.504325509321568 ], [ 6.989897891920226, 51.503696930691262 ], [ 6.989925557880975, 51.50306835198257 ], [ 6.989953222839097, 51.502439773195483 ], [ 6.989980886794643, 51.501811194330031 ], [ 6.990008549747659, 51.501182615386156 ], [ 6.990036211698193, 51.500554036363908 ], [ 6.990063872646293, 51.499925457263281 ], [ 6.990091532592007, 51.499296878084252 ], [ 6.990119191535385, 51.498668298826843 ], [ 6.991126274363348, 51.498685557765896 ], [ 6.99115391846871, 51.498056978043934 ], [ 6.99216098846269, 51.498074227954604 ], [ 6.9921333581931, 51.498702808062518 ], [ 6.99314044302414, 51.498720049716709 ], [ 6.994147528855969, 51.498737282728442 ], [ 6.994175131453869, 51.498108701849162 ], [ 6.99316805945791, 51.498091469223013 ], [ 6.993195674890939, 51.497462888650958 ], [ 6.992188617731038, 51.497445647768309 ], [ 6.992216245998194, 51.496817067503656 ], [ 6.992243873264205, 51.496188487160623 ], [ 6.992271499529119, 51.495559906739217 ], [ 6.993278515186061, 51.495577146464655 ], [ 6.993306126616607, 51.494948565579165 ], [ 6.993333737046651, 51.494319984615338 ], [ 6.993361346476242, 51.493691403573145 ], [ 6.993388954905428, 51.4930628224526 ], [ 6.993416562334255, 51.492434241253704 ], [ 6.993444168762774, 51.49180565997645 ], [ 6.99347177419103, 51.491177078620836 ], [ 6.993499378619073, 51.490548497186879 ], [ 6.993526982046949, 51.489919915674548 ], [ 6.993554584474706, 51.48929133408388 ], [ 6.993582185902393, 51.488662752414854 ], [ 6.992575322384443, 51.488645516931768 ], [ 6.991568459867016, 51.488628272809336 ], [ 6.991540830782744, 51.489256853706941 ], [ 6.990533955438118, 51.489239600559166 ], [ 6.990506311524054, 51.489868180992381 ], [ 6.989499423352327, 51.489850918818895 ], [ 6.988492536182719, 51.489833648005728 ], [ 6.988464863608737, 51.49046222758794 ], [ 6.987457963612671, 51.490444947748514 ], [ 6.986451064619771, 51.490427659269251 ], [ 6.985444166630538, 51.490410362150172 ], [ 6.985471880691607, 51.489781783728347 ], [ 6.984464997535475, 51.489764478356655 ], [ 6.983458115383963, 51.489747164345388 ], [ 6.982451234237571, 51.489729841694555 ], [ 6.982478988779675, 51.489101264356378 ], [ 6.981472122467191, 51.489083933453763 ], [ 6.981444354096797, 51.489712510404182 ], [ 6.980437474962143, 51.489695170474299 ], [ 6.979430596834109, 51.489677821904905 ], [ 6.979402799800162, 51.490306398000769 ], [ 6.978395908850603, 51.490289040403553 ], [ 6.977389018908712, 51.490271674166699 ], [ 6.976382129974991, 51.490254299290207 ], [ 6.975375242049937, 51.490236915774098 ], [ 6.974368355134051, 51.490219523618407 ], [ 6.973361469227834, 51.490202122823128 ], [ 6.973333588212575, 51.490830696507487 ], [ 6.973305706187098, 51.491459270113275 ], [ 6.973277823151356, 51.492087843640526 ], [ 6.9732499391053, 51.492716417089177 ], [ 6.973222054048884, 51.493344990459263 ], [ 6.973194167982056, 51.493973563750799 ], [ 6.97316628090477, 51.494602136963756 ], [ 6.973138392816977, 51.495230710098141 ], [ 6.973110503718629, 51.495859283153976 ], [ 6.973082613609677, 51.496487856131232 ] ], [ [ 6.986793188878748, 51.505530824917393 ], [ 6.986820899371065, 51.504902247603866 ], [ 6.987828117573994, 51.504919536338029 ], [ 6.987800420922763, 51.505548114038426 ], [ 6.986793188878748, 51.505530824917393 ] ], [ [ 6.985222417987928, 51.495438986700961 ], [ 6.985250140083681, 51.494810408906659 ], [ 6.986257134889788, 51.494827708734938 ], [ 6.986284842148554, 51.494199130475131 ], [ 6.987291824126132, 51.494216421275375 ], [ 6.987264130699896, 51.494844999922059 ], [ 6.988271127513509, 51.494862282467992 ], [ 6.989278125330125, 51.494879556372709 ], [ 6.989250458566591, 51.495508135714154 ], [ 6.98824344691685, 51.495490861422937 ], [ 6.988215765317138, 51.496119440299481 ], [ 6.98818808271433, 51.496748019097609 ], [ 6.988160399108374, 51.497376597817336 ], [ 6.987153346959444, 51.497359313724587 ], [ 6.986146295814209, 51.497342020989898 ], [ 6.986174007089276, 51.496713443043802 ], [ 6.986201717360196, 51.496084865019284 ], [ 6.985194694887625, 51.49606756441684 ], [ 6.985222417987928, 51.495438986700961 ] ] ], [ [ [ 6.974790109544719, 51.503436962998073 ], [ 6.974817983095632, 51.50280839010621 ], [ 6.973810819505663, 51.502790990166076 ], [ 6.97378293211579, 51.50341956266859 ], [ 6.974790109544719, 51.503436962998073 ] ] ], [ [ [ 6.980576375890082, 51.48655228687695 ], [ 6.98060415305634, 51.485923709922005 ], [ 6.979597357889961, 51.485906363681259 ], [ 6.97956956689801, 51.486534940248134 ], [ 6.97954177489918, 51.487163516736487 ], [ 6.980548597717444, 51.487180863753409 ], [ 6.980576375890082, 51.48655228687695 ] ] ], [ [ [ 6.979430596834109, 51.489677821904905 ], [ 6.979458392860937, 51.489049245730556 ], [ 6.978451529568166, 51.489031888910013 ], [ 6.978423719713195, 51.489660464696037 ], [ 6.979430596834109, 51.489677821904905 ] ] ], [ [ [ 6.987840276968019, 51.413077369579788 ], [ 6.987812671287872, 51.413705957183915 ], [ 6.988817884827284, 51.413723215784884 ], [ 6.988790291916904, 51.414351803696476 ], [ 6.989795520223288, 51.41436905406686 ], [ 6.990800749527554, 51.414386295820755 ], [ 6.990828314900603, 51.413757707137933 ], [ 6.991833531433518, 51.413774939889969 ], [ 6.992838748963271, 51.413792164025672 ], [ 6.992866285802457, 51.413163574494014 ], [ 6.993871490560217, 51.41318078962842 ], [ 6.993899012635271, 51.412552199633467 ], [ 6.994904204620945, 51.412569405766952 ], [ 6.995909397601871, 51.41258660328441 ], [ 6.995936891146351, 51.411958012441865 ], [ 6.995964383696124, 51.411329421520961 ], [ 6.995991875251236, 51.410700830521726 ], [ 6.996019365811733, 51.410072239444141 ], [ 6.995014227897567, 51.410055043464716 ], [ 6.995041731228947, 51.409426452693261 ], [ 6.996046855377667, 51.40944364828821 ], [ 6.996074343949082, 51.40881505705395 ], [ 6.995069233565312, 51.408797861843468 ], [ 6.995096734906708, 51.408169270915316 ], [ 6.994091639282309, 51.408152067474624 ], [ 6.993086544653329, 51.408134855419277 ], [ 6.993059015783169, 51.408763445577925 ], [ 6.992053908385794, 51.408746224522908 ], [ 6.992026364754865, 51.40937481421814 ], [ 6.991021244589188, 51.409357584163068 ], [ 6.990993686196497, 51.409986173394671 ], [ 6.990966126806753, 51.410614762547873 ], [ 6.990938566419912, 51.411243351622666 ], [ 6.98993340595412, 51.411226111796267 ], [ 6.989905830803431, 51.411854700407197 ], [ 6.988900657568629, 51.411837451579579 ], [ 6.987895485332016, 51.411820194136268 ], [ 6.986890314094089, 51.41180292807725 ], [ 6.985885143855344, 51.411785653402575 ], [ 6.98487997461628, 51.411768370112249 ], [ 6.984852329632625, 51.412396956714467 ], [ 6.984824683648747, 51.413025543238227 ], [ 6.985829880422229, 51.413042827301453 ], [ 6.986835078195485, 51.413060102748652 ], [ 6.987840276968019, 51.413077369579788 ] ] ], [ [ [ 6.994131904180815, 51.384248371317575 ], [ 6.994104413122023, 51.384876964454286 ], [ 6.99510899881898, 51.384894162277739 ], [ 6.9961135855096, 51.384911351493649 ], [ 6.997118173193385, 51.384928532101988 ], [ 6.998122761869841, 51.384945704102755 ], [ 6.998150197946398, 51.384317109429411 ], [ 6.999154773869351, 51.384334272438892 ], [ 6.999182195208602, 51.38370567730356 ], [ 6.999209615556271, 51.383077082089905 ], [ 6.998205067123184, 51.383059919847746 ], [ 6.997200519682128, 51.383042748998555 ], [ 6.996195973233601, 51.383025569542362 ], [ 6.996223433822157, 51.38239697540191 ], [ 6.996250893417736, 51.381768381183122 ], [ 6.995246375449829, 51.381751193888391 ], [ 6.994241858475347, 51.381733997987055 ], [ 6.994214371392713, 51.382362591437236 ], [ 6.994186883316113, 51.38299118480905 ], [ 6.994159394245496, 51.383619778102485 ], [ 6.994131904180815, 51.384248371317575 ] ] ], [ [ [ 6.991172017692832, 51.428861055890778 ], [ 6.992177565810702, 51.428878289272561 ], [ 6.992150004048686, 51.42950687684479 ], [ 6.993155566944814, 51.429524101990772 ], [ 6.993128017966536, 51.430152689869821 ], [ 6.994133595641017, 51.430169906779618 ], [ 6.995139174312082, 51.430187115068001 ], [ 6.996144753979235, 51.430204314734958 ], [ 6.996117245349465, 51.430832903690131 ], [ 6.997122839794163, 51.430850095120086 ], [ 6.998128435233999, 51.430867277928385 ], [ 6.998100953173555, 51.431495867573929 ], [ 6.998073470118424, 51.432124457141164 ], [ 6.999079094118502, 51.43214163209592 ], [ 7.000084719112817, 51.432158798428581 ], [ 7.00109034510087, 51.432175956139147 ], [ 7.002095972082166, 51.43219310522759 ], [ 7.002123400004813, 51.431564514125192 ], [ 7.002150826934765, 51.430935922944521 ], [ 7.002178252872068, 51.430307331685583 ], [ 7.002205677816772, 51.429678740348372 ], [ 7.002233101768919, 51.429050148932888 ], [ 7.002260524728563, 51.428421557439115 ], [ 7.002287946695747, 51.427792965867077 ], [ 7.002315367670519, 51.427164374216765 ], [ 7.002342787652927, 51.42653578248818 ], [ 7.001337284702437, 51.426518636850872 ], [ 7.00136471747124, 51.425890045427423 ], [ 7.000359229292228, 51.425872891553325 ], [ 6.999353742106481, 51.425855729059052 ], [ 6.998348255914497, 51.425838557944616 ], [ 6.99837572902489, 51.42520996759422 ], [ 6.997370257605189, 51.425192788243805 ], [ 6.997342770716773, 51.425821378210024 ], [ 6.996337286513805, 51.425804189855334 ], [ 6.996309784852157, 51.426432779358862 ], [ 6.995304287866019, 51.426415581999493 ], [ 6.995276771430142, 51.427044171040123 ], [ 6.994271261660927, 51.427026964675719 ], [ 6.99326575288806, 51.427009749690868 ], [ 6.992260245112035, 51.426992526085591 ], [ 6.991254738333354, 51.426975293859911 ], [ 6.991227165784416, 51.427603881281918 ], [ 6.99119959223759, 51.428232468625545 ], [ 6.991172017692832, 51.428861055890778 ] ] ], [ [ [ 6.996502275584996, 51.422032651189106 ], [ 6.996529770280855, 51.421404061137231 ], [ 6.995524383508195, 51.421386866854071 ], [ 6.995496875037395, 51.422015456521464 ], [ 6.996502275584996, 51.422032651189106 ] ] ], [ [ [ 6.996078972746015, 51.500657467304052 ], [ 6.997086103088243, 51.50067467554333 ], [ 6.998093234429405, 51.500691875139481 ], [ 6.998120784678354, 51.500063292954728 ], [ 6.998148333928923, 51.499434710691659 ], [ 6.997141230262385, 51.499417511865168 ], [ 6.99716879235118, 51.498788929908628 ], [ 6.996161703519989, 51.498771722824408 ], [ 6.995154615688085, 51.498754507097679 ], [ 6.995127025926313, 51.499383088284006 ], [ 6.995099435164705, 51.500011669392002 ], [ 6.99610655067004, 51.500028885889165 ], [ 6.996078972746015, 51.500657467304052 ] ] ], [ [ [ 7.002150826934766, 51.430935922944521 ], [ 7.002123400004814, 51.431564514125192 ], [ 7.002095972082166, 51.43219310522759 ], [ 7.002068543166776, 51.432821696251708 ], [ 7.003074184924551, 51.432838837101322 ], [ 7.003046768800605, 51.43346742843049 ], [ 7.004052425334955, 51.433484561040878 ], [ 7.004025022003451, 51.434113152674939 ], [ 7.005030693314472, 51.434130277045703 ], [ 7.005058082861149, 51.433501685028688 ], [ 7.005085471416482, 51.432873092933455 ], [ 7.006091116149641, 51.432890207915925 ], [ 7.0070967618736, 51.432907314275987 ], [ 7.008102408587858, 51.432924412013605 ], [ 7.008129754800113, 51.432295818692459 ], [ 7.009135388720154, 51.432312907425462 ], [ 7.009108056291918, 51.432941501128767 ], [ 7.010113704985287, 51.432958581621449 ], [ 7.011119354667458, 51.432975653491646 ], [ 7.012125005337939, 51.432992716739328 ], [ 7.012152296413826, 51.432364121890672 ], [ 7.013157934287909, 51.432381176134413 ], [ 7.014163573149255, 51.43239822175579 ], [ 7.015169212997371, 51.432415258754794 ], [ 7.015196461734218, 51.431786662684402 ], [ 7.015223709484841, 51.431158066535865 ], [ 7.01525095624929, 51.430529470309189 ], [ 7.016256555733608, 51.430546497543389 ], [ 7.016283787729569, 51.429917900857809 ], [ 7.016311018739946, 51.429289304094105 ], [ 7.016338248764789, 51.42866070725227 ], [ 7.01636547780414, 51.428032110332303 ], [ 7.015359933446274, 51.42801508462113 ], [ 7.014354390074347, 51.427998050288913 ], [ 7.014327133473309, 51.428626646447199 ], [ 7.013321577307049, 51.428609603112811 ], [ 7.01231602212777, 51.428592551157223 ], [ 7.011310467935973, 51.428575490580428 ], [ 7.010304914732155, 51.428558421382469 ], [ 7.009299362516812, 51.42854134356336 ], [ 7.008293811290442, 51.428524257123136 ], [ 7.008321150575404, 51.427895663254503 ], [ 7.007315614118996, 51.427878568575444 ], [ 7.007342966194523, 51.427249975010881 ], [ 7.006337444507981, 51.427232872093391 ], [ 7.006364809373078, 51.426604278833054 ], [ 7.006392173247851, 51.425975685494478 ], [ 7.005386680109982, 51.425958574721591 ], [ 7.005414056772879, 51.425329981687433 ], [ 7.00440857840414, 51.425312862677075 ], [ 7.003403101026628, 51.425295735046653 ], [ 7.002397624640842, 51.425278598796183 ], [ 7.00237020664302, 51.425907190681322 ], [ 7.002342787652928, 51.42653578248818 ], [ 7.00231536767052, 51.427164374216765 ], [ 7.002287946695748, 51.427792965867077 ], [ 7.002260524728563, 51.428421557439115 ], [ 7.002233101768921, 51.429050148932888 ], [ 7.002205677816772, 51.429678740348372 ], [ 7.00217825287207, 51.430307331685583 ], [ 7.002150826934766, 51.430935922944521 ] ] ], [ [ [ 7.005707779172051, 51.441690495488686 ], [ 7.006713617923285, 51.441707607205529 ], [ 7.00771945766548, 51.441724710297244 ], [ 7.00872529839814, 51.441741804763808 ], [ 7.008697951125374, 51.442370397294063 ], [ 7.009703806639543, 51.442387483517578 ], [ 7.009731140120768, 51.441758890605186 ], [ 7.010736982832863, 51.441775967821386 ], [ 7.011742826533927, 51.441793036412363 ], [ 7.012748671223462, 51.441810096378113 ], [ 7.013754516900971, 51.441827147718605 ], [ 7.014760363565955, 51.441844190433827 ], [ 7.014787627101791, 51.441215595535546 ], [ 7.014814889650697, 51.44058700055912 ], [ 7.015820709720503, 51.440604033887134 ], [ 7.015793460962424, 51.441232629244517 ], [ 7.01679929580949, 51.441249654328359 ], [ 7.016826530776693, 51.440621058590224 ], [ 7.016853764758012, 51.439992462773965 ], [ 7.017859573009663, 51.440009478471559 ], [ 7.017886792215219, 51.439380882196645 ], [ 7.017886792215219, 51.439380882196637 ], [ 7.017914010435481, 51.438752285843613 ], [ 7.017941227670497, 51.438123689412464 ], [ 7.018946995539066, 51.438140695344259 ], [ 7.018974198000406, 51.437512098454675 ], [ 7.019001399477093, 51.436883501487003 ], [ 7.020007140753813, 51.436900498034326 ], [ 7.02101288301464, 51.436917485957807 ], [ 7.020985709114052, 51.437546083685518 ], [ 7.020958534229809, 51.438174681335163 ], [ 7.021964305050988, 51.438191661394235 ], [ 7.021937142972156, 51.43882025934554 ], [ 7.022942928565703, 51.438837231159916 ], [ 7.022915779293281, 51.439465829412732 ], [ 7.022915779293281, 51.439465829412747 ], [ 7.022888629038058, 51.440094427587489 ], [ 7.022861477799985, 51.4407230256842 ], [ 7.022834325579018, 51.441351623702843 ], [ 7.022807172375107, 51.441980221643426 ], [ 7.022780018188209, 51.442608819505956 ], [ 7.023785887510239, 51.442625784972272 ], [ 7.024791757814806, 51.442642741812911 ], [ 7.024818884417257, 51.44201414319172 ], [ 7.02582474191157, 51.442031091027644 ], [ 7.026830600387378, 51.442048030238055 ], [ 7.026857698424197, 51.44141943078094 ], [ 7.02786354408911, 51.441436360987169 ], [ 7.027890627353589, 51.440807761073401 ], [ 7.028896460207514, 51.440824682275839 ], [ 7.028923528700649, 51.440196081905619 ], [ 7.027917709637665, 51.44017916108163 ], [ 7.027944790941381, 51.439550561011856 ], [ 7.028950596213925, 51.439567481457409 ], [ 7.029956402466282, 51.439584393278174 ], [ 7.029983455209756, 51.43895579237374 ], [ 7.030010506973964, 51.438327191391338 ], [ 7.030037557758953, 51.437698590330939 ], [ 7.030064607564768, 51.437069989192544 ], [ 7.030091656391456, 51.436441387976167 ], [ 7.030118704239065, 51.435812786681808 ], [ 7.030145751107641, 51.43518418530946 ], [ 7.03017279699723, 51.434555583859137 ], [ 7.030199841907881, 51.433926982330824 ], [ 7.029194159747499, 51.433910073913687 ], [ 7.029221217464763, 51.433281472685536 ], [ 7.029248274202683, 51.432652871379375 ], [ 7.029275329961306, 51.432024269995217 ], [ 7.029302384740677, 51.431395668533064 ], [ 7.028296758698537, 51.431378753006115 ], [ 7.0272911336361, 51.431361828856886 ], [ 7.027264051288844, 51.431990429562248 ], [ 7.026258413422733, 51.431973496412091 ], [ 7.02623131631086, 51.432602096660759 ], [ 7.025225665641171, 51.43258515450929 ], [ 7.025198553763686, 51.433213754301036 ], [ 7.025171440904864, 51.43384235401475 ], [ 7.025144327064659, 51.434470953650425 ], [ 7.026150019090307, 51.434487896938606 ], [ 7.026122918054988, 51.435116496875168 ], [ 7.026095816038688, 51.435745096733719 ], [ 7.026068713041365, 51.436373696514224 ], [ 7.025062979655277, 51.436356752089253 ], [ 7.02405724725076, 51.436339799040525 ], [ 7.023051515828313, 51.436322837368067 ], [ 7.023078660187431, 51.435694238724949 ], [ 7.022072943534722, 51.435677268808277 ], [ 7.022100100697992, 51.435048670466635 ], [ 7.021094398814926, 51.435031692306175 ], [ 7.021121568781354, 51.434403094266138 ], [ 7.021148737764358, 51.43377449614804 ], [ 7.020143064436425, 51.433757510124039 ], [ 7.019137392092365, 51.433740515477162 ], [ 7.019110195538241, 51.434369112835327 ], [ 7.018104510393065, 51.434352109185312 ], [ 7.017098826232805, 51.434335096912264 ], [ 7.017071601122336, 51.434963693431598 ], [ 7.017044375026406, 51.435592289872815 ], [ 7.016038664279277, 51.43557526821543 ], [ 7.015032954518155, 51.435558237934643 ], [ 7.015005699862984, 51.436186833536198 ], [ 7.013999977301573, 51.436169794251001 ], [ 7.012994255727212, 51.436152746342252 ], [ 7.013021537955923, 51.43552415150301 ], [ 7.012015831155811, 51.435507095352193 ], [ 7.011010125343698, 51.435490030578073 ], [ 7.011037434157266, 51.434861436423738 ], [ 7.010031743119757, 51.434844363408146 ], [ 7.009026053071198, 51.434827281769479 ], [ 7.009053388467488, 51.434198688300782 ], [ 7.008047713193889, 51.434181598421254 ], [ 7.008020364012084, 51.434810191507765 ], [ 7.007014675942915, 51.434793092623018 ], [ 7.007042038910189, 51.434164499918893 ], [ 7.006036365616884, 51.434147392793697 ], [ 7.006008988864189, 51.434775985115238 ], [ 7.005003302776403, 51.434758868984467 ], [ 7.004975911246896, 51.435387460844986 ], [ 7.004948518725902, 51.436016052627274 ], [ 7.004921125213376, 51.436644644331309 ], [ 7.003915398758061, 51.436627518428608 ], [ 7.003887990466636, 51.437256109671381 ], [ 7.003860581183083, 51.437884700835909 ], [ 7.003833170907359, 51.438513291922177 ], [ 7.004838938726123, 51.438530418973926 ], [ 7.00481154124699, 51.439159010364975 ], [ 7.003805759639413, 51.439141882930173 ], [ 7.003778347379197, 51.439770473859937 ], [ 7.002772552974625, 51.439753337417592 ], [ 7.002799979024103, 51.43912474687108 ], [ 7.001794199401561, 51.439107602187697 ], [ 7.001766759562867, 51.439736192350786 ], [ 7.001739318730859, 51.44036478243558 ], [ 7.001711876905492, 51.440993372442108 ], [ 7.001684434086717, 51.441621962370348 ], [ 7.002690268869115, 51.441639108587538 ], [ 7.003696104644469, 51.441656246179676 ], [ 7.003668688414706, 51.442284836796404 ], [ 7.004674538973823, 51.442301966146537 ], [ 7.004701941412281, 51.441673375146721 ], [ 7.005707779172051, 51.441690495488686 ] ] ], [ [ [ 7.000733512522745, 51.440347628360669 ], [ 7.000760967144419, 51.439719038659511 ], [ 6.999755175719784, 51.439701876343797 ], [ 6.999727707308488, 51.440330465661127 ], [ 6.999700237902838, 51.440959054900162 ], [ 6.999672767502783, 51.44158764406091 ], [ 6.999645296108278, 51.442216233143334 ], [ 7.000651142694382, 51.442233396994425 ], [ 7.000678600297773, 51.441604807528137 ], [ 7.001684434086717, 51.441621962370348 ], [ 7.001711876905491, 51.440993372442108 ], [ 7.001739318730858, 51.44036478243558 ], [ 7.000733512522745, 51.440347628360669 ] ] ], [ [ [ 7.001245213844223, 51.451679390576459 ], [ 7.001217754130264, 51.452307979173959 ], [ 7.002223823431016, 51.452325131911671 ], [ 7.00219637652248, 51.452953720814563 ], [ 7.002168928620133, 51.453582309639167 ], [ 7.003175026514609, 51.453599454515484 ], [ 7.003147591419135, 51.454228043645301 ], [ 7.003120155330253, 51.454856632696867 ], [ 7.004126281820142, 51.454873769711035 ], [ 7.004098858539582, 51.455502359067651 ], [ 7.004071434266018, 51.456130948346008 ], [ 7.003065280172081, 51.456113810565213 ], [ 7.003037841102694, 51.456742399381987 ], [ 7.003010401039711, 51.457370988120516 ], [ 7.002982959983084, 51.457999576780765 ], [ 7.001976765473026, 51.457982429219861 ], [ 7.000970571957159, 51.457965273028876 ], [ 7.000943102298445, 51.458593860843564 ], [ 7.000915631644993, 51.459222448579979 ], [ 7.000888159996759, 51.459851036238099 ], [ 7.000860687353692, 51.460479623817946 ], [ 7.000833213715744, 51.461108211319512 ], [ 7.000805739082869, 51.461736798742798 ], [ 7.000778263455021, 51.462365386087789 ], [ 7.001784553610587, 51.462382544965237 ], [ 7.001757090795383, 51.463011132615769 ], [ 7.002763395753187, 51.463028283245436 ], [ 7.003769701705061, 51.463045425243472 ], [ 7.003742265511763, 51.463674013582818 ], [ 7.004748586265519, 51.463691147332469 ], [ 7.004721162887408, 51.464319735976829 ], [ 7.005727498443142, 51.464336861477683 ], [ 7.005700087881217, 51.464965450426888 ], [ 7.005672676326578, 51.465594039297862 ], [ 7.005645263779172, 51.466222628090605 ], [ 7.006651641757278, 51.466239746108094 ], [ 7.006624242027963, 51.466868335205525 ], [ 7.006596841306287, 51.46749692422474 ], [ 7.006569439592204, 51.468125513165731 ], [ 7.005563020179901, 51.468108393999444 ], [ 7.005535603660967, 51.468736982479257 ], [ 7.006542036885667, 51.468754102028498 ], [ 7.007548471102871, 51.468771212944283 ], [ 7.008554906312075, 51.468788315226625 ], [ 7.009561342512784, 51.46880540887549 ], [ 7.010567779704497, 51.468822493890833 ], [ 7.01054043125752, 51.469451084205303 ], [ 7.010513081819992, 51.4700796744416 ], [ 7.010485731391865, 51.470708264599715 ], [ 7.011492211014983, 51.470725342127565 ], [ 7.011519547628977, 51.470096751587448 ], [ 7.012526014428061, 51.470113820099357 ], [ 7.012498691628246, 51.47074241102132 ], [ 7.012471367838786, 51.471371001865123 ], [ 7.013477863256425, 51.471388062506364 ], [ 7.014484359663258, 51.47140511451326 ], [ 7.014457062514603, 51.472033706042026 ], [ 7.015463573725455, 51.472050749795812 ], [ 7.015436289403875, 51.47267934162771 ], [ 7.016442815418838, 51.472696377128017 ], [ 7.017449342421592, 51.472713403993524 ], [ 7.017422084744505, 51.473341996509284 ], [ 7.016415543925336, 51.473324969262869 ], [ 7.016388271443995, 51.473953561319611 ], [ 7.016360997974768, 51.474582153298236 ], [ 7.016333723517609, 51.475210745198737 ], [ 7.016306448072468, 51.475839337021135 ], [ 7.016279171639301, 51.476467928765402 ], [ 7.016251894218058, 51.477096520431544 ], [ 7.017258517946205, 51.477113549963605 ], [ 7.018265142661974, 51.477130570859494 ], [ 7.019271768364868, 51.477147583119198 ], [ 7.019299004327731, 51.476518990310723 ], [ 7.019326239304019, 51.475890397424166 ], [ 7.018319641239641, 51.475873385925617 ], [ 7.018346889047908, 51.475244793341517 ], [ 7.017340305789018, 51.475227773587939 ], [ 7.017367566428264, 51.474599181306495 ], [ 7.018374135869194, 51.47461620067935 ], [ 7.018401381703546, 51.473987607939065 ], [ 7.018428626551012, 51.473359015120678 ], [ 7.019435169344359, 51.473376025097053 ], [ 7.019462399388475, 51.472747431820054 ], [ 7.020468929351607, 51.472764432781048 ], [ 7.020496144593374, 51.472135839045656 ], [ 7.020523358849396, 51.471507245232168 ], [ 7.019516856517879, 51.471490245031802 ], [ 7.019544083603259, 51.470861651520543 ], [ 7.020550572119719, 51.470878651340634 ], [ 7.021557061621831, 51.470895642526408 ], [ 7.022563552109095, 51.470912625077879 ], [ 7.023570043581013, 51.470929598995006 ], [ 7.024576536037084, 51.470946564277789 ], [ 7.024603693063051, 51.47031796878894 ], [ 7.025610172687983, 51.470334925058019 ], [ 7.025583029476809, 51.47096352092619 ], [ 7.026589523899688, 51.470980468940184 ], [ 7.026562393520699, 51.471609065109462 ], [ 7.027568902741621, 51.471626004868007 ], [ 7.027596019305222, 51.470997408319789 ], [ 7.027623134886669, 51.470368811693568 ], [ 7.027650249486007, 51.469740214989343 ], [ 7.027677363103283, 51.469111618207108 ], [ 7.028683818047669, 51.469128547816076 ], [ 7.028710916869494, 51.46849995057714 ], [ 7.028738014709851, 51.467871353260193 ], [ 7.028765111568787, 51.467242755865264 ], [ 7.028792207446347, 51.466614158392353 ], [ 7.02778580775271, 51.466597230298163 ], [ 7.027812916460381, 51.465968633125918 ], [ 7.028819302342581, 51.465985560841446 ], [ 7.028846396257533, 51.465356963212535 ], [ 7.028873489191252, 51.464728365505643 ], [ 7.028900581143782, 51.464099767720761 ], [ 7.028927672115175, 51.463471169857883 ], [ 7.028954762105473, 51.462842571917008 ], [ 7.028981851114725, 51.462213973898152 ], [ 7.029008939142978, 51.461585375801292 ], [ 7.029036026190278, 51.46095677762645 ], [ 7.029063112256673, 51.460328179373612 ], [ 7.029090197342208, 51.459699581042784 ], [ 7.029117281446933, 51.459070982633975 ], [ 7.02914436457089, 51.458442384147176 ], [ 7.029171446714132, 51.457813785582374 ], [ 7.029198527876702, 51.457185186939583 ], [ 7.029225608058646, 51.456556588218803 ], [ 7.028219429288122, 51.456539666182067 ], [ 7.028246522292942, 51.455911067761811 ], [ 7.028273614316732, 51.455282469263544 ], [ 7.029279765480851, 51.455299390543281 ], [ 7.029306842721204, 51.454670791588534 ], [ 7.02933391898112, 51.454042192555796 ], [ 7.029360994260645, 51.453413593445077 ], [ 7.029388068559828, 51.452784994256348 ], [ 7.029415141878713, 51.45215639498965 ], [ 7.029442214217351, 51.451527795644957 ], [ 7.028436145860478, 51.451510876635972 ], [ 7.028463231018375, 51.45088227759171 ], [ 7.028490315195614, 51.450253678469451 ], [ 7.029496355954062, 51.450270596721616 ], [ 7.02952342535223, 51.449641997142962 ], [ 7.029550493770335, 51.449013397486311 ], [ 7.029577561208427, 51.448384797751672 ], [ 7.029604627666548, 51.447756197939057 ], [ 7.028598642098967, 51.447739281200441 ], [ 7.027592657511807, 51.447722355834514 ], [ 7.026586673905565, 51.447705421841299 ], [ 7.025580691280742, 51.44768847922083 ], [ 7.024574709637834, 51.447671527973121 ], [ 7.024601844097914, 51.447042929976249 ], [ 7.023595877233658, 51.447025970480624 ], [ 7.023623024507107, 51.446397372785007 ], [ 7.023650170797738, 51.445768775011331 ], [ 7.022644232507229, 51.44575180764771 ], [ 7.022671391609779, 51.445123210175474 ], [ 7.021665468097186, 51.445106234564918 ], [ 7.020659545568318, 51.445089250327968 ], [ 7.020686731275892, 51.444460653537206 ], [ 7.019680823525295, 51.444443661053924 ], [ 7.018674916759374, 51.444426659944497 ], [ 7.017669010978622, 51.444409650208925 ], [ 7.017641783889029, 51.445038245858967 ], [ 7.016635865300035, 51.445021227116627 ], [ 7.016608623430314, 51.445649822307928 ], [ 7.016581380574332, 51.446278417421091 ], [ 7.015575435382327, 51.44626138929079 ], [ 7.015548177744674, 51.446889983944985 ], [ 7.014542219744164, 51.446872946806977 ], [ 7.013536262731007, 51.446855901042149 ], [ 7.013508976514923, 51.4474844948559 ], [ 7.0125030066939, 51.447467440082804 ], [ 7.011497037861276, 51.447450376682731 ], [ 7.011469723064907, 51.448078969655242 ], [ 7.011442407279595, 51.448707562549558 ], [ 7.010436411843125, 51.448690489758839 ], [ 7.010409081271702, 51.449319082193135 ], [ 7.009403073027651, 51.449302000393025 ], [ 7.009430417396144, 51.448673408340781 ], [ 7.008424423939152, 51.448656318295399 ], [ 7.008451781114184, 51.448027726547195 ], [ 7.007445802444155, 51.448010628256966 ], [ 7.007473172424728, 51.447382036812961 ], [ 7.006467208541571, 51.447364930278248 ], [ 7.006494591326686, 51.446736339138631 ], [ 7.00652197312046, 51.446107747920792 ], [ 7.005516037818968, 51.446090633524783 ], [ 7.004510103509267, 51.446073510502302 ], [ 7.003504170191858, 51.446056378853392 ], [ 7.00249823786724, 51.446039238578052 ], [ 7.002470800894197, 51.446667828263628 ], [ 7.001464855768169, 51.446650678978337 ], [ 7.001437404006594, 51.447279268202081 ], [ 7.001409951251137, 51.447907857347552 ], [ 7.001382497501751, 51.448536446414728 ], [ 7.00135504275839, 51.449165035403631 ], [ 7.001327587021003, 51.44979362431426 ], [ 7.001300130289545, 51.450422213146609 ], [ 7.001272672563967, 51.451050801900664 ], [ 7.001245213844223, 51.451679390576459 ] ], [ [ 7.017476599111387, 51.472084811399647 ], [ 7.018483113285471, 51.472101829249624 ], [ 7.018455870411638, 51.472730422224195 ], [ 7.017449342421592, 51.472713403993524 ], [ 7.017476599111387, 51.472084811399647 ] ], [ [ 7.005891940970297, 51.460565326139601 ], [ 7.005919344584535, 51.459936736642788 ], [ 7.006925584481097, 51.459953850831631 ], [ 7.007931825369496, 51.459970956389739 ], [ 7.008938067249237, 51.459988053317083 ], [ 7.009944310119815, 51.460005141613649 ], [ 7.009916961729496, 51.460633732640574 ], [ 7.009889612348788, 51.461262323589324 ], [ 7.009862261977645, 51.461890914459879 ], [ 7.008855977687417, 51.461873825016575 ], [ 7.008828612518243, 51.46250241542667 ], [ 7.007822315411497, 51.462485316969534 ], [ 7.006816019296279, 51.462468209880875 ], [ 7.006843412080406, 51.461839620235892 ], [ 7.006870803872554, 51.461211030512686 ], [ 7.005864536363676, 51.461193915558191 ], [ 7.005891940970297, 51.460565326139601 ] ], [ [ 7.010299749090174, 51.45183345114846 ], [ 7.009293685652848, 51.451816367820044 ], [ 7.008287623205748, 51.451799275863358 ], [ 7.008314985333685, 51.451170684506174 ], [ 7.009321033981768, 51.45118777608058 ], [ 7.010327083620027, 51.451204859026902 ], [ 7.010299749090174, 51.45183345114846 ] ], [ [ 7.006056347771616, 51.456793787985227 ], [ 7.00505017788921, 51.456776667080547 ], [ 7.005077589353005, 51.456148077497296 ], [ 7.006083745432542, 51.456165198019022 ], [ 7.006056347771616, 51.456793787985227 ] ] ], [ [ [ 7.000201045346815, 51.475565702249028 ], [ 7.000173547817488, 51.476194287871749 ], [ 7.001180141857066, 51.476211455195731 ], [ 7.002186736892216, 51.476228613884039 ], [ 7.003193332922435, 51.47624576393666 ], [ 7.004199929947223, 51.476262905353622 ], [ 7.00422737220365, 51.475634318195866 ], [ 7.005233956404164, 51.47565145059383 ], [ 7.005261383848723, 51.475022862974576 ], [ 7.005288810299805, 51.474394275277099 ], [ 7.00629536785856, 51.474411398273382 ], [ 7.006322779499323, 51.473782810114614 ], [ 7.006350190147201, 51.473154221877643 ], [ 7.006377599802248, 51.472525633562427 ], [ 7.006405008464507, 51.471897045169001 ], [ 7.005398506170327, 51.47187992370484 ], [ 7.005425927654742, 51.471251335616188 ], [ 7.005453348145966, 51.470622747449312 ], [ 7.005480767644046, 51.469994159204184 ], [ 7.004474307786148, 51.469977030255208 ], [ 7.003467848921846, 51.469959892672435 ], [ 7.002461391051637, 51.469942746455899 ], [ 7.001454934176023, 51.469925591605623 ], [ 7.000448478295503, 51.469908428121613 ], [ 7.000420989728656, 51.470537014448908 ], [ 7.000393500166167, 51.471165600697937 ], [ 7.000366009607991, 51.471794186868671 ], [ 7.00033851805408, 51.47242277296111 ], [ 7.000311025504383, 51.473051358975262 ], [ 7.000283531958858, 51.473679944911133 ], [ 7.000256037417453, 51.474308530768717 ], [ 7.000228541880119, 51.47493711654802 ], [ 7.000201045346815, 51.475565702249028 ] ] ], [ [ [ 7.000740267048466, 51.486268820658303 ], [ 7.000767766694464, 51.485640235903979 ], [ 6.999760965322611, 51.485623062818107 ], [ 6.999733451850461, 51.486251647188219 ], [ 6.999705937381479, 51.486880231480043 ], [ 7.000712766406135, 51.486897405334346 ], [ 7.000740267048466, 51.486268820658303 ] ] ], [ [ [ 7.000657762132288, 51.488154574451606 ], [ 7.000685264767425, 51.487525989932116 ], [ 6.999678421915618, 51.487508815693573 ], [ 6.999650905452831, 51.488137399828823 ], [ 7.000657762132288, 51.488154574451606 ] ] ], [ [ [ 7.001059613978667, 51.502000588510434 ], [ 7.00103210225176, 51.502629171613734 ], [ 7.001004589527783, 51.50325775463876 ], [ 7.002011780215672, 51.503274921198589 ], [ 7.002039279099893, 51.502646337789464 ], [ 7.002066776987547, 51.502017754302059 ], [ 7.003073940992949, 51.502034911450082 ], [ 7.003101424045278, 51.501406327500519 ], [ 7.004108575207854, 51.501423475621209 ], [ 7.004081105994374, 51.50205205995448 ], [ 7.005088271991319, 51.502069199815217 ], [ 7.005115727365903, 51.501440615098453 ], [ 7.005143181745515, 51.50081203030345 ], [ 7.006150321060093, 51.500829160753902 ], [ 7.006177760606837, 51.500200575497381 ], [ 7.005170635130201, 51.500183445430224 ], [ 7.004163510648442, 51.500166306719976 ], [ 7.003156387162061, 51.500149159366657 ], [ 7.00214926467156, 51.50013200337029 ], [ 7.002121769773332, 51.500760587092472 ], [ 7.001114634441459, 51.500743422069007 ], [ 7.000107500106512, 51.500726248402344 ], [ 7.0000799765354, 51.501354831277922 ], [ 6.999072829359724, 51.501337648583601 ], [ 6.999045290952477, 51.50196623099643 ], [ 6.999017751547206, 51.502594813330951 ], [ 6.998990211143862, 51.503223395587177 ], [ 6.999997399837013, 51.503240579434951 ], [ 7.000024926400697, 51.502611996794222 ], [ 7.00005245196681, 51.501983414075212 ], [ 7.001059613978667, 51.502000588510434 ] ] ], [ [ [ 6.998812813218255, 51.530269558927316 ], [ 6.999820598490349, 51.530286750666086 ], [ 6.999793041847981, 51.530915330246927 ], [ 7.000800841981053, 51.530932513717985 ], [ 7.000828384761615, 51.530303933752577 ], [ 7.001836172031553, 51.530321108186754 ], [ 7.002843960299659, 51.53033827396861 ], [ 7.003851749565434, 51.53035543109813 ], [ 7.004859539828375, 51.530372579575271 ], [ 7.00586733108798, 51.530389719400041 ], [ 7.006875123343749, 51.530406850572405 ], [ 7.006902581956811, 51.5297782682254 ], [ 7.007910361346601, 51.529795390362132 ], [ 7.008918141731505, 51.529812503846607 ], [ 7.008945571626632, 51.529183920655207 ], [ 7.009953339144912, 51.529201025104605 ], [ 7.010961107657255, 51.529218120901895 ], [ 7.010988508836311, 51.528589536866903 ], [ 7.011996264481385, 51.52860662362967 ], [ 7.012023650806608, 51.527978039134105 ], [ 7.013031393584321, 51.527995116862719 ], [ 7.01305876505671, 51.5273665319068 ], [ 7.014066494966968, 51.527383600601638 ], [ 7.014093851587528, 51.526755015185572 ], [ 7.015101568630233, 51.52677207484701 ], [ 7.015128910399968, 51.52614348897103 ], [ 7.015156251178387, 51.525514903016933 ], [ 7.015183590965539, 51.524886316984706 ], [ 7.016191267424085, 51.524903366849962 ], [ 7.016218592362511, 51.524274780358041 ], [ 7.016245916310268, 51.523646193788004 ], [ 7.015238267566231, 51.523629144685891 ], [ 7.015265604379865, 51.523000558419298 ], [ 7.01529294020242, 51.522371972074595 ], [ 7.015320275033947, 51.521743385651753 ], [ 7.015347608874491, 51.521114799150801 ], [ 7.015374941724097, 51.52048621257174 ], [ 7.015402273582818, 51.51985762591454 ], [ 7.014394708961109, 51.519840570452246 ], [ 7.014422053682433, 51.519211984098611 ], [ 7.014449397412465, 51.518583397666838 ], [ 7.013441861488392, 51.518566334318997 ], [ 7.012434326556068, 51.518549262322274 ], [ 7.012461696999597, 51.517920676576267 ], [ 7.011454176911823, 51.517903596312948 ], [ 7.010446657816752, 51.517886507400974 ], [ 7.010474054971629, 51.517257922341464 ], [ 7.01050145113335, 51.516629337203788 ], [ 7.009493960734392, 51.516612240408406 ], [ 7.008486471329046, 51.516595134964817 ], [ 7.007478982917809, 51.516578020873048 ], [ 7.006471495501187, 51.516560898133093 ], [ 7.005464009079678, 51.516543766745002 ], [ 7.004456523653785, 51.51652662670876 ], [ 7.004429044385558, 51.517155209547951 ], [ 7.004401564121169, 51.51778379230889 ], [ 7.004374082860565, 51.518412374991598 ], [ 7.004346600603704, 51.519040957596062 ], [ 7.004319117350535, 51.519669540122301 ], [ 7.004291633101012, 51.520298122570296 ], [ 7.004264147855085, 51.520926704940067 ], [ 7.004236661612708, 51.521555287231593 ], [ 7.004209174373833, 51.522183869444888 ], [ 7.004181686138413, 51.522812451579945 ], [ 7.004154196906399, 51.523441033636757 ], [ 7.004126706677744, 51.524069615615346 ], [ 7.003119056003872, 51.52405246232518 ], [ 7.003091550921595, 51.524681043841646 ], [ 7.00306404484208, 51.52530962527986 ], [ 7.002056367451126, 51.525292462571102 ], [ 7.002028846516436, 51.525921043546965 ], [ 7.001021156265429, 51.525903871803131 ], [ 7.000013467012757, 51.52588669140836 ], [ 7.000041015663081, 51.525258111201282 ], [ 6.999033341266994, 51.525240922540263 ], [ 6.998025667870198, 51.525223725228514 ], [ 6.997998091504432, 51.525852304666039 ], [ 6.997970514138824, 51.526480884025254 ], [ 6.997942935773328, 51.527109463306182 ], [ 6.997915356407894, 51.527738042508801 ], [ 6.997887776042477, 51.528366621633118 ], [ 6.997860194677027, 51.528995200679134 ], [ 6.997832612311496, 51.529623779646855 ], [ 6.998840382722706, 51.529640979652939 ], [ 6.998812813218255, 51.530269558927316 ] ] ], [ [ [ 7.005829218008742, 51.485097385004003 ], [ 7.005801788487994, 51.485725971754711 ], [ 7.005774357973462, 51.486354558427202 ], [ 7.004767537798799, 51.486337428151025 ], [ 7.004740092463548, 51.486966014362018 ], [ 7.003733259456377, 51.486948875063582 ], [ 7.003705799299404, 51.487577460812894 ], [ 7.004712646133917, 51.487594600494802 ], [ 7.004685198809859, 51.48822318654932 ], [ 7.005692060466687, 51.488240317975304 ], [ 7.005664625976544, 51.488868904334879 ], [ 7.006671502455783, 51.48888602750452 ], [ 7.007678379928544, 51.488903142034538 ], [ 7.0076509721023, 51.489531729081911 ], [ 7.008657864397112, 51.489548835354988 ], [ 7.008685258394324, 51.488920247924895 ], [ 7.008712651399017, 51.488291660416614 ], [ 7.008740043411233, 51.487663072830131 ], [ 7.007733192602014, 51.487645967705191 ], [ 7.007760597449337, 51.48701738042319 ], [ 7.007788001303781, 51.486388793063 ], [ 7.007815404165394, 51.485760205624594 ], [ 7.007842806034221, 51.485131618107999 ], [ 7.007870206910313, 51.484503030513174 ], [ 7.008876988586876, 51.4845201337248 ], [ 7.008904374645248, 51.483891545669145 ], [ 7.007897606793716, 51.483874442840168 ], [ 7.007925005684478, 51.483245855088938 ], [ 7.00691825265007, 51.48322874400467 ], [ 7.006945664372222, 51.48260015655805 ], [ 7.005938926154847, 51.48258303721888 ], [ 7.005911500608758, 51.483211624282511 ], [ 7.004904749561039, 51.483194495922461 ], [ 7.004877309196968, 51.483823082524644 ], [ 7.004849867838757, 51.484451669048596 ], [ 7.005856646535753, 51.484468798175065 ], [ 7.005829218008742, 51.485097385004003 ] ] ], [ [ [ 7.004383212599467, 51.495137627985393 ], [ 7.00337619979785, 51.495120483701143 ], [ 7.003348726703118, 51.495749068433206 ], [ 7.003321252612841, 51.496377653087023 ], [ 7.004328293082648, 51.496394798138489 ], [ 7.00435575333858, 51.495766213101057 ], [ 7.004383212599467, 51.495137627985393 ] ] ], [ [ [ 7.005766062969424, 51.509629346132037 ], [ 7.005738608501311, 51.510257930215239 ], [ 7.005711153038059, 51.510886514220211 ], [ 7.006718514823001, 51.510903642158418 ], [ 7.006691072211066, 51.511532226468447 ], [ 7.007698448837243, 51.511549346143333 ], [ 7.008705826457654, 51.511566457171583 ], [ 7.009713205071796, 51.511583559553181 ], [ 7.010720584679168, 51.51160065328812 ], [ 7.010747971904615, 51.5109720674469 ], [ 7.011755338657976, 51.510989152152838 ], [ 7.012762706403517, 51.511006228212267 ], [ 7.012790064943754, 51.510377641528457 ], [ 7.013797419834639, 51.510394708559438 ], [ 7.013824763537411, 51.509766121415566 ], [ 7.013852106249098, 51.509137534193563 ], [ 7.014859434439853, 51.50915459181477 ], [ 7.014886762315625, 51.508526004132932 ], [ 7.014914089200907, 51.507897416372963 ], [ 7.01494141509575, 51.507268828534883 ], [ 7.013934128438131, 51.50725177205873 ], [ 7.013961467185957, 51.506623184524173 ], [ 7.012954195362561, 51.506606119784472 ], [ 7.011946924530514, 51.506589046399597 ], [ 7.010939654690316, 51.506571964369563 ], [ 7.010967033975638, 51.50594337790298 ], [ 7.009959778970475, 51.50592628761023 ], [ 7.008952524958113, 51.505909188672554 ], [ 7.008925117987466, 51.506537774374095 ], [ 7.007917851125818, 51.506520666408697 ], [ 7.00691058525802, 51.506503549798225 ], [ 7.005903320384575, 51.506486424542679 ], [ 7.005875870891442, 51.507115009017006 ], [ 7.004868593169901, 51.50709787473302 ], [ 7.004841128838416, 51.507726458745701 ], [ 7.005848420403407, 51.507743593413096 ], [ 7.005820968920425, 51.508372177730962 ], [ 7.005793516442447, 51.509000761970604 ], [ 7.005766062969424, 51.509629346132037 ] ] ], [ [ [ 7.010014562248135, 51.504669115207378 ], [ 7.011021789569427, 51.504686204735307 ], [ 7.012029017882927, 51.504703285618682 ], [ 7.012001654423893, 51.505331872623813 ], [ 7.013008897570878, 51.50534894524462 ], [ 7.013036247188132, 51.504720357857487 ], [ 7.014043477484543, 51.504737421451672 ], [ 7.014070812269267, 51.504108833604562 ], [ 7.013063595814183, 51.504091770392179 ], [ 7.012056380350256, 51.504074698535383 ], [ 7.012083741825927, 51.503446111373947 ], [ 7.011076541194389, 51.503429031254953 ], [ 7.011049165877989, 51.504057618034217 ], [ 7.01004195239788, 51.504040528888666 ], [ 7.010014562248135, 51.504669115207378 ] ] ], [ [ [ 7.024169062582748, 51.4803754872461 ], [ 7.024141889812672, 51.481004081486361 ], [ 7.023135176252714, 51.480987110129966 ], [ 7.022128463677663, 51.480970130136136 ], [ 7.022101262276744, 51.481598723538781 ], [ 7.022074059890373, 51.48222731686338 ], [ 7.021067320653936, 51.482210327471961 ], [ 7.021040103457916, 51.482838920338395 ], [ 7.020033351383381, 51.482821921928895 ], [ 7.020006119376715, 51.483450514336965 ], [ 7.019978886383455, 51.484079106666961 ], [ 7.020985666107689, 51.484096105837061 ], [ 7.020958445953386, 51.4847246984693 ], [ 7.021965240489409, 51.484741689381167 ], [ 7.022972036011121, 51.484758671654461 ], [ 7.023978832518022, 51.48477564528914 ], [ 7.023951652856108, 51.485404238983129 ], [ 7.024958464173986, 51.485421204358765 ], [ 7.025965276476101, 51.485438161095558 ], [ 7.025992428485392, 51.484809566642632 ], [ 7.02699922794486, 51.484826514361401 ], [ 7.027026365144581, 51.484197919451297 ], [ 7.028033151761311, 51.484214858152427 ], [ 7.02806027415246, 51.483586262785344 ], [ 7.028087395561013, 51.482957667340294 ], [ 7.028114515987019, 51.482329071817219 ], [ 7.028141635430523, 51.481700476216176 ], [ 7.028168753891573, 51.481071880537129 ], [ 7.028195871370215, 51.48044328478008 ], [ 7.027189167698559, 51.480426348352559 ], [ 7.026182465009762, 51.480409403287702 ], [ 7.025175763304325, 51.480392449585544 ], [ 7.024169062582748, 51.4803754872461 ] ] ], [ [ [ 7.02392543267064, 51.509307721333549 ], [ 7.023952635940365, 51.508679130225183 ], [ 7.022945312698128, 51.508662150798571 ], [ 7.022918095583099, 51.509290741526996 ], [ 7.02392543267064, 51.509307721333549 ] ] ], [ [ [ 7.032130154215445, 51.435846579913964 ], [ 7.033135880670937, 51.435863463594494 ], [ 7.03316288617823, 51.435234861088816 ], [ 7.033189890708032, 51.434606258505198 ], [ 7.033216894260387, 51.433977655843613 ], [ 7.032211209164823, 51.433960773295794 ], [ 7.032238225525427, 51.433332170933824 ], [ 7.032265240908182, 51.432703568493878 ], [ 7.031259584361215, 51.432686678078426 ], [ 7.031232555193359, 51.433315280140633 ], [ 7.031205525047155, 51.433943882124865 ], [ 7.030199841907882, 51.433926982330824 ], [ 7.03017279699723, 51.434555583859137 ], [ 7.030145751107642, 51.43518418530946 ], [ 7.030118704239065, 51.435812786681808 ], [ 7.030091656391456, 51.436441387976167 ], [ 7.031097394677924, 51.436458289282065 ], [ 7.032103133942973, 51.436475181964084 ], [ 7.032130154215445, 51.435846579913964 ] ] ], [ [ [ 7.028954762105474, 51.462842571917008 ], [ 7.028927672115175, 51.463471169857883 ], [ 7.028900581143784, 51.464099767720761 ], [ 7.028873489191253, 51.464728365505643 ], [ 7.028846396257534, 51.465356963212535 ], [ 7.028819302342582, 51.465985560841446 ], [ 7.028792207446349, 51.466614158392353 ], [ 7.028765111568787, 51.467242755865264 ], [ 7.028738014709853, 51.467871353260193 ], [ 7.029744443009287, 51.467888273478259 ], [ 7.030750872289644, 51.467905185062818 ], [ 7.031757302550423, 51.467922088013836 ], [ 7.031784357971765, 51.467293489484 ], [ 7.032790775399843, 51.467310383423559 ], [ 7.032817816029184, 51.466681784437853 ], [ 7.032844855679195, 51.466053185374193 ], [ 7.033851246462804, 51.466070069924967 ], [ 7.034857638225199, 51.466086945842711 ], [ 7.034884649273532, 51.465458345945912 ], [ 7.034911659343627, 51.46482974597118 ], [ 7.03493866843553, 51.464201145918508 ], [ 7.034965676549289, 51.463572545787912 ], [ 7.03499268368495, 51.46294394557939 ], [ 7.03501968984256, 51.462315345292936 ], [ 7.035046695022166, 51.461686744928556 ], [ 7.036052991094461, 51.461703609572332 ], [ 7.036079981488335, 51.461075008752793 ], [ 7.036106970904799, 51.460446407855322 ], [ 7.036133959343897, 51.45981780687994 ], [ 7.036160946805677, 51.459189205826632 ], [ 7.035154705961478, 51.459172342691737 ], [ 7.034148466095049, 51.459155470925928 ], [ 7.03314222720689, 51.459138590529236 ], [ 7.033169255108586, 51.458509990530175 ], [ 7.032163031004833, 51.458493101880386 ], [ 7.031156807880299, 51.458476204599947 ], [ 7.0311838624135, 51.457847605278658 ], [ 7.03017765407373, 51.457830699745728 ], [ 7.029171446714133, 51.457813785582374 ], [ 7.029144364570892, 51.458442384147176 ], [ 7.029117281446934, 51.459070982633975 ], [ 7.029090197342209, 51.459699581042784 ], [ 7.029063112256673, 51.460328179373612 ], [ 7.02903602619028, 51.46095677762645 ], [ 7.029008939142979, 51.461585375801292 ], [ 7.028981851114726, 51.462213973898152 ], [ 7.028954762105474, 51.462842571917008 ] ] ], [ [ [ 7.02947355858632, 51.474174246923447 ], [ 7.029446464747145, 51.474802843839051 ], [ 7.028439884477422, 51.474785919456849 ], [ 7.028412775838331, 51.475414515915844 ], [ 7.028385666217257, 51.476043112296864 ], [ 7.029392274124437, 51.476060037436312 ], [ 7.029365177340807, 51.476688634117984 ], [ 7.0293380795756, 51.477317230721638 ], [ 7.030344716103861, 51.477334147982006 ], [ 7.030317631177551, 51.477962744886156 ], [ 7.030290545270068, 51.478591341712345 ], [ 7.030263458381365, 51.479219938460552 ], [ 7.031270137353963, 51.479236848219344 ], [ 7.032276817307328, 51.479253749341119 ], [ 7.032249757081546, 51.479882346767781 ], [ 7.033256451837342, 51.479899239630434 ], [ 7.033229404453911, 51.480527837357066 ], [ 7.033202356090617, 51.481156435005751 ], [ 7.034209079472148, 51.481173319986645 ], [ 7.035215803833089, 51.481190196329869 ], [ 7.036222529172937, 51.481207064035424 ], [ 7.036195521301007, 51.481835662738867 ], [ 7.037202261443114, 51.4818525221839 ], [ 7.038209002563176, 51.481869372991014 ], [ 7.03818202136154, 51.482497972370737 ], [ 7.039188777283502, 51.482514814916733 ], [ 7.039215744660694, 51.481886215160202 ], [ 7.040222487735167, 51.48190304869145 ], [ 7.040249440311413, 51.481274448480448 ], [ 7.04027639191125, 51.480645848191557 ], [ 7.039269676484259, 51.480629015413513 ], [ 7.039296640930726, 51.480000415423341 ], [ 7.040303342534725, 51.480017247824811 ], [ 7.040330292181885, 51.479388647380169 ], [ 7.041336980939662, 51.479405470767873 ], [ 7.042343670673207, 51.479422285518361 ], [ 7.043350361382021, 51.479439091631605 ], [ 7.043377268586657, 51.478810489980589 ], [ 7.044383946448062, 51.478827287080783 ], [ 7.045390625283691, 51.47884407554389 ], [ 7.045417503870201, 51.478215473063671 ], [ 7.04642416985778, 51.478232252514289 ], [ 7.046451033649344, 51.477603649580871 ], [ 7.046477896467777, 51.476975046569635 ], [ 7.047484535786396, 51.476991816632953 ], [ 7.048491176077598, 51.47700857805971 ], [ 7.048518010282265, 51.476379974220521 ], [ 7.049524637725139, 51.476396726635933 ], [ 7.049551457137857, 51.475768122344171 ], [ 7.049578275579083, 51.47513951797464 ], [ 7.049605093048864, 51.474510913527325 ], [ 7.049631909547247, 51.473882309002242 ], [ 7.050638482684823, 51.47389905128297 ], [ 7.051645056793253, 51.473915784928046 ], [ 7.052651631872036, 51.473932509937455 ], [ 7.05365820792067, 51.473949226311163 ], [ 7.054664784938657, 51.473965934049147 ], [ 7.054691531375426, 51.473337327575521 ], [ 7.054718276843388, 51.472708721024169 ], [ 7.05474502134259, 51.472080114395091 ], [ 7.054771764873077, 51.471451507688279 ], [ 7.054798507434897, 51.470822900903741 ], [ 7.054825249028093, 51.470194294041477 ], [ 7.054851989652715, 51.469565687101486 ], [ 7.054878729308806, 51.468937080083776 ], [ 7.054905467996415, 51.468308472988326 ], [ 7.054932205715586, 51.467679865815178 ], [ 7.054958942466368, 51.467051258564283 ], [ 7.054985678248805, 51.466422651235668 ], [ 7.055012413062944, 51.465794043829334 ], [ 7.055039146908832, 51.465165436345274 ], [ 7.054032763299417, 51.465148733839087 ], [ 7.054059509988251, 51.464520126650925 ], [ 7.054086255708428, 51.463891519385029 ], [ 7.05307990068943, 51.463874808993459 ], [ 7.053053141158647, 51.464503415885545 ], [ 7.0520467732982, 51.46448669648737 ], [ 7.052019998987199, 51.4651153029277 ], [ 7.051013618285395, 51.465098574522543 ], [ 7.051040406407409, 51.464469968456413 ], [ 7.050034040486775, 51.464453231792682 ], [ 7.0500608414491, 51.463824626023168 ], [ 7.050087641440816, 51.463196020175879 ], [ 7.04908130411118, 51.463179275628569 ], [ 7.049108116941755, 51.462550670078052 ], [ 7.049134928801316, 51.461922064449759 ], [ 7.048128620060996, 51.461905312019582 ], [ 7.04810179439256, 51.462533917273142 ], [ 7.047095472814878, 51.462517155836103 ], [ 7.046089152209208, 51.462500385766958 ], [ 7.046062297950643, 51.463128990192644 ], [ 7.045055964508252, 51.463112211116076 ], [ 7.044049632038918, 51.46309542340726 ], [ 7.044022749188368, 51.46372402700424 ], [ 7.043995865364213, 51.4643526305234 ], [ 7.042989506248652, 51.464335833430887 ], [ 7.042962607640204, 51.464964436496444 ], [ 7.043968980566405, 51.464981233964714 ], [ 7.0439420947949, 51.465609837328188 ], [ 7.043915208049652, 51.466238440613829 ], [ 7.044921609572426, 51.466255230200417 ], [ 7.044894735665572, 51.46688383378379 ], [ 7.043888320330612, 51.46686704382163 ], [ 7.043861431637734, 51.467495646951591 ], [ 7.043834541970974, 51.468124250003726 ], [ 7.044840984931804, 51.468141040717093 ], [ 7.044814108104797, 51.468769644066995 ], [ 7.043807651330281, 51.468752852978021 ], [ 7.042801195529743, 51.468736053255064 ], [ 7.042774290100938, 51.469364655775699 ], [ 7.041767821460786, 51.469347847042783 ], [ 7.040761353795657, 51.469331029675729 ], [ 7.040734419763194, 51.469959631366279 ], [ 7.040707484755163, 51.470588232978962 ], [ 7.041713980049879, 51.470605051098445 ], [ 7.041687057881774, 51.471233653009506 ], [ 7.042693567967193, 51.471250462870522 ], [ 7.042720476319709, 51.470621860583421 ], [ 7.043726973564157, 51.470638661433853 ], [ 7.043700079027277, 51.471267264096795 ], [ 7.043673183516233, 51.471895866681898 ], [ 7.043646287030981, 51.47252446918916 ], [ 7.042639748338129, 51.47250766721114 ], [ 7.041633210620031, 51.472490856598021 ], [ 7.041660134738507, 51.471862254842691 ], [ 7.040653611812207, 51.471845435970728 ], [ 7.039647089861615, 51.471828608463873 ], [ 7.038640568887232, 51.47181177232217 ], [ 7.038613603319272, 51.472440372948157 ], [ 7.037607069505194, 51.47242352779476 ], [ 7.03660053666837, 51.472406674006358 ], [ 7.0355940048093, 51.472389811582971 ], [ 7.034587473928484, 51.472372940524593 ], [ 7.033580944026419, 51.472356060831245 ], [ 7.033607978675922, 51.471727462091359 ], [ 7.032601463569277, 51.471710574140879 ], [ 7.031594949442338, 51.471693677555685 ], [ 7.030588436295604, 51.471676772335769 ], [ 7.029581924129573, 51.471659858481175 ], [ 7.029554834215682, 51.472288455708721 ], [ 7.029527743320541, 51.472917052858278 ], [ 7.029500651444103, 51.473545649929854 ], [ 7.02947355858632, 51.474174246923447 ] ] ], [ [ [ 7.027487547157413, 51.473511794044633 ], [ 7.027514666667762, 51.472883197730432 ], [ 7.02650812981457, 51.472866257213965 ], [ 7.026480996487334, 51.473494853149198 ], [ 7.026453862177254, 51.474123449006413 ], [ 7.027460426664718, 51.474140390280823 ], [ 7.027487547157413, 51.473511794044633 ] ] ], [ [ [ 7.030213522273919, 51.503752075339321 ], [ 7.031220741660448, 51.503768991215225 ], [ 7.031193643167654, 51.504397585601559 ], [ 7.032200877377955, 51.504414493211222 ], [ 7.0332081125699, 51.504431392176116 ], [ 7.033235183379296, 51.503802797033323 ], [ 7.033262253207597, 51.503174201812605 ], [ 7.033289322054848, 51.502545606513934 ], [ 7.033316389921098, 51.50191701113733 ], [ 7.033343456806391, 51.501288415682794 ], [ 7.033370522710778, 51.500659820150311 ], [ 7.032363370561655, 51.500642923454052 ], [ 7.032390449323899, 51.500014328221717 ], [ 7.032417527104826, 51.499385732911414 ], [ 7.031410403613908, 51.499368828328059 ], [ 7.030403281104759, 51.499351915101485 ], [ 7.02939615957788, 51.499334993231713 ], [ 7.029369040282581, 51.499963587406675 ], [ 7.029341920004466, 51.500592181503663 ], [ 7.029314798743486, 51.501220775522647 ], [ 7.028307636683786, 51.501203843873178 ], [ 7.028280500600364, 51.501832437435333 ], [ 7.028253363533484, 51.502461030919505 ], [ 7.029260553272748, 51.502477963326719 ], [ 7.029233429062895, 51.503106557111785 ], [ 7.030240633625744, 51.503123481253539 ], [ 7.030213522273919, 51.503752075339321 ] ] ], [ [ [ 7.042252218699625, 51.458032996527301 ], [ 7.041245999610894, 51.458016185930326 ], [ 7.040239781496846, 51.457999366702722 ], [ 7.039233564357981, 51.45798253884449 ], [ 7.03920662026681, 51.458611141184022 ], [ 7.040212851211138, 51.458627969418664 ], [ 7.041219083130696, 51.4586447890225 ], [ 7.041192165675768, 51.459273392036806 ], [ 7.041165247246064, 51.459901994973237 ], [ 7.042171507752963, 51.459918806698326 ], [ 7.042144602155489, 51.460547409932957 ], [ 7.042117695583646, 51.461176013089734 ], [ 7.043123984679569, 51.461192816935323 ], [ 7.044130274749408, 51.461209612149268 ], [ 7.045136565792667, 51.461226398731554 ], [ 7.046142857808847, 51.461243176682153 ], [ 7.047149150797446, 51.461259946001057 ], [ 7.048155444757965, 51.461276706688231 ], [ 7.049161739689907, 51.461293458743683 ], [ 7.050168035592772, 51.461310202167368 ], [ 7.050194831702515, 51.460681596008968 ], [ 7.051201114767832, 51.460698330426531 ], [ 7.051227896099725, 51.460069723816055 ], [ 7.052234166327403, 51.46008644922788 ], [ 7.052207398803027, 51.460715056212493 ], [ 7.053213683807601, 51.460731773366831 ], [ 7.053186929121912, 51.461360380647648 ], [ 7.052180630309274, 51.461343663119358 ], [ 7.052153860846095, 51.461972269948468 ], [ 7.052127090413443, 51.462600876699831 ], [ 7.053133416843708, 51.462617594976052 ], [ 7.053106659251101, 51.463246202023619 ], [ 7.054113000459992, 51.463262912041401 ], [ 7.05413974424299, 51.462634304620039 ], [ 7.055146072610793, 51.462651005631784 ], [ 7.055172801616116, 51.4620223977591 ], [ 7.055199529653468, 51.461393789808689 ], [ 7.055226256722889, 51.460765181780559 ], [ 7.05525298282443, 51.460136573674703 ], [ 7.054246709690253, 51.460119874157222 ], [ 7.054273448631116, 51.459491266347193 ], [ 7.055279707958135, 51.459507965491127 ], [ 7.055306432124052, 51.458879357229819 ], [ 7.055333155322225, 51.458250748890805 ], [ 7.055359877552704, 51.457622140474058 ], [ 7.055386598815533, 51.456993531979577 ], [ 7.054380394712156, 51.456976834329716 ], [ 7.054407128812042, 51.456348226131027 ], [ 7.054433861943873, 51.455719617854577 ], [ 7.053427686417336, 51.45570291232157 ], [ 7.053400939481388, 51.456331520224325 ], [ 7.053374191576884, 51.456960128049346 ], [ 7.052367989410214, 51.456943413138475 ], [ 7.052394751119287, 51.456314805687349 ], [ 7.051388563726244, 51.456298082520085 ], [ 7.051415338270287, 51.455669475365248 ], [ 7.050409165650774, 51.455652743941997 ], [ 7.050435953028791, 51.455024137083633 ], [ 7.049429795182719, 51.455007397404771 ], [ 7.049456595393711, 51.454378790843066 ], [ 7.048450452320987, 51.454362042908976 ], [ 7.048477265363954, 51.453733436644093 ], [ 7.047471137064483, 51.453716680455187 ], [ 7.046465009736376, 51.453699915636875 ], [ 7.045458883380133, 51.453683142189178 ], [ 7.045432028930274, 51.454311747329079 ], [ 7.045405173508008, 51.454940352391148 ], [ 7.044399020519219, 51.454923569563313 ], [ 7.044372150321297, 51.455552174172162 ], [ 7.044345279150373, 51.456180778703185 ], [ 7.044318407006404, 51.456809383156369 ], [ 7.043312213579607, 51.456792590571986 ], [ 7.043285326657892, 51.457421194571737 ], [ 7.042279120400082, 51.457404392981246 ], [ 7.042252218699625, 51.458032996527301 ] ] ], [ [ [ 7.055297567829871, 51.411700165945916 ], [ 7.056302778306749, 51.411716845347108 ], [ 7.057307989748406, 51.411733516131662 ], [ 7.057334640497468, 51.411104901963824 ], [ 7.057361290282294, 51.410476287718261 ], [ 7.056356106377732, 51.410459617679216 ], [ 7.056382768966169, 51.409831003728684 ], [ 7.05537759979405, 51.409814325446312 ], [ 7.055350923437858, 51.410442939023909 ], [ 7.055324246116481, 51.411071552523786 ], [ 7.055297567829871, 51.411700165945916 ] ] ], [ [ [ 7.047081698674846, 51.486420859260257 ], [ 7.047108561293515, 51.485792256963038 ], [ 7.048115395122315, 51.485809023640542 ], [ 7.048142242940387, 51.485180420890408 ], [ 7.049149063914512, 51.485197178553697 ], [ 7.050155885860824, 51.485213927577888 ], [ 7.051162708778826, 51.485230667962945 ], [ 7.052169532668016, 51.485247399708854 ], [ 7.052196324205477, 51.484618795382417 ], [ 7.052223114772296, 51.483990190978233 ], [ 7.052249904368522, 51.483361586496301 ], [ 7.051243121958981, 51.483344855873376 ], [ 7.050236340520491, 51.483328116611879 ], [ 7.050209523272213, 51.483956720344985 ], [ 7.049202728979314, 51.483939972070232 ], [ 7.04819593565851, 51.483923215156764 ], [ 7.048222780558654, 51.483294612173246 ], [ 7.04721600203631, 51.48327784699616 ], [ 7.046209224487014, 51.483261073180579 ], [ 7.045202447911267, 51.483244290726532 ], [ 7.04517556153367, 51.483872892584195 ], [ 7.045148674181977, 51.484501494364032 ], [ 7.046155478409767, 51.484518277569052 ], [ 7.046128603910701, 51.485146879646571 ], [ 7.046101728437951, 51.485775481646272 ], [ 7.046074851991463, 51.486404083568161 ], [ 7.047081698674846, 51.486420859260257 ] ] ], [ [ [ 7.05157987317756, 51.499076675219591 ], [ 7.05258700236012, 51.499093406560092 ], [ 7.052613801425342, 51.49846480356981 ], [ 7.053620917740964, 51.498481525892714 ], [ 7.053647701997372, 51.497852922450527 ], [ 7.053674485283166, 51.497224318930598 ], [ 7.053701267598389, 51.496595715332937 ], [ 7.052694192794216, 51.496578994132506 ], [ 7.052720987975065, 51.495950390831247 ], [ 7.052747782184936, 51.495321787452269 ], [ 7.051740736023491, 51.495305058357815 ], [ 7.051713927978017, 51.495933661362493 ], [ 7.050706868952447, 51.495916923251279 ], [ 7.049699810898855, 51.495900176497628 ], [ 7.049672974209841, 51.496528778675327 ], [ 7.049646136548302, 51.497157380775235 ], [ 7.04961929791419, 51.497785982797382 ], [ 7.049592458307462, 51.498414584741745 ], [ 7.050599571708092, 51.498431332994315 ], [ 7.051606686080886, 51.498448072603665 ], [ 7.05157987317756, 51.499076675219591 ] ] ], [ [ [ 7.058419744292978, 51.409235719671706 ], [ 7.058446377418518, 51.408607104820497 ], [ 7.057441233851815, 51.408590444515312 ], [ 7.057414586959422, 51.409219058994012 ], [ 7.058419744292978, 51.409235719671706 ] ] ], [ [ [ 7.059371660983494, 51.410509601947517 ], [ 7.059398282268389, 51.409880986879351 ], [ 7.058393110203836, 51.409864334445217 ], [ 7.058366475151049, 51.41049294914103 ], [ 7.057361290282295, 51.410476287718261 ], [ 7.057334640497469, 51.411104901963824 ], [ 7.057307989748406, 51.411733516131662 ], [ 7.057281338035061, 51.412362130221801 ], [ 7.05828656421034, 51.412378792762262 ], [ 7.05929179134945, 51.412395446685863 ], [ 7.05931841552407, 51.41176683185077 ], [ 7.059345038735404, 51.411138216937992 ], [ 7.059371660983494, 51.410509601947517 ] ] ], [ [ [ 7.062749474921453, 51.449566834573055 ], [ 7.062722861862343, 51.45019544660844 ], [ 7.063728921864664, 51.450212071122671 ], [ 7.063702321641992, 51.450840683452256 ], [ 7.064708396407508, 51.450857299709583 ], [ 7.064681809022272, 51.451485912333183 ], [ 7.065687898551075, 51.451502520333221 ], [ 7.066693989042077, 51.451519119704244 ], [ 7.067700080494778, 51.451535710446279 ], [ 7.067673533550382, 51.452164324106128 ], [ 7.067646985644736, 51.452792937688379 ], [ 7.068653105661681, 51.452809520543212 ], [ 7.068626570597011, 51.453438134418789 ], [ 7.068600034571499, 51.454066748216782 ], [ 7.068573497585103, 51.454695361937176 ], [ 7.069579659971282, 51.454711937274801 ], [ 7.069553135827761, 51.455340551288373 ], [ 7.069526610723763, 51.45596916522436 ], [ 7.069500084659239, 51.456597779082763 ], [ 7.068493880860129, 51.456581202632833 ], [ 7.068467340029724, 51.457209816042862 ], [ 7.067461123386424, 51.457193230591344 ], [ 7.067434567789141, 51.457821843552807 ], [ 7.066428338301739, 51.457805249099351 ], [ 7.066401767936581, 51.458433861612001 ], [ 7.066375196609217, 51.459062474047052 ], [ 7.066348624319599, 51.459691086404476 ], [ 7.067354895227143, 51.459707681971565 ], [ 7.068361167096485, 51.459724268907109 ], [ 7.06833462146004, 51.46035288192919 ], [ 7.068308074862248, 51.460981494873693 ], [ 7.067301775376891, 51.460964907196058 ], [ 7.067275214008951, 51.461593519691895 ], [ 7.066268901676774, 51.461576923011094 ], [ 7.066242325537687, 51.462205535058082 ], [ 7.066215748436119, 51.462834147027451 ], [ 7.066189170372022, 51.463462758919214 ], [ 7.066162591345351, 51.464091370733364 ], [ 7.067168958917361, 51.464107968899256 ], [ 7.067142392739274, 51.464736581007102 ], [ 7.068148775084659, 51.464753170911223 ], [ 7.069155158391711, 51.464769752182256 ], [ 7.070161542659931, 51.464786324820182 ], [ 7.071167927888819, 51.464802888824977 ], [ 7.072174314077878, 51.464819444196614 ], [ 7.072147815996844, 51.465448058080518 ], [ 7.073154216957555, 51.46546460518914 ], [ 7.073127731729286, 51.466093219365646 ], [ 7.073101245541756, 51.466721833464597 ], [ 7.072094816955585, 51.466705285615632 ], [ 7.072068315995264, 51.467333899266876 ], [ 7.071061874555466, 51.4673173424138 ], [ 7.071035358821359, 51.467945955617083 ], [ 7.071008842126854, 51.468574568742824 ], [ 7.072015311195019, 51.468591126336698 ], [ 7.071988807354999, 51.469219739755282 ], [ 7.072995291198088, 51.469236289085032 ], [ 7.072968800213555, 51.469864902796296 ], [ 7.072942308269486, 51.470493516429997 ], [ 7.071935796794942, 51.47047696635979 ], [ 7.071909290074811, 51.471105579545707 ], [ 7.07188278239455, 51.471734192654083 ], [ 7.070876244246729, 51.471717633208073 ], [ 7.069869707059582, 51.471701065126801 ], [ 7.069843170784333, 51.472329677416504 ], [ 7.069816633547862, 51.47295828962865 ], [ 7.070823198370277, 51.472974858451231 ], [ 7.07182976415346, 51.472991418638159 ], [ 7.071803253592536, 51.473620031513875 ], [ 7.072809834154461, 51.473636583435407 ], [ 7.072836330896908, 51.473007970189414 ], [ 7.072862826679589, 51.472379356865879 ], [ 7.072889321502548, 51.471750743464789 ], [ 7.072915815365831, 51.471122129986171 ], [ 7.073922341616481, 51.4711386717915 ], [ 7.073948820703612, 51.47051005786529 ], [ 7.074955334096824, 51.470526590665635 ], [ 7.075961848448619, 51.470543114831031 ], [ 7.076968363758501, 51.470559630361429 ], [ 7.077974880025966, 51.470576137256835 ], [ 7.077948456205385, 51.471204752661336 ], [ 7.078954987246687, 51.471221251290814 ], [ 7.079961519244624, 51.471237741285044 ], [ 7.080968052198692, 51.471254222644042 ], [ 7.08094166887287, 51.471882839077757 ], [ 7.081948216599959, 51.471899312169995 ], [ 7.081974586108394, 51.471270695367757 ], [ 7.082000954661693, 51.470642078488076 ], [ 7.082027322259904, 51.470013461530947 ], [ 7.082053688903076, 51.469384844496346 ], [ 7.08208005459125, 51.468756227384311 ], [ 7.082106419324474, 51.468127610194834 ], [ 7.082132783102795, 51.467498992927887 ], [ 7.082159145926254, 51.466870375583511 ], [ 7.081152708724286, 51.466853905439123 ], [ 7.081179084406325, 51.466225288385722 ], [ 7.081205459133097, 51.46559667125485 ], [ 7.081231832904647, 51.46496805404653 ], [ 7.081258205721022, 51.464339436760739 ], [ 7.081284577582265, 51.463710819397498 ], [ 7.081310948488425, 51.463082201956794 ], [ 7.081337318439545, 51.462453584438627 ], [ 7.082343658958256, 51.462470052004157 ], [ 7.082370014144486, 51.461841434040174 ], [ 7.083376341807749, 51.461857892604925 ], [ 7.083402682230087, 51.461229274195311 ], [ 7.083429021698522, 51.460600655708276 ], [ 7.083455360213099, 51.4599720371438 ], [ 7.083481697773864, 51.459343418501874 ], [ 7.083508034380862, 51.458714799782513 ], [ 7.082501775759821, 51.458698343058458 ], [ 7.082528125220046, 51.45806972462978 ], [ 7.081521881360128, 51.458053259642597 ], [ 7.08154824367258, 51.457424641504744 ], [ 7.080542014573694, 51.457408168254837 ], [ 7.080568389737374, 51.456779550408022 ], [ 7.080594763945972, 51.456150932483723 ], [ 7.080621137199535, 51.455522314481968 ], [ 7.079614950471714, 51.455505833707043 ], [ 7.0796413365746, 51.454877215996454 ], [ 7.079667721722043, 51.45424859820838 ], [ 7.07866156355775, 51.454232109540712 ], [ 7.078687961553067, 51.453603492043982 ], [ 7.077681818147896, 51.453586995115295 ], [ 7.076675675699078, 51.453570489556832 ], [ 7.076702100343949, 51.4529418727208 ], [ 7.076728524032017, 51.452313255807262 ], [ 7.075722410144818, 51.452296742357767 ], [ 7.075748846677766, 51.451668125736077 ], [ 7.074742747549416, 51.451651604026772 ], [ 7.074769196926244, 51.451022987697115 ], [ 7.074795645345409, 51.450394371289931 ], [ 7.073789574776363, 51.45037784169093 ], [ 7.073816036037959, 51.449749225575921 ], [ 7.072809980227034, 51.449732687718083 ], [ 7.072836454330063, 51.449104071895448 ], [ 7.072862927474567, 51.448475455995265 ], [ 7.072889399660592, 51.44784684001754 ], [ 7.073895414074499, 51.447863376765703 ], [ 7.073868955686981, 51.448491993113322 ], [ 7.074874984857376, 51.448508521603195 ], [ 7.07490142944634, 51.447879904885887 ], [ 7.075907445775616, 51.447896424378094 ], [ 7.07588101498525, 51.448525041464876 ], [ 7.076887046070109, 51.448541552698345 ], [ 7.077893078111449, 51.448558055303586 ], [ 7.078899111108776, 51.448574549280558 ], [ 7.079905145061589, 51.448591034629281 ], [ 7.079878768511087, 51.449219653114639 ], [ 7.080884817218213, 51.449236130203609 ], [ 7.080858453512501, 51.449864748980062 ], [ 7.081864516974032, 51.449881217808873 ], [ 7.08183816611411, 51.450509836876215 ], [ 7.082844244330136, 51.450526297444497 ], [ 7.08385032349979, 51.45054274938385 ], [ 7.083876646758838, 51.44991412958035 ], [ 7.083902969064801, 51.449285509699422 ], [ 7.083929290417727, 51.448656889741045 ], [ 7.083955610817661, 51.448028269705233 ], [ 7.083981930264646, 51.447399649591993 ], [ 7.082975920092306, 51.447383199492435 ], [ 7.081969910873364, 51.447366740764942 ], [ 7.080963902608323, 51.447350273409484 ], [ 7.080937541766077, 51.447978892418327 ], [ 7.079931520657104, 51.447962416066439 ], [ 7.079957895297677, 51.447333797426111 ], [ 7.079984268983353, 51.446705178708314 ], [ 7.07897827642539, 51.446688694465742 ], [ 7.079004662953502, 51.446060076039153 ], [ 7.077998685148125, 51.446043583537772 ], [ 7.078025084517674, 51.445414965402577 ], [ 7.077019121464797, 51.445398464642793 ], [ 7.076013159368173, 51.445381955255726 ], [ 7.075007198228304, 51.445365437241406 ], [ 7.074001238045688, 51.445348910599861 ], [ 7.074027691643994, 51.444720293864563 ], [ 7.073021746215141, 51.444703758965645 ], [ 7.072015801744494, 51.444687215439714 ], [ 7.071989320554207, 51.445315831435167 ], [ 7.070983363246341, 51.445299278912046 ], [ 7.069977406897721, 51.445282717761771 ], [ 7.06995089715589, 51.445911332939019 ], [ 7.068944927970685, 51.445894762791006 ], [ 7.068918403472235, 51.446523377520059 ], [ 7.06791242145054, 51.44650679837391 ], [ 7.066906440389679, 51.446490210600295 ], [ 7.066932992481648, 51.445861596613057 ], [ 7.06592702617881, 51.445845000583176 ], [ 7.064921060837759, 51.445828395926036 ], [ 7.063915096458993, 51.445811782641663 ], [ 7.063888502977092, 51.44644039551472 ], [ 7.063861908532362, 51.447069008310152 ], [ 7.063835313124757, 51.447697621027935 ], [ 7.062829308317622, 51.44768099800099 ], [ 7.061823304473906, 51.447664366346288 ], [ 7.06179668050733, 51.448292978242613 ], [ 7.061770055576788, 51.448921590061289 ], [ 7.061743429682235, 51.44955020180231 ], [ 7.062749474921453, 51.449566834573055 ] ], [ [ 7.073392540852715, 51.459807074111254 ], [ 7.073419016490877, 51.459178459159347 ], [ 7.073445491170283, 51.458549844129898 ], [ 7.07445174118537, 51.458566378536133 ], [ 7.074478201099526, 51.457937763059299 ], [ 7.075484438266244, 51.457954288464613 ], [ 7.076490676390631, 51.457970805238823 ], [ 7.076464244089684, 51.458599421454771 ], [ 7.077470496977914, 51.458615929967131 ], [ 7.077444077526923, 51.459244546474849 ], [ 7.077417657119171, 51.459873162905083 ], [ 7.077391235754612, 51.460501779257818 ], [ 7.078397531022708, 51.460518280246127 ], [ 7.078371122510012, 51.461146896890476 ], [ 7.078344713040914, 51.461775513457333 ], [ 7.077338390154885, 51.46175901173077 ], [ 7.076332068225804, 51.461742501371916 ], [ 7.076358505313284, 51.461113885543519 ], [ 7.075352198150769, 51.461097366921898 ], [ 7.075378648089476, 51.460468751385484 ], [ 7.074372355693436, 51.460452224501481 ], [ 7.07439881848237, 51.459823609257228 ], [ 7.073392540852715, 51.459807074111254 ] ] ], [ [ [ 7.058885289016883, 51.445728586812024 ], [ 7.057879330422295, 51.445711921764676 ], [ 7.056873372793482, 51.445695248090217 ], [ 7.055867416130942, 51.445678565788697 ], [ 7.055840712277915, 51.446307175682158 ], [ 7.055814007458068, 51.446935785497899 ], [ 7.055787301671357, 51.447564395235908 ], [ 7.056793299724081, 51.447581078656846 ], [ 7.057799298743216, 51.447597753450111 ], [ 7.058805298728265, 51.447614419615718 ], [ 7.058831963123157, 51.446985808758832 ], [ 7.058858626552681, 51.446357197824277 ], [ 7.058885289016883, 51.445728586812024 ] ] ], [ [ [ 7.056366096428892, 51.457638829866703 ], [ 7.057372316272231, 51.457655510628612 ], [ 7.058378537082223, 51.457672182759772 ], [ 7.058405216929287, 51.457043573145938 ], [ 7.059411424900084, 51.457060236273584 ], [ 7.059438089976193, 51.456431626209358 ], [ 7.060444285107703, 51.456448280333859 ], [ 7.060470935413854, 51.455819669819441 ], [ 7.060497584754992, 51.455191059227332 ], [ 7.059491417231771, 51.455174405847842 ], [ 7.058485250674021, 51.455157743838335 ], [ 7.058511926656934, 51.454529133913752 ], [ 7.057505774868457, 51.45451246364712 ], [ 7.056499624046401, 51.454495784750684 ], [ 7.055493474191265, 51.454479097224478 ], [ 7.055466756798576, 51.455107706029835 ], [ 7.055440038438422, 51.455736314757473 ], [ 7.055413319110756, 51.456364923407385 ], [ 7.055386598815533, 51.456993531979577 ], [ 7.056392803886512, 51.457010220998924 ], [ 7.056366096428892, 51.457638829866703 ] ] ], [ [ [ 7.05715873224996, 51.462684381758471 ], [ 7.056152401946616, 51.462667698011266 ], [ 7.056125685782972, 51.463296306179615 ], [ 7.055119342637449, 51.463279613426735 ], [ 7.055092611696039, 51.463908221143981 ], [ 7.055065879786515, 51.46453682878348 ], [ 7.056072250552938, 51.464553522283204 ], [ 7.056045531486454, 51.465182130218423 ], [ 7.057051917031781, 51.465198815458507 ], [ 7.057078622287019, 51.464570207150068 ], [ 7.058084994988262, 51.464586883384044 ], [ 7.058111685465549, 51.463958274624851 ], [ 7.058138374976222, 51.463329665787953 ], [ 7.059144721022948, 51.463346332643361 ], [ 7.059171395757212, 51.462717723355958 ], [ 7.058165063520325, 51.462701056873371 ], [ 7.05715873224996, 51.462684381758471 ] ] ], [ [ [ 7.054771764873077, 51.471451507688279 ], [ 7.05474502134259, 51.472080114395091 ], [ 7.055751557876357, 51.472096812376662 ], [ 7.055724827194347, 51.472725419379294 ], [ 7.056731378513568, 51.472742109099052 ], [ 7.056758095378338, 51.472113501723044 ], [ 7.056784811275394, 51.471484894269338 ], [ 7.056811526204781, 51.470856286737927 ], [ 7.057818037041407, 51.470872966702828 ], [ 7.057844737187383, 51.470244358720564 ], [ 7.057871436366284, 51.469615750660623 ], [ 7.057898134578155, 51.468987142522984 ], [ 7.056891665187387, 51.468970463677472 ], [ 7.056918376246561, 51.468341855835234 ], [ 7.056945086338295, 51.467713247915299 ], [ 7.055938645542995, 51.467696561182144 ], [ 7.054932205715587, 51.467679865815178 ], [ 7.054905467996415, 51.468308472988326 ], [ 7.054878729308806, 51.468937080083776 ], [ 7.054851989652715, 51.469565687101486 ], [ 7.054825249028093, 51.470194294041477 ], [ 7.054798507434897, 51.470822900903741 ], [ 7.054771764873077, 51.471451507688279 ] ] ], [ [ [ 7.066850101267185, 51.471651309071547 ], [ 7.066876678031639, 51.471022697817332 ], [ 7.066903253833466, 51.47039408648552 ], [ 7.067909760502598, 51.470410679730072 ], [ 7.067936321526095, 51.469782067949453 ], [ 7.066929828672712, 51.469765475076116 ], [ 7.065923336781863, 51.46974887356815 ], [ 7.06491684585405, 51.469732263425584 ], [ 7.06391035588977, 51.469715644648453 ], [ 7.063883739603558, 51.470344254943114 ], [ 7.063857122353267, 51.470972865160142 ], [ 7.063830504138848, 51.471601475299543 ], [ 7.064837035551454, 51.471618095192042 ], [ 7.064863639949264, 51.47098948468085 ], [ 7.065870158508888, 51.47100609556658 ], [ 7.065843567927733, 51.471634706449386 ], [ 7.066850101267185, 51.471651309071547 ] ] ], [ [ [ 7.058210496370095, 51.48534760876111 ], [ 7.05818378682822, 51.485976215251817 ], [ 7.057176943294576, 51.485959534968025 ], [ 7.057150218956638, 51.486588141007857 ], [ 7.056143362562946, 51.486571451711207 ], [ 7.056116623427946, 51.48720005729993 ], [ 7.057123493650421, 51.487216746969985 ], [ 7.058130364841221, 51.487233428000188 ], [ 7.059137236999848, 51.487250100390547 ], [ 7.060144110125801, 51.487266764140998 ], [ 7.061150984218579, 51.487283419251561 ], [ 7.062157859277684, 51.487300065722202 ], [ 7.062131202150245, 51.487928673470797 ], [ 7.063138092004736, 51.487945311673762 ], [ 7.064144982824596, 51.487961941236563 ], [ 7.065151874609328, 51.487978562159192 ], [ 7.066158767358432, 51.487995174441622 ], [ 7.066185369167354, 51.48736656520515 ], [ 7.067192249050584, 51.487383168475887 ], [ 7.067218836066437, 51.486754558790352 ], [ 7.067245422119012, 51.486125949027198 ], [ 7.068252275307485, 51.486142542915353 ], [ 7.068278846568538, 51.485513932703363 ], [ 7.068305416866904, 51.484885322413774 ], [ 7.06833198620263, 51.484256712046601 ], [ 7.067325174497526, 51.484240119272201 ], [ 7.067351756697448, 51.48361150919866 ], [ 7.066344959782181, 51.483594908156604 ], [ 7.065338163830462, 51.483578298475692 ], [ 7.065364772719777, 51.482949689067581 ], [ 7.064357991558257, 51.482933071119625 ], [ 7.06438461330922, 51.482304462005686 ], [ 7.063377846937808, 51.482287835791077 ], [ 7.062371081531353, 51.482271200938058 ], [ 7.061364317090352, 51.482254557446645 ], [ 7.061337653862711, 51.482883165444065 ], [ 7.060330876562202, 51.48286651294169 ], [ 7.060304198542592, 51.483495120488882 ], [ 7.059297408382663, 51.483478458975213 ], [ 7.059270715570085, 51.484107066071964 ], [ 7.05826391255083, 51.484090395546602 ], [ 7.058237204944283, 51.484719002192698 ], [ 7.058210496370095, 51.48534760876111 ] ] ], [ [ [ 7.055715420117805, 51.496629131805726 ], [ 7.056722497832046, 51.496645827078048 ], [ 7.056749237668023, 51.496017222281417 ], [ 7.056775976535026, 51.49538861740708 ], [ 7.057783027546122, 51.495405303289942 ], [ 7.057809751608863, 51.494776697964568 ], [ 7.057836474703223, 51.494148092561495 ], [ 7.056829451362293, 51.4941314074253 ], [ 7.056856187322649, 51.493502802317863 ], [ 7.056882922314214, 51.492874197132728 ], [ 7.055875927610191, 51.492857504101586 ], [ 7.05486893387541, 51.492840802428887 ], [ 7.053861941110374, 51.492824092114638 ], [ 7.053835164617592, 51.493452696178693 ], [ 7.053808387154518, 51.494081300165 ], [ 7.053781608721109, 51.494709904073581 ], [ 7.053754829317315, 51.495338507904428 ], [ 7.053728048943091, 51.495967111657549 ], [ 7.053701267598391, 51.496595715332937 ], [ 7.054708343373086, 51.496612427890682 ], [ 7.054681574894557, 51.497241031862295 ], [ 7.055688665476017, 51.497257736151099 ], [ 7.055715420117805, 51.496629131805726 ] ] ], [ [ [ 7.072598145460119, 51.430857643918088 ], [ 7.072571685350716, 51.43148626161976 ], [ 7.073577340221175, 51.431502797377568 ], [ 7.074582996048878, 51.431519324512415 ], [ 7.074609428588226, 51.430890706071338 ], [ 7.075615071587579, 51.43090722421379 ], [ 7.075641489385631, 51.430278605325768 ], [ 7.07664711955654, 51.430295114476216 ], [ 7.077652750683108, 51.430311615004037 ], [ 7.078658382764837, 51.430328106909215 ], [ 7.079664015801225, 51.430344590191716 ], [ 7.080669649791778, 51.430361064851539 ], [ 7.081675284735997, 51.430377530888656 ], [ 7.082680920633383, 51.430393988303059 ], [ 7.082707240985305, 51.429765366757152 ], [ 7.083712864050895, 51.429781815180952 ], [ 7.083739169666227, 51.429153193189748 ], [ 7.08376547432948, 51.428524571121088 ], [ 7.082759878831323, 51.428508123432962 ], [ 7.081754284285699, 51.428491667122671 ], [ 7.081780615562811, 51.427863045712414 ], [ 7.080775035753097, 51.427846581148188 ], [ 7.080801379859603, 51.427217960028663 ], [ 7.079795814785708, 51.427201487210901 ], [ 7.078790250665749, 51.427185005771406 ], [ 7.077784687500223, 51.427168515710207 ], [ 7.076779125289629, 51.427152017027339 ], [ 7.075773564034466, 51.427135509722802 ], [ 7.075747151016737, 51.427764128998433 ], [ 7.074741576935392, 51.427747612702895 ], [ 7.074715149179084, 51.428376231531665 ], [ 7.073709562271651, 51.428359706244741 ], [ 7.073683119775769, 51.428988324626395 ], [ 7.07267752004234, 51.428971790347731 ], [ 7.072651062805885, 51.42960040828207 ], [ 7.072624604611828, 51.430229026138861 ], [ 7.072598145460119, 51.430857643918088 ] ] ], [ [ [ 7.073789931792958, 51.474281740259613 ], [ 7.073816415676198, 51.473653126721047 ], [ 7.072809834154461, 51.473636583435407 ], [ 7.072783336452201, 51.474265196603859 ], [ 7.073789931792958, 51.474281740259613 ] ] ], [ [ [ 7.082590544719412, 51.384471542156831 ], [ 7.082564265343128, 51.385100168544191 ], [ 7.083568909084088, 51.385116608093796 ], [ 7.08354264250648, 51.38574523477125 ], [ 7.084547300946452, 51.385761666079304 ], [ 7.084573553774946, 51.385133039034535 ], [ 7.085578199415207, 51.385149461366375 ], [ 7.085604437545634, 51.384520833877033 ], [ 7.085630674727201, 51.383892206310257 ], [ 7.086635293819445, 51.383908619299326 ], [ 7.086661516304479, 51.383279991288191 ], [ 7.086687737841241, 51.382651363199628 ], [ 7.085683146243936, 51.382634950944393 ], [ 7.085709380579195, 51.382006323145319 ], [ 7.084704803677293, 51.381989902649032 ], [ 7.084678555595356, 51.382618530081018 ], [ 7.083673965895997, 51.38260210060951 ], [ 7.083647703117707, 51.383230727596775 ], [ 7.082643100620979, 51.383214289149677 ], [ 7.082616823145347, 51.383842915691986 ], [ 7.082590544719412, 51.384471542156831 ] ] ], [ [ [ 7.088068005326691, 51.397771232245141 ], [ 7.089072929840776, 51.397787627470592 ], [ 7.089099131923071, 51.397159000062537 ], [ 7.090104043626154, 51.397175386308788 ], [ 7.091108956276519, 51.397191763942381 ], [ 7.091135129894339, 51.396563135724413 ], [ 7.092140029733073, 51.396579504379368 ], [ 7.092166188646234, 51.395950875718036 ], [ 7.093171075673245, 51.395967235394714 ], [ 7.093197219882741, 51.395338606290267 ], [ 7.092192346613198, 51.395322246979362 ], [ 7.091187474289806, 51.395305879056345 ], [ 7.091213645067543, 51.394677250606236 ], [ 7.090208787447682, 51.394660874437257 ], [ 7.089203930774922, 51.394644489656393 ], [ 7.089230128118778, 51.394015861861362 ], [ 7.088225286149908, 51.39399946883514 ], [ 7.088251496302009, 51.393370841329215 ], [ 7.08724666903694, 51.393354440058033 ], [ 7.087220445129087, 51.393983067197262 ], [ 7.086215605056813, 51.39396665694774 ], [ 7.086189366444211, 51.394595283642651 ], [ 7.086163126882522, 51.395223910260142 ], [ 7.0861368863717, 51.395852536800206 ], [ 7.0861106449117, 51.396481163262827 ], [ 7.086084402502475, 51.397109789648042 ], [ 7.086058159143984, 51.397738415955821 ], [ 7.087063081760928, 51.397754828406875 ], [ 7.087036851212306, 51.398383455004186 ], [ 7.088041788537297, 51.398399859209221 ], [ 7.088068005326691, 51.397771232245141 ] ] ], [ [ [ 7.082990824869993, 51.398946377105304 ], [ 7.082964537383162, 51.399575002078727 ], [ 7.083969498429309, 51.399591441470669 ], [ 7.083943223752074, 51.400220066734192 ], [ 7.083916948124352, 51.400848691920267 ], [ 7.083890671546093, 51.401477317028899 ], [ 7.084895674825928, 51.401493748909672 ], [ 7.084921937642608, 51.400865123433654 ], [ 7.085926928110902, 51.400881546333331 ], [ 7.085953176216417, 51.400252920412683 ], [ 7.085979423372439, 51.399624294414608 ], [ 7.086005669579009, 51.398995668339111 ], [ 7.086031914836175, 51.398367042186187 ], [ 7.086058159143983, 51.397738415955821 ], [ 7.086084402502475, 51.397109789648042 ], [ 7.086110644911699, 51.396481163262827 ], [ 7.086136886371698, 51.395852536800206 ], [ 7.08616312688252, 51.395223910260142 ], [ 7.085158260246476, 51.395207490664816 ], [ 7.084153394560061, 51.395191062457499 ], [ 7.084127126534981, 51.395819688263153 ], [ 7.084100857559729, 51.39644831399135 ], [ 7.084074587634261, 51.397076939642105 ], [ 7.0830696816253, 51.397060501720318 ], [ 7.083043396991018, 51.397689126926096 ], [ 7.083017111405931, 51.398317752054432 ], [ 7.082990824869993, 51.398946377105304 ] ] ], [ [ [ 7.083876646758839, 51.44991412958035 ], [ 7.083850323499791, 51.45054274938385 ], [ 7.083823999287615, 51.451171369109915 ], [ 7.084830093211402, 51.451187812788127 ], [ 7.085836188087865, 51.45120424783719 ], [ 7.086842283916505, 51.451220674257065 ], [ 7.086868566725532, 51.450592053428181 ], [ 7.087874649704708, 51.450608470851641 ], [ 7.087900917761459, 51.449979849578142 ], [ 7.088906987891082, 51.449996258005569 ], [ 7.088933241196556, 51.449367636287654 ], [ 7.089939298476533, 51.449384035719419 ], [ 7.090945356706556, 51.449400426522502 ], [ 7.090971581461972, 51.448771803993793 ], [ 7.091977626841715, 51.448788185801767 ], [ 7.0920038368483, 51.448159562829275 ], [ 7.09203004590593, 51.447530939779426 ], [ 7.092056254014648, 51.446902316652206 ], [ 7.09105025003139, 51.446885935943442 ], [ 7.091076470989074, 51.446257313105257 ], [ 7.091102690997438, 51.445628690189707 ], [ 7.091128910056527, 51.445000067196787 ], [ 7.090122948414497, 51.444983678959787 ], [ 7.090096715558619, 51.445612301586159 ], [ 7.090070481752967, 51.446240924135139 ], [ 7.090044246997499, 51.446869546606749 ], [ 7.089038244913469, 51.446853148642155 ], [ 7.088032243779803, 51.446836742049669 ], [ 7.087026243596997, 51.446820326829332 ], [ 7.08602024436555, 51.446803902981138 ], [ 7.085014246085963, 51.446787470505122 ], [ 7.084008248758733, 51.446771029401305 ], [ 7.083981930264648, 51.447399649591993 ], [ 7.083955610817661, 51.448028269705233 ], [ 7.083929290417728, 51.448656889741045 ], [ 7.083902969064801, 51.449285509699422 ], [ 7.083876646758839, 51.44991412958035 ] ] ], [ [ [ 7.083033829491369, 51.470029924882759 ], [ 7.083007475709593, 51.470658542208184 ], [ 7.082981120973227, 51.471287159456189 ], [ 7.082954765282229, 51.471915776626751 ], [ 7.082928408636551, 51.472544393719865 ], [ 7.083934972091477, 51.472560849909264 ], [ 7.084941536500629, 51.472577297462948 ], [ 7.085948101863506, 51.472593736380894 ], [ 7.085974417055108, 51.471965118183938 ], [ 7.084967865510301, 51.471948679633741 ], [ 7.084994193566295, 51.471320061727113 ], [ 7.085020520668655, 51.470691443743064 ], [ 7.085046846817424, 51.470062825681595 ], [ 7.084040337677377, 51.470046379599637 ], [ 7.083033829491369, 51.470029924882759 ] ] ], [ [ [ 7.081499788776982, 51.482585785957667 ], [ 7.081526174529666, 51.481957170472143 ], [ 7.080519405656391, 51.481940691482244 ], [ 7.080493006077821, 51.482569306599082 ], [ 7.081499788776982, 51.482585785957667 ] ] ], [ [ [ 7.105481288758887, 51.414409475282596 ], [ 7.105455295203806, 51.415038106807593 ], [ 7.10542930070814, 51.415666738255361 ], [ 7.105403305271841, 51.416295369625921 ], [ 7.104397965469331, 51.416279110281323 ], [ 7.104371955317893, 51.416907741211041 ], [ 7.104345944225236, 51.41753637206353 ], [ 7.104319932191315, 51.418165002838769 ], [ 7.1053253133187, 51.418181263274171 ], [ 7.105299314119423, 51.418809894335794 ], [ 7.105273313979288, 51.419438525320182 ], [ 7.106278723599981, 51.41945477786313 ], [ 7.10630470996362, 51.418826146515315 ], [ 7.106330695386899, 51.418197515090256 ], [ 7.106356679869864, 51.41756888358799 ], [ 7.106382663412559, 51.416940252008487 ], [ 7.107388018870478, 51.416956494478811 ], [ 7.107413987698399, 51.416327862458893 ], [ 7.107439955586637, 51.415699230361753 ], [ 7.107465922535238, 51.415070598187405 ], [ 7.107491888544246, 51.414441965935858 ], [ 7.106486588181544, 51.41442572491831 ], [ 7.105481288758887, 51.414409475282596 ] ] ], [ [ [ 7.125381684502537, 51.41976193841257 ], [ 7.125407409104242, 51.419133300195995 ], [ 7.12641282366106, 51.419149379981555 ], [ 7.127418239148281, 51.419165451147222 ], [ 7.127443935265256, 51.41853681213464 ], [ 7.127469630452367, 51.417908173045049 ], [ 7.12847501931603, 51.417924234872437 ], [ 7.12850069979734, 51.417295595346644 ], [ 7.127495324709661, 51.417279533878443 ], [ 7.12752101803718, 51.416650894634827 ], [ 7.126515657654718, 51.416634824906644 ], [ 7.126489950551755, 51.41726346379091 ], [ 7.125484577324121, 51.417247385084053 ], [ 7.124479205027257, 51.417231297757901 ], [ 7.124453469442273, 51.417859935845833 ], [ 7.123448084300867, 51.417843839540453 ], [ 7.123422334008268, 51.418472477191379 ], [ 7.123396582783814, 51.419101114765269 ], [ 7.123370830627462, 51.419729752262086 ], [ 7.124376257099279, 51.419745849647363 ], [ 7.125381684502537, 51.41976193841257 ] ] ], [ [ [ 7.096406363424496, 51.463328314514641 ], [ 7.095399995777273, 51.463311967441406 ], [ 7.095373818227791, 51.463940590021991 ], [ 7.09436743771713, 51.463924233949847 ], [ 7.094341245407569, 51.464552856087209 ], [ 7.094315052149369, 51.465181478147244 ], [ 7.09330864496292, 51.46516511270972 ], [ 7.093282436943096, 51.465793734326333 ], [ 7.093256227974045, 51.466422355865582 ], [ 7.09323001805572, 51.467050977327503 ], [ 7.093203807188075, 51.467679598712088 ], [ 7.093177595371066, 51.468308220019324 ], [ 7.093151382604647, 51.468936841249217 ], [ 7.093125168888772, 51.469565462401782 ], [ 7.093098954223398, 51.470194083476997 ], [ 7.094105471927347, 51.47021045184362 ], [ 7.094079270129362, 51.470839073207678 ], [ 7.094053067382283, 51.471467694494407 ], [ 7.094026863686069, 51.472096315703801 ], [ 7.093020304529812, 51.472079946238615 ], [ 7.09299408606598, 51.472708567004467 ], [ 7.092967866652421, 51.47333718769297 ], [ 7.093974453446045, 51.473353557890611 ], [ 7.094981041188944, 51.473369919452146 ], [ 7.095007232964591, 51.472741298031387 ], [ 7.095033423791507, 51.472112676533293 ], [ 7.096039984845629, 51.472129028727053 ], [ 7.096066160905838, 51.471500406785822 ], [ 7.095059613669743, 51.471484054957884 ], [ 7.095085802599338, 51.470855433305161 ], [ 7.096092336017909, 51.47087178476729 ], [ 7.097098870384571, 51.470888127594066 ], [ 7.097125030731478, 51.47025950513261 ], [ 7.098131552228617, 51.470275838958585 ], [ 7.099138074672804, 51.470292164149349 ], [ 7.100144598063538, 51.470308480704901 ], [ 7.101151122400322, 51.470324788625184 ], [ 7.10117722653294, 51.469696164625994 ], [ 7.101203329720055, 51.469067540549531 ], [ 7.10220982736929, 51.469083839105309 ], [ 7.102235915795146, 51.468455214586982 ], [ 7.102262003276088, 51.467826589991404 ], [ 7.103268474239094, 51.467842879183465 ], [ 7.104274946146469, 51.467859159740989 ], [ 7.104248886296261, 51.4684877850652 ], [ 7.105255372962942, 51.468504057352199 ], [ 7.106261860573037, 51.468520321004434 ], [ 7.107268349126048, 51.468536576021897 ], [ 7.107294367529815, 51.467907949606214 ], [ 7.107320384991211, 51.467279323113331 ], [ 7.107346401510281, 51.466650696543248 ], [ 7.10737241708707, 51.466022069895963 ], [ 7.108378851323214, 51.466038314824914 ], [ 7.108404852144194, 51.465409687737022 ], [ 7.108430852023484, 51.464781060571937 ], [ 7.107424445413985, 51.464764816369794 ], [ 7.107450458164202, 51.464136189490908 ], [ 7.107476469972317, 51.463507562534815 ], [ 7.106470091929522, 51.463491310426164 ], [ 7.106496116607111, 51.462862683756427 ], [ 7.10652214034219, 51.462234057009482 ], [ 7.106548163134805, 51.461605430185337 ], [ 7.105541827467519, 51.461589170534651 ], [ 7.104535492743152, 51.461572902251326 ], [ 7.103529158962204, 51.461556625335398 ], [ 7.102522826125175, 51.46154033978685 ], [ 7.101516494232562, 51.461524045605721 ], [ 7.101490402387971, 51.462152670609299 ], [ 7.100484057630015, 51.462136367430908 ], [ 7.100457951029703, 51.462764991992529 ], [ 7.099451593406494, 51.462748679816514 ], [ 7.099425472049462, 51.463377303935964 ], [ 7.098419101561089, 51.463360982761941 ], [ 7.097412732019269, 51.463344652954831 ], [ 7.096406363424496, 51.463328314514641 ] ] ], [ [ [ 7.088355448820028, 51.46319729620506 ], [ 7.089361809820427, 51.463213703709094 ], [ 7.089335549402706, 51.463842324091495 ], [ 7.090341925165409, 51.463858723329452 ], [ 7.091348301878702, 51.463875113934293 ], [ 7.091374534673858, 51.463246492818392 ], [ 7.091400766518968, 51.462617871625127 ], [ 7.090394417427786, 51.46260148175358 ], [ 7.089388069287104, 51.462585083249301 ], [ 7.08838172209742, 51.462568676112298 ], [ 7.088355448820028, 51.46319729620506 ] ] ] ] } }
]
}
