{
"type": "FeatureCollection",
"name": "2024_Wuppertal_70m_gistar_urbanOnly_hotcold_dissolved_4326",
"crs": { "type": "name", "properties": { "name": "urn:ogc:def:crs:OGC:1.3:CRS84" } },
"features": [
{ "type": "Feature", "properties": { "spot": "coldspot" }, "geometry": { "type": "MultiPolygon", "coordinates": [ [ [ [ 7.050373039695704, 51.215087889505753 ], [ 7.050346460876943, 51.215716976447432 ], [ 7.051348118097015, 51.215733665195259 ], [ 7.05137468328167, 51.215104577880709 ], [ 7.050373039695704, 51.215087889505753 ] ] ], [ [ [ 7.06120614985855, 51.219674625931709 ], [ 7.06123258442148, 51.219045535366 ], [ 7.061259018030658, 51.218416444722472 ], [ 7.061285450686129, 51.217787354001125 ], [ 7.061311882387938, 51.217158263201945 ], [ 7.060310188334999, 51.217141659404 ], [ 7.059308495236167, 51.217125047036411 ], [ 7.058306803091937, 51.217108426099188 ], [ 7.058280330482163, 51.217737515784854 ], [ 7.058253856917253, 51.218366605392667 ], [ 7.058227382397165, 51.218995694922612 ], [ 7.059229115450698, 51.219012316973959 ], [ 7.059202653612798, 51.219641406797457 ], [ 7.060204401258529, 51.219658020649788 ], [ 7.06120614985855, 51.219674625931709 ] ] ], [ [ [ 7.05658964771183, 51.234077180743043 ], [ 7.056616158818558, 51.233448093453418 ], [ 7.057618204700717, 51.233464732623908 ], [ 7.057591707242663, 51.234093820285345 ], [ 7.058593767729813, 51.234110451252867 ], [ 7.059595829172789, 51.234127073645595 ], [ 7.059622299333357, 51.233497985241094 ], [ 7.059648768538639, 51.232868896758767 ], [ 7.05967523678868, 51.232239808198585 ], [ 7.059701704083522, 51.231610719560564 ], [ 7.058699697232659, 51.231594098653517 ], [ 7.057697691337439, 51.231577469172429 ], [ 7.057671196748061, 51.232206557067443 ], [ 7.056669178161775, 51.23218991864055 ], [ 7.055667160532162, 51.232173271639496 ], [ 7.055640637691266, 51.232802358712874 ], [ 7.055614113893162, 51.233431445708383 ], [ 7.055587589137803, 51.234060532625989 ], [ 7.05658964771183, 51.234077180743043 ] ] ], [ [ [ 7.04047663145254, 51.235697025388006 ], [ 7.04044989811424, 51.236326106390464 ], [ 7.039447800319504, 51.236309319579554 ], [ 7.039421052365987, 51.236938400128849 ], [ 7.04042316381108, 51.236955187314884 ], [ 7.041425276221077, 51.23697196592552 ], [ 7.042427389595486, 51.236988735960722 ], [ 7.042454096597794, 51.23635965428663 ], [ 7.04345619728563, 51.236376415371844 ], [ 7.04445829893685, 51.236393167881786 ], [ 7.045460401550961, 51.236409911816445 ], [ 7.045487066639248, 51.235780828941309 ], [ 7.04551373076518, 51.235151745988219 ], [ 7.045540393928804, 51.234522662957126 ], [ 7.045567056130166, 51.233893579848072 ], [ 7.044565008113482, 51.233876837409959 ], [ 7.043562961059506, 51.233860086397328 ], [ 7.043536271560952, 51.234489168757953 ], [ 7.043509581099152, 51.235118251040589 ], [ 7.042507507710829, 51.235101490704437 ], [ 7.042480802636226, 51.235730572534528 ], [ 7.041478716562223, 51.235713803248785 ], [ 7.04047663145254, 51.235697025388006 ] ] ], [ [ [ 7.037416832372484, 51.236904800030658 ], [ 7.038418941886291, 51.236921604367446 ], [ 7.03844570349012, 51.236292524193445 ], [ 7.037443607626577, 51.236275720232157 ], [ 7.037416832372484, 51.236904800030658 ] ] ], [ [ [ 7.049362370071896, 51.238993138501641 ], [ 7.050364532099298, 51.239009841052429 ], [ 7.050337930462009, 51.239638925405806 ], [ 7.050311327864551, 51.240268009681259 ], [ 7.051313518158223, 51.240284704401986 ], [ 7.051286928254362, 51.240913788972584 ], [ 7.051260337390733, 51.241542873465242 ], [ 7.052262555952335, 51.241559560355178 ], [ 7.052235977783733, 51.242188645142839 ], [ 7.053238210959544, 51.242205323828507 ], [ 7.053211645486953, 51.242834408910973 ], [ 7.054213893277065, 51.24285107939199 ], [ 7.055216142025603, 51.242867741295605 ], [ 7.056218391732081, 51.242884394621804 ], [ 7.056244916238262, 51.24225530842233 ], [ 7.056271439787043, 51.241626222144987 ], [ 7.057273663140334, 51.241642866149846 ], [ 7.057300172077185, 51.24101377942268 ], [ 7.057326680057219, 51.240384692617674 ], [ 7.057353187080484, 51.239755605734786 ], [ 7.058355370428245, 51.23977224004738 ], [ 7.05935755473224, 51.239788865783446 ], [ 7.05938403349244, 51.23915977807949 ], [ 7.060386205098939, 51.239176394867684 ], [ 7.060412669250696, 51.238547306714565 ], [ 7.060439132447295, 51.237918218483607 ], [ 7.060465594688782, 51.237289130174823 ], [ 7.059463464039043, 51.237272514500553 ], [ 7.059436988145794, 51.237901602438036 ], [ 7.058434844799899, 51.237884977816513 ], [ 7.057432702410102, 51.237868344619024 ], [ 7.057459205606737, 51.237239257424726 ], [ 7.056457077825153, 51.237222616023203 ], [ 7.056430560976893, 51.237851702845632 ], [ 7.055428420500764, 51.237835052496322 ], [ 7.055454951000604, 51.237205966045963 ], [ 7.055481480542917, 51.236576879517727 ], [ 7.054479368326938, 51.236560221337044 ], [ 7.054452825133582, 51.237189307493033 ], [ 7.053450700224582, 51.237172640364427 ], [ 7.05244857627409, 51.237155964660161 ], [ 7.051446453282602, 51.237139280380262 ], [ 7.050444331250609, 51.237122587524738 ], [ 7.050417732493552, 51.237751672111905 ], [ 7.049415597770239, 51.237734970307578 ], [ 7.049388984401352, 51.238364054443579 ], [ 7.049362370071896, 51.238993138501641 ] ], [ [ 7.054399735872771, 51.238447479571356 ], [ 7.055401889043352, 51.238464138868814 ], [ 7.055375356628321, 51.239093225163415 ], [ 7.055348823255627, 51.239722311380142 ], [ 7.055322288925223, 51.240351397518992 ], [ 7.054320094795611, 51.240334737104668 ], [ 7.054346642779517, 51.23970565133812 ], [ 7.05437318980522, 51.239076565493669 ], [ 7.054399735872771, 51.238447479571356 ] ] ], [ [ [ 7.02601663389528, 51.245526437324187 ], [ 7.02701892390013, 51.245543341276289 ], [ 7.028021214876923, 51.24556023665054 ], [ 7.028048126576819, 51.244931161334307 ], [ 7.028075037305311, 51.244302085939928 ], [ 7.027072773641408, 51.24428519132077 ], [ 7.026070510949357, 51.244268288124175 ], [ 7.026043572908514, 51.244897362763268 ], [ 7.02601663389528, 51.245526437324187 ] ] ], [ [ [ 7.035851933416307, 51.250098636962917 ], [ 7.036854328731984, 51.250115457766945 ], [ 7.037856725015004, 51.250132269991603 ], [ 7.038859122264879, 51.250149073636884 ], [ 7.038832353062038, 51.250778152469287 ], [ 7.039834764939454, 51.250794947910506 ], [ 7.039861520481114, 51.250165868702751 ], [ 7.040863919663217, 51.250182655189199 ], [ 7.040890660578271, 51.249553575528296 ], [ 7.040917400527998, 51.248924495789346 ], [ 7.040944139512439, 51.2482954159724 ], [ 7.039941781311065, 51.248278630611338 ], [ 7.038939424075424, 51.248261836671432 ], [ 7.037937067806005, 51.248245034152703 ], [ 7.037963846802847, 51.247615955383623 ], [ 7.036961505159264, 51.247599144661763 ], [ 7.035959164482843, 51.2475823253613 ], [ 7.034956824774074, 51.247565497482256 ], [ 7.033954486033452, 51.247548661024659 ], [ 7.0339276524004, 51.248177738289833 ], [ 7.034930004800005, 51.248194575123698 ], [ 7.034903183857747, 51.248823652687058 ], [ 7.035905550885065, 51.248840481318247 ], [ 7.035878742634583, 51.249469559179623 ], [ 7.035851933416307, 51.250098636962917 ] ] ], [ [ [ 7.061808699064101, 51.253049538723822 ], [ 7.061782240259423, 51.253678625829409 ], [ 7.061755780499481, 51.254307712857191 ], [ 7.062758282786912, 51.254324312817204 ], [ 7.062784728882158, 51.253695225418433 ], [ 7.062811174022634, 51.253066137941872 ], [ 7.062837618208383, 51.252437050387499 ], [ 7.062864061439452, 51.251807962755322 ], [ 7.062890503715884, 51.251178875045348 ], [ 7.062916945037727, 51.250549787257576 ], [ 7.062943385405024, 51.249920699392007 ], [ 7.062969824817823, 51.249291611448633 ], [ 7.061967431834161, 51.249275014456245 ], [ 7.060965039805446, 51.249258408884401 ], [ 7.060938573070196, 51.249887496085741 ], [ 7.059936168335762, 51.249870881563162 ], [ 7.059909686983382, 51.25049996831536 ], [ 7.059883204674977, 51.25112905498974 ], [ 7.059856721410507, 51.251758141586301 ], [ 7.060859167131365, 51.251774757222861 ], [ 7.060832696573907, 51.252403844112926 ], [ 7.06183515691356, 51.252420451540416 ], [ 7.061808699064101, 51.253049538723822 ] ] ], [ [ [ 7.04980569602002, 51.252220596108046 ], [ 7.049779074209595, 51.252849678824894 ], [ 7.049752451438041, 51.253478761463796 ], [ 7.050754928565105, 51.253495464021221 ], [ 7.050781537673003, 51.252866381009042 ], [ 7.050808145820266, 51.252237297918931 ], [ 7.04980569602002, 51.252220596108046 ] ] ], [ [ [ 7.05378893382507, 51.252916436078976 ], [ 7.053762365708412, 51.253545520209855 ], [ 7.053735796632551, 51.254174604262822 ], [ 7.054738291263716, 51.254191272870273 ], [ 7.054764846675246, 51.253562188444775 ], [ 7.054791401128065, 51.252933103941402 ], [ 7.05378893382507, 51.252916436078976 ] ] ], [ [ [ 7.051784002097046, 51.252883074612775 ], [ 7.051757406652849, 51.253512157998045 ], [ 7.051730810248464, 51.254141241305398 ], [ 7.052733302960636, 51.254157927074523 ], [ 7.052759885700783, 51.253528843394264 ], [ 7.052786467481232, 51.252899759636101 ], [ 7.051784002097046, 51.252883074612775 ] ] ], [ [ [ 7.052653548981563, 51.256045177647913 ], [ 7.053656083649287, 51.2560618559544 ], [ 7.053682655603033, 51.255432772135109 ], [ 7.052680134601071, 51.255416094201351 ], [ 7.052653548981563, 51.256045177647913 ] ] ], [ [ [ 7.050648482526244, 51.256011795290746 ], [ 7.051651015273716, 51.256028490760009 ], [ 7.051677614558942, 51.25539940768639 ], [ 7.05067509547714, 51.255382712590247 ], [ 7.050648482526244, 51.256011795290746 ] ] ], [ [ [ 7.066504334705662, 51.260681511378166 ], [ 7.06750697843856, 51.260698072133785 ], [ 7.068509623124265, 51.260714624306353 ], [ 7.069512268762284, 51.260731167895877 ], [ 7.069538628719132, 51.260102078682863 ], [ 7.068535996751049, 51.260085535463084 ], [ 7.067533365735238, 51.260068983660446 ], [ 7.067559752079154, 51.259439895109359 ], [ 7.066557135685459, 51.259423335094013 ], [ 7.066583534745519, 51.258794246835294 ], [ 7.065580932973851, 51.258777678607615 ], [ 7.06457833215584, 51.258761101797532 ], [ 7.064551905758191, 51.259390189315454 ], [ 7.064525478406346, 51.260019276755592 ], [ 7.06352285120454, 51.260002690621739 ], [ 7.063496409228743, 51.260631777613391 ], [ 7.064499050100263, 51.260648364117955 ], [ 7.065501691926066, 51.260664942039561 ], [ 7.066504334705662, 51.260681511378166 ] ] ], [ [ [ 7.07128052654871, 51.266426035396222 ], [ 7.071254184421476, 51.267055124571044 ], [ 7.072256969641328, 51.267071646103624 ], [ 7.072230640238297, 51.26770073557001 ], [ 7.073233440084487, 51.267717248886633 ], [ 7.074236240881024, 51.267733753618018 ], [ 7.074209937879266, 51.268362843744711 ], [ 7.075212753301782, 51.268379340259536 ], [ 7.075186463026742, 51.269008430677289 ], [ 7.075160171802249, 51.26963752101738 ], [ 7.076163015527991, 51.269654009683812 ], [ 7.076136737031649, 51.270283100314778 ], [ 7.077139595384088, 51.270299580763691 ], [ 7.077113329616883, 51.270928671685375 ], [ 7.077087062901078, 51.271557762529397 ], [ 7.077060795236624, 51.272186853295764 ], [ 7.077034526623479, 51.27281594398449 ], [ 7.076031613555332, 51.272799462061997 ], [ 7.076005330313291, 51.273428552304658 ], [ 7.075979046121975, 51.274057642469621 ], [ 7.076981986550932, 51.274074125128955 ], [ 7.077008257061597, 51.273445034595547 ], [ 7.078011184758685, 51.273461508299398 ], [ 7.079014113404061, 51.273477973416178 ], [ 7.078987870254839, 51.274107064685857 ], [ 7.078961626157775, 51.274736155877903 ], [ 7.079964583113018, 51.274752613143313 ], [ 7.080967541015652, 51.274769061821225 ], [ 7.081970499865185, 51.274785501911623 ], [ 7.081996702918269, 51.274156409616573 ], [ 7.082999649032791, 51.274172840752165 ], [ 7.083025837458591, 51.273543748012223 ], [ 7.082022905024992, 51.273527317243904 ], [ 7.0820491061854, 51.272898224793636 ], [ 7.082075306399536, 51.272269132265755 ], [ 7.08107240227253, 51.272252693645207 ], [ 7.081098615219839, 51.271623601407164 ], [ 7.081124827220473, 51.270994509091516 ], [ 7.082127703989176, 51.271010946977199 ], [ 7.083130581704015, 51.271027376276507 ], [ 7.083156765401152, 51.270398283148594 ], [ 7.08318294815269, 51.269769189943084 ], [ 7.083209129958678, 51.269140096659982 ], [ 7.083235310819156, 51.268511003299295 ], [ 7.083261490734172, 51.267881909861011 ], [ 7.08328766970377, 51.267252816345135 ], [ 7.082284874052277, 51.267236389249035 ], [ 7.082258681406689, 51.267865482397738 ], [ 7.082232487815189, 51.268494575468829 ], [ 7.081229665757176, 51.268478139052768 ], [ 7.080226844645612, 51.268461694051098 ], [ 7.080253065589947, 51.267832601714957 ], [ 7.080279285587386, 51.267203509301176 ], [ 7.080305504637971, 51.266574416809775 ], [ 7.080331722741753, 51.265945324240754 ], [ 7.079328957279571, 51.265928872124512 ], [ 7.078326192764645, 51.265912411423464 ], [ 7.078299947311169, 51.266541503256832 ], [ 7.077297170069209, 51.26652503360291 ], [ 7.076294393775536, 51.266508555364041 ], [ 7.075291618430641, 51.266492068540245 ], [ 7.075317904908323, 51.2658629778118 ], [ 7.074315144187347, 51.265846482771785 ], [ 7.073312384416088, 51.265829979147107 ], [ 7.073338697292804, 51.265200889078521 ], [ 7.073365009219351, 51.264571798932266 ], [ 7.073391320195777, 51.263942708708299 ], [ 7.073417630222126, 51.26331361840667 ], [ 7.074420335299914, 51.263330120555949 ], [ 7.07542304132724, 51.263346614121275 ], [ 7.075449323059241, 51.262717523004483 ], [ 7.075475603842241, 51.262088431810007 ], [ 7.075501883676284, 51.261459340537854 ], [ 7.074499218664022, 51.261442848078403 ], [ 7.074525511219859, 51.260813757097168 ], [ 7.073522860827656, 51.260797256423167 ], [ 7.072520211385305, 51.260780747166002 ], [ 7.072493891488199, 51.261409837409431 ], [ 7.071491229325625, 51.261393319199968 ], [ 7.071464894807073, 51.262022408996501 ], [ 7.071438559337593, 51.262651498715307 ], [ 7.070435870783379, 51.262634971183772 ], [ 7.070409520690927, 51.263264060455462 ], [ 7.070383169646964, 51.263893149649427 ], [ 7.070356817651446, 51.264522238765686 ], [ 7.070330464704326, 51.265151327804205 ], [ 7.07030411080556, 51.265780416765026 ], [ 7.071306867724702, 51.265796946143688 ], [ 7.07128052654871, 51.266426035396222 ] ] ], [ [ [ 7.076232493039564, 51.219922676697756 ], [ 7.07723425684141, 51.219939144850443 ], [ 7.078236021589193, 51.219955604432393 ], [ 7.078262224307588, 51.219326507588789 ], [ 7.077260473198079, 51.219310048374595 ], [ 7.076258723034464, 51.219293580589856 ], [ 7.076232493039564, 51.219922676697756 ] ] ], [ [ [ 7.090738343570162, 51.232750814913075 ], [ 7.091740394390723, 51.232767161806407 ], [ 7.091766424948435, 51.232138061384546 ], [ 7.090764387776605, 51.232121714856511 ], [ 7.090738343570162, 51.232750814913075 ] ] ], [ [ [ 7.090906920264517, 51.252898334376411 ], [ 7.090880858680983, 51.253527432240155 ], [ 7.090854796156513, 51.254156530026378 ], [ 7.089852280986334, 51.254140170707672 ], [ 7.089826203854925, 51.254769268050751 ], [ 7.089800125781998, 51.255398365316303 ], [ 7.088797584220976, 51.255381996684605 ], [ 7.088771491539589, 51.256011093506785 ], [ 7.0887453979161, 51.256640190251431 ], [ 7.088719303350467, 51.257269286918529 ], [ 7.089721885913657, 51.257285656647788 ], [ 7.090724469418547, 51.257302017794728 ], [ 7.091727053864641, 51.257318370359364 ], [ 7.091700999362078, 51.257947468045948 ], [ 7.091674943918756, 51.258576565655041 ], [ 7.091648887534633, 51.259205663186606 ], [ 7.090646262081666, 51.259189309525482 ], [ 7.089643637570038, 51.259172947281478 ], [ 7.088641014000243, 51.2591565764546 ], [ 7.088614915665579, 51.259785672811539 ], [ 7.089617552905229, 51.25980204400431 ], [ 7.090620191086753, 51.259818406614031 ], [ 7.090594119150457, 51.260447503625038 ], [ 7.091596771943802, 51.260463858017197 ], [ 7.092599425678085, 51.260480203826063 ], [ 7.093602080352809, 51.260496541051616 ], [ 7.093576048488004, 51.261125639081143 ], [ 7.094578717773742, 51.261141968088324 ], [ 7.094552698640497, 51.261771066405338 ], [ 7.095555382537338, 51.261787387193756 ], [ 7.095529376136639, 51.262416485798063 ], [ 7.094526678567704, 51.262400164644859 ], [ 7.094500657555321, 51.263029262806896 ], [ 7.094474635603301, 51.263658360891455 ], [ 7.093471911628384, 51.263642030424322 ], [ 7.093445875063155, 51.26427112806639 ], [ 7.0944486127116, 51.264287458898515 ], [ 7.094422588880174, 51.264916556828112 ], [ 7.095425341142409, 51.264932879440572 ], [ 7.09539933004577, 51.265561977657512 ], [ 7.096402096921885, 51.265578292049909 ], [ 7.09740486473683, 51.265594597857387 ], [ 7.097430848484219, 51.264965498911359 ], [ 7.097456831293318, 51.264336399887853 ], [ 7.097482813164169, 51.263707300786898 ], [ 7.098485540894853, 51.263723596916684 ], [ 7.09851150815429, 51.263094497374055 ], [ 7.098537474476061, 51.262465397753978 ], [ 7.098563439860213, 51.261836298056444 ], [ 7.097560753147689, 51.261820003019324 ], [ 7.097586731265999, 51.261190903608565 ], [ 7.097612708446285, 51.260561804120357 ], [ 7.097638684688592, 51.259932704554686 ], [ 7.096636039927725, 51.259916402026946 ], [ 7.095633396105288, 51.259900090915998 ], [ 7.095659398750038, 51.259270992001802 ], [ 7.096662028902309, 51.259287302748191 ], [ 7.097664659992964, 51.259303604911572 ], [ 7.098667292021508, 51.259319898491938 ], [ 7.099669924987451, 51.25933618348926 ], [ 7.099695872014363, 51.258707083040541 ], [ 7.099721818104415, 51.258077982514408 ], [ 7.099747763257652, 51.25744888191084 ], [ 7.099773707474118, 51.256819781229837 ], [ 7.09877112918445, 51.256803497688338 ], [ 7.097768551832001, 51.256787205564578 ], [ 7.096765975417263, 51.256770904858556 ], [ 7.096791959700379, 51.256141805192499 ], [ 7.09578939789155, 51.256125496268744 ], [ 7.094786837021371, 51.256109178762962 ], [ 7.093784277090339, 51.256092852675174 ], [ 7.093810301436791, 51.255463754025719 ], [ 7.093836324843654, 51.254834655298765 ], [ 7.093862347310965, 51.25420555649432 ], [ 7.093888368838773, 51.253576457612397 ], [ 7.093914389427123, 51.252947358652968 ], [ 7.092911898766184, 51.252931025808451 ], [ 7.092937932079733, 51.252301927136564 ], [ 7.09296396445342, 51.251672828387179 ], [ 7.09298999588729, 51.251043729560287 ], [ 7.091987547158485, 51.251027389230366 ], [ 7.090985099369947, 51.25101104032003 ], [ 7.090959040608954, 51.251640138416342 ], [ 7.09093298090716, 51.252269236435133 ], [ 7.090906920264517, 51.252898334376411 ] ] ], [ [ [ 7.089434933876493, 51.264205718893258 ], [ 7.08843220093407, 51.264189345138924 ], [ 7.088406095059194, 51.264818440875523 ], [ 7.088379988241591, 51.265447536534587 ], [ 7.088353880481214, 51.266076632116103 ], [ 7.089356654446503, 51.266093006968397 ], [ 7.089382748532097, 51.265463911020888 ], [ 7.090385509764885, 51.265480276922403 ], [ 7.090411589233867, 51.264851180531558 ], [ 7.089408841675414, 51.264834814995837 ], [ 7.089434933876493, 51.264205718893258 ] ] ], [ [ [ 7.078961626157775, 51.274736155877903 ], [ 7.077958670150418, 51.27471969002503 ], [ 7.076955715091442, 51.274703215584708 ], [ 7.076929442683078, 51.275332305962799 ], [ 7.077932411423739, 51.275348780771388 ], [ 7.078935381112826, 51.275365246992322 ], [ 7.078961626157775, 51.274736155877903 ] ] ], [ [ [ 7.11047610906486, 51.191522545366333 ], [ 7.110450370969192, 51.192151656996025 ], [ 7.109449190439419, 51.192135479388973 ], [ 7.109423437797458, 51.192764590579934 ], [ 7.108422244578391, 51.192748404048565 ], [ 7.108396477389162, 51.193377514800574 ], [ 7.108370709270631, 51.194006625475225 ], [ 7.1093719297272, 51.194022812729798 ], [ 7.109346174298812, 51.194651923688717 ], [ 7.110347409303766, 51.194668102741417 ], [ 7.111348645237127, 51.194684273230628 ], [ 7.112349882098404, 51.194700435156314 ], [ 7.112375596668068, 51.194071323113704 ], [ 7.11240131031035, 51.193442210993751 ], [ 7.112427023025294, 51.192813098796492 ], [ 7.112452734812941, 51.192183986521911 ], [ 7.112478445673339, 51.191554874170002 ], [ 7.113479615368634, 51.191571025727974 ], [ 7.113505311684614, 51.190941912937944 ], [ 7.113531007073923, 51.190312800070615 ], [ 7.113556701536604, 51.189683687125957 ], [ 7.1135823950727, 51.189054574104006 ], [ 7.113608087682255, 51.188425461004726 ], [ 7.112606986068113, 51.18840931125068 ], [ 7.111605885380956, 51.188393152935014 ], [ 7.111580165540945, 51.189022265312566 ], [ 7.111554444773413, 51.189651377612783 ], [ 7.110553317782919, 51.189635210013194 ], [ 7.110527582471679, 51.19026432187492 ], [ 7.111528723078315, 51.190280489835679 ], [ 7.11150300045561, 51.190909601981225 ], [ 7.11050184623234, 51.190893433659305 ], [ 7.11047610906486, 51.191522545366333 ] ] ], [ [ [ 7.099653139913781, 51.235414040831273 ], [ 7.099679065022413, 51.234784937803823 ], [ 7.100681165230773, 51.234801208613561 ], [ 7.100707075753136, 51.234172105145085 ], [ 7.101709163246013, 51.234188367015847 ], [ 7.101735059183092, 51.233559263106557 ], [ 7.101760954185582, 51.232930159119853 ], [ 7.100758893992535, 51.23291389797587 ], [ 7.099756834734523, 51.232897628256858 ], [ 7.098754776412039, 51.232881349962852 ], [ 7.098728840460676, 51.233510452858859 ], [ 7.098702903573249, 51.234139555677409 ], [ 7.098676965749715, 51.234768658418503 ], [ 7.097674867413168, 51.234752370457635 ], [ 7.097648915002471, 51.235381472757325 ], [ 7.098651026990027, 51.235397761082176 ], [ 7.099653139913781, 51.235414040831273 ] ] ], [ [ [ 7.104689575410982, 51.23486620609642 ], [ 7.104663718558292, 51.235495310939939 ], [ 7.1056658370889, 51.235511539234167 ], [ 7.105639992954777, 51.236140644362948 ], [ 7.106642126069996, 51.236156864443764 ], [ 7.107644260117521, 51.236173075948493 ], [ 7.107618442355345, 51.236802181724634 ], [ 7.108620590987122, 51.236818385015333 ], [ 7.10864639509686, 51.236189278877113 ], [ 7.109648531007521, 51.23620547322961 ], [ 7.109674320533948, 51.235576366652147 ], [ 7.109700109129587, 51.234947259997348 ], [ 7.109725896794483, 51.234318153265207 ], [ 7.108723801838318, 51.234301959998326 ], [ 7.107721707813343, 51.234285758155906 ], [ 7.107695892846476, 51.234914864164125 ], [ 7.106693786102264, 51.234898653383929 ], [ 7.106719614720047, 51.234269547737952 ], [ 7.105717522558926, 51.234253328744479 ], [ 7.105691680290268, 51.234882434028009 ], [ 7.104689575410982, 51.23486620609642 ] ] ], [ [ [ 7.105763334660578, 51.257546405110617 ], [ 7.106765933165624, 51.257562628938267 ], [ 7.106791781702539, 51.256933525715034 ], [ 7.105789196866133, 51.256917302249981 ], [ 7.105763334660578, 51.257546405110617 ] ] ], [ [ [ 7.106636676480337, 51.260708143894 ], [ 7.106610822342827, 51.261337246653049 ], [ 7.107613503803654, 51.261353464072755 ], [ 7.107639344269523, 51.260724360951222 ], [ 7.106636676480337, 51.260708143894 ] ] ], [ [ [ 7.101519655950721, 51.263143333165488 ], [ 7.102522373755894, 51.263159594594164 ], [ 7.10254828538634, 51.262530493519108 ], [ 7.101545581254065, 51.262514232453903 ], [ 7.101519655950721, 51.263143333165488 ] ] ], [ [ [ 7.099436359579196, 51.264998084043135 ], [ 7.100439116532889, 51.265014363731865 ], [ 7.100465058319258, 51.264385263616184 ], [ 7.099462315039852, 51.264368984291323 ], [ 7.098459572697708, 51.264352696381884 ], [ 7.098433603562808, 51.264981795769629 ], [ 7.099436359579196, 51.264998084043135 ] ] ], [ [ [ 7.108740668465223, 51.282775357906324 ], [ 7.10871482269254, 51.283404459045443 ], [ 7.107711660544772, 51.283388246114136 ], [ 7.107685800148936, 51.284017346813464 ], [ 7.106682625245881, 51.28400112492902 ], [ 7.105679451277521, 51.283984894453866 ], [ 7.105653562567652, 51.284613994350394 ], [ 7.105627672922552, 51.285243094169552 ], [ 7.105601782342173, 51.285872193911331 ], [ 7.105575890826473, 51.286501293575739 ], [ 7.105549998375407, 51.287130393162791 ], [ 7.106553240798172, 51.287146625452188 ], [ 7.107556484155855, 51.287162849149951 ], [ 7.107530618154145, 51.287791949385202 ], [ 7.108533876138702, 51.287808164853793 ], [ 7.108508022895471, 51.288437265374206 ], [ 7.109511295506991, 51.288453472613256 ], [ 7.109485455023225, 51.289082573418646 ], [ 7.110488742261797, 51.289098772427735 ], [ 7.111492030433447, 51.289114962844529 ], [ 7.111517843530113, 51.28848586131506 ], [ 7.112521118940725, 51.288502042777786 ], [ 7.113524395283381, 51.288518215648381 ], [ 7.113550180061221, 51.287889113318307 ], [ 7.112546917411732, 51.287872940809258 ], [ 7.112572714950741, 51.28724383876343 ], [ 7.112598511557795, 51.286614736640303 ], [ 7.112624307232939, 51.285985634439875 ], [ 7.112650101976218, 51.285356532162162 ], [ 7.111646895026281, 51.285340352508037 ], [ 7.111672702528391, 51.284711250514704 ], [ 7.110669510201379, 51.2846950626313 ], [ 7.109666318807129, 51.284678866156945 ], [ 7.109692152757157, 51.284049764810241 ], [ 7.110695330461335, 51.284065960922526 ], [ 7.111698509098233, 51.28408214844405 ], [ 7.111724314735847, 51.28345304629611 ], [ 7.112727480615304, 51.283469224865179 ], [ 7.112753271631564, 51.282840122278259 ], [ 7.11277906171618, 51.282211019614031 ], [ 7.113782201149387, 51.282227188869577 ], [ 7.113756424753493, 51.282856291895243 ], [ 7.114759578806572, 51.282872452921822 ], [ 7.114785341513698, 51.282243349534859 ], [ 7.114811103290211, 51.281614246070625 ], [ 7.114836864136158, 51.280985142529126 ], [ 7.115839978054938, 51.281001293882021 ], [ 7.115865724283029, 51.280372189902188 ], [ 7.115891469581135, 51.279743085845084 ], [ 7.114888383036521, 51.279726935214264 ], [ 7.114914141091029, 51.279097831440914 ], [ 7.114939898215146, 51.278468727590287 ], [ 7.113936839973073, 51.278452569092401 ], [ 7.113962609852156, 51.277823465525707 ], [ 7.113988378800444, 51.277194361881719 ], [ 7.112985348859253, 51.277178195517521 ], [ 7.112959566226191, 51.277807298800134 ], [ 7.11293378266184, 51.278436402005433 ], [ 7.111930726281941, 51.278420226329395 ], [ 7.11190492810054, 51.279049329095805 ], [ 7.111879128987267, 51.279678431784916 ], [ 7.110876046167355, 51.279662246796235 ], [ 7.109872964279853, 51.279646053218144 ], [ 7.109847136861388, 51.280275155106146 ], [ 7.109821308509978, 51.280904256916813 ], [ 7.108818200181742, 51.280888054024928 ], [ 7.107815092786991, 51.280871842543284 ], [ 7.107789236127515, 51.281500943552018 ], [ 7.107763378534016, 51.282130044483402 ], [ 7.108766513304289, 51.282146256689863 ], [ 7.108740668465223, 51.282775357906324 ] ] ], [ [ [ 7.097602095844887, 51.285112935286811 ], [ 7.097576095739067, 51.285742032118854 ], [ 7.097550094693974, 51.286371128873469 ], [ 7.097524092709564, 51.287000225550614 ], [ 7.097498089785794, 51.28762932215033 ], [ 7.097472085922616, 51.288258418672591 ], [ 7.097446081119987, 51.288887515117402 ], [ 7.098449357123136, 51.288903817232558 ], [ 7.09847534823277, 51.288274720423317 ], [ 7.098501338403449, 51.287645623536626 ], [ 7.098527327635215, 51.287016526572501 ], [ 7.099530563499732, 51.287032819002881 ], [ 7.100533800302623, 51.287049102841763 ], [ 7.100559761212364, 51.286420005071953 ], [ 7.100585721184268, 51.285790907224744 ], [ 7.100611680218383, 51.285161809300099 ], [ 7.1016148768857, 51.285178083455968 ], [ 7.101640821291904, 51.284548985090119 ], [ 7.101666764760899, 51.283919886646842 ], [ 7.100663595473418, 51.28390361321857 ], [ 7.099660427123593, 51.283887331199722 ], [ 7.098657259711921, 51.283871040590299 ], [ 7.098631275174046, 51.28450013794162 ], [ 7.09762809501148, 51.284483838377319 ], [ 7.097602095844887, 51.285112935286811 ] ] ], [ [ [ 7.09723800887336, 51.293920283887743 ], [ 7.09721199561366, 51.294549379635512 ], [ 7.097185981414061, 51.295178475305853 ], [ 7.098189394374306, 51.295194781065923 ], [ 7.098163392933193, 51.295823877023338 ], [ 7.09916682053136, 51.295840174553796 ], [ 7.100170249068524, 51.295856463490033 ], [ 7.100144274085893, 51.296485560098546 ], [ 7.101147717260618, 51.296501840804559 ], [ 7.1021511613734, 51.296518112916139 ], [ 7.102177108957878, 51.295889015579853 ], [ 7.102203055604836, 51.295259918166174 ], [ 7.102229001314322, 51.294630820675096 ], [ 7.101225598297359, 51.294614549654831 ], [ 7.101251556767035, 51.293985452450116 ], [ 7.101277514298833, 51.293356355167973 ], [ 7.1013034708928, 51.29272725780843 ], [ 7.100300109904992, 51.292710979286156 ], [ 7.100326079257263, 51.292081882213118 ], [ 7.101329426548978, 51.292098160371474 ], [ 7.101355381267414, 51.291469062857111 ], [ 7.100352047671294, 51.291452785062667 ], [ 7.100378015147134, 51.290823687834781 ], [ 7.100403981684825, 51.290194590529488 ], [ 7.100429947284413, 51.289565493146789 ], [ 7.099426655710179, 51.289549207851721 ], [ 7.099452634065284, 51.288920110755654 ], [ 7.098449357123136, 51.288903817232558 ], [ 7.098423365074498, 51.289532913964372 ], [ 7.098397372086815, 51.290162010618744 ], [ 7.09837137816004, 51.290791107195673 ], [ 7.098345383294128, 51.291420203695182 ], [ 7.098319387489038, 51.29204930011722 ], [ 7.097316043013516, 51.292032996179728 ], [ 7.097290032573243, 51.292662092159858 ], [ 7.097264021193205, 51.293291188062518 ], [ 7.09723800887336, 51.293920283887743 ] ] ], [ [ [ 7.108094243947011, 51.29850286318252 ], [ 7.108068374819418, 51.299131962388152 ], [ 7.107064870286267, 51.299115740392878 ], [ 7.106061366688385, 51.299099509802296 ], [ 7.105057864026266, 51.299083270616435 ], [ 7.105031952858516, 51.299712368656088 ], [ 7.105006040754463, 51.300341466618356 ], [ 7.106009570820575, 51.300357706530377 ], [ 7.105983671482913, 51.300986804778361 ], [ 7.10698721618766, 51.301003036457608 ], [ 7.106961329617379, 51.301632134991152 ], [ 7.10693544211165, 51.302261233447346 ], [ 7.10690955367043, 51.302890331826184 ], [ 7.107913140422027, 51.302906555997716 ], [ 7.108916728108665, 51.302922771572767 ], [ 7.10992031672985, 51.302938978551332 ], [ 7.110923906285088, 51.302955176933374 ], [ 7.110949739908802, 51.302326077104745 ], [ 7.111953316693111, 51.302342266528285 ], [ 7.111979135679316, 51.30171316626037 ], [ 7.112004953732544, 51.301084065915177 ], [ 7.111001404355729, 51.301067877215544 ], [ 7.111027235179032, 51.300438777154987 ], [ 7.110023700438601, 51.300422580221515 ], [ 7.109020166632046, 51.300406374692315 ], [ 7.109046023926857, 51.299777275278863 ], [ 7.109071880287344, 51.29914817578809 ], [ 7.110075386689549, 51.299164380592678 ], [ 7.110101228414321, 51.298535280662279 ], [ 7.109097735713549, 51.298519076219982 ], [ 7.109123590205519, 51.297889976574524 ], [ 7.108120112139876, 51.29787376389956 ], [ 7.108145979398055, 51.297244664539249 ], [ 7.107142515967453, 51.297228443631987 ], [ 7.107116635008919, 51.297857542629636 ], [ 7.107090753115204, 51.298486641549935 ], [ 7.108094243947011, 51.29850286318252 ] ] ], [ [ [ 7.119793967369215, 51.184118370751605 ], [ 7.118792955498317, 51.184102274884822 ], [ 7.118818572639828, 51.1834731593665 ], [ 7.117817575304218, 51.18345705529903 ], [ 7.117791944551159, 51.184086170457618 ], [ 7.116790934528229, 51.184070057470038 ], [ 7.116765289238947, 51.184699172191422 ], [ 7.11776631287387, 51.18471528553895 ], [ 7.11774068027231, 51.185344400542988 ], [ 7.118741718444037, 51.185360505689687 ], [ 7.118767337433068, 51.184731390325886 ], [ 7.119768362916048, 51.184747486552233 ], [ 7.119793967369215, 51.184118370751605 ] ] ], [ [ [ 7.126443864222615, 51.193038451472525 ], [ 7.126469385351588, 51.19240933416377 ], [ 7.127470581594607, 51.192425366201732 ], [ 7.127496088184879, 51.191796248457649 ], [ 7.128497271729435, 51.191812271574612 ], [ 7.128522763781986, 51.191183153395414 ], [ 7.127521593855298, 51.191167130636401 ], [ 7.127547098605908, 51.190538012737981 ], [ 7.126545943216363, 51.190521981774403 ], [ 7.125544788747074, 51.190505942248372 ], [ 7.125519256761836, 51.191135059430366 ], [ 7.125493723855812, 51.191764176535166 ], [ 7.124492543072282, 51.19174812772966 ], [ 7.123491363210076, 51.191732070361368 ], [ 7.123465802146806, 51.192361186671739 ], [ 7.124466995627197, 51.192377244398749 ], [ 7.124441447260746, 51.193006360990623 ], [ 7.125442655281221, 51.193022410513173 ], [ 7.126443864222615, 51.193038451472525 ] ] ], [ [ [ 7.119975615322848, 51.204266136865094 ], [ 7.119949994930399, 51.204895250553307 ], [ 7.1209514581078, 51.204911341157 ], [ 7.120925850419501, 51.205540455127448 ], [ 7.121927328149013, 51.205556537523663 ], [ 7.122928806801792, 51.20557261135292 ], [ 7.123930286377348, 51.205588676615179 ], [ 7.124931766875189, 51.205604733310423 ], [ 7.125933248294826, 51.20562078143864 ], [ 7.125907707827653, 51.206249897126483 ], [ 7.124906212778952, 51.206233848639727 ], [ 7.124880657760875, 51.206862963891844 ], [ 7.124855101820917, 51.207492079066753 ], [ 7.123853580434542, 51.207476021295264 ], [ 7.123828009942163, 51.20810513603422 ], [ 7.123802438527324, 51.208734250695969 ], [ 7.123776866189981, 51.209363365280495 ], [ 7.122775304833201, 51.209347297864525 ], [ 7.122749717941387, 51.209976412012864 ], [ 7.122724130126489, 51.210605526083988 ], [ 7.122698541388465, 51.211234640077897 ], [ 7.123700143642483, 51.211250708570866 ], [ 7.124701746819182, 51.211266768495086 ], [ 7.124676184424821, 51.211895883129614 ], [ 7.125677802157192, 51.211911934843734 ], [ 7.12570335091807, 51.211282819850574 ], [ 7.126704955938656, 51.211298862637264 ], [ 7.127706561880449, 51.211314896855193 ], [ 7.128708168742957, 51.211330922504295 ], [ 7.1287336756829, 51.210701806359225 ], [ 7.129735269832466, 51.210717823081659 ], [ 7.129760762219552, 51.210088706501573 ], [ 7.129786253686992, 51.209459589844329 ], [ 7.130787821491301, 51.209475597282804 ], [ 7.131789390214721, 51.209491596152986 ], [ 7.132790959856762, 51.209507586454848 ], [ 7.133792530416932, 51.209523568188409 ], [ 7.133767093478667, 51.210152686275087 ], [ 7.13476867858888, 51.210168659797183 ], [ 7.135770264616283, 51.21018462475071 ], [ 7.136771851560386, 51.210200581135666 ], [ 7.1377734394207, 51.210216528952031 ], [ 7.13774805609659, 51.21084564838803 ], [ 7.137722671856719, 51.211474767746957 ], [ 7.137697286701043, 51.212103887028803 ], [ 7.136695657940183, 51.212087938143434 ], [ 7.13667025823416, 51.212717056991877 ], [ 7.136644857611754, 51.213346175763228 ], [ 7.136619456072921, 51.213975294457498 ], [ 7.135617787323565, 51.213959335933332 ], [ 7.135592371232335, 51.214588454193944 ], [ 7.136594053617618, 51.214604413074689 ], [ 7.137595736919415, 51.214620363385485 ], [ 7.138597421137235, 51.214636305126355 ], [ 7.138572045038387, 51.215265424379041 ], [ 7.138546668023963, 51.215894543554661 ], [ 7.139548380430904, 51.215910477437589 ], [ 7.139573743808286, 51.215281357905944 ], [ 7.140575443493272, 51.215297282862664 ], [ 7.140550093752972, 51.215926402750142 ], [ 7.140524743098038, 51.216555522560562 ], [ 7.141526470972361, 51.216571439658367 ], [ 7.142528199760872, 51.21658734818557 ], [ 7.14352992946308, 51.216603248142185 ], [ 7.144531660078494, 51.216619139528149 ], [ 7.145533391606622, 51.216635022343468 ], [ 7.145508108227992, 51.217264143853193 ], [ 7.145482823937096, 51.217893265285909 ], [ 7.14448106513191, 51.217877381760808 ], [ 7.144455766289437, 51.218506502761628 ], [ 7.144430466534121, 51.219135623685453 ], [ 7.143428681362798, 51.219119730879108 ], [ 7.143403367054388, 51.219748851370817 ], [ 7.143378051832557, 51.220377971785489 ], [ 7.144379864284782, 51.220393865302064 ], [ 7.144354561790673, 51.221022985994864 ], [ 7.145356388797104, 51.221038871294596 ], [ 7.1453310990317, 51.221667992265346 ], [ 7.146332940592425, 51.221683869347828 ], [ 7.146307663556708, 51.222312990596357 ], [ 7.147309519671813, 51.2223288594612 ], [ 7.147284255366769, 51.222957980987317 ], [ 7.14725899015005, 51.223587102436476 ], [ 7.148260874462949, 51.223602963437699 ], [ 7.148286126036339, 51.222973841634136 ], [ 7.148311376698547, 51.222344719753607 ], [ 7.148336626449617, 51.22171559779612 ], [ 7.14836187528959, 51.221086475761659 ], [ 7.148387123218512, 51.220457353650225 ], [ 7.148412370236426, 51.21982823146184 ], [ 7.149414173607696, 51.219844081765068 ], [ 7.149439406074221, 51.219214959145539 ], [ 7.149464637630317, 51.218585836449066 ], [ 7.149489868276024, 51.217956713675626 ], [ 7.149515098011387, 51.217327590825242 ], [ 7.149540326836449, 51.216698467897892 ], [ 7.149565554751255, 51.216069344893569 ], [ 7.148563833215148, 51.216053496715148 ], [ 7.148589073857212, 51.215424373987979 ], [ 7.147587366869242, 51.215408517593318 ], [ 7.147612620237584, 51.214779395143466 ], [ 7.146610927797664, 51.214763530532956 ], [ 7.145609236269348, 51.214747657352333 ], [ 7.145634515999345, 51.214118535534645 ], [ 7.145659794817294, 51.213489413639948 ], [ 7.144658131473215, 51.213473532598911 ], [ 7.144683423014493, 51.212844410982051 ], [ 7.144708713643317, 51.212215289288181 ], [ 7.144734003359731, 51.211586167517311 ], [ 7.143732381832555, 51.211570278971614 ], [ 7.14375768427042, 51.210941157478736 ], [ 7.143782985795471, 51.210312035908842 ], [ 7.143808286407748, 51.209682914261926 ], [ 7.143833586107298, 51.209053792538008 ], [ 7.144835153102142, 51.209069679663806 ], [ 7.144860438257151, 51.208440557507913 ], [ 7.145861992532291, 51.208456435710588 ], [ 7.145887263143741, 51.207827313122955 ], [ 7.146888804699089, 51.207843182402875 ], [ 7.146914060767963, 51.207214059383695 ], [ 7.146939315925754, 51.20658493628752 ], [ 7.145937801631836, 51.206569067716686 ], [ 7.144936288249446, 51.206553190578227 ], [ 7.144961569756112, 51.205924068114321 ], [ 7.1449868503508, 51.205294945573428 ], [ 7.145012130033553, 51.204665822955519 ], [ 7.144010658451387, 51.204649938314191 ], [ 7.144035950850668, 51.204020815974168 ], [ 7.144061242337612, 51.203391693557116 ], [ 7.143059798924088, 51.203375801058939 ], [ 7.14308510312613, 51.202746678919944 ], [ 7.142083674252743, 51.202730778210416 ], [ 7.142108991168901, 51.20210165634964 ], [ 7.141107576835566, 51.202085747429145 ], [ 7.14010616341591, 51.202069829942474 ], [ 7.139104750910424, 51.202053903889649 ], [ 7.139079393113946, 51.202683024683552 ], [ 7.138077967896437, 51.202667089708584 ], [ 7.138052595558074, 51.203296210069425 ], [ 7.138027222304474, 51.203925330353194 ], [ 7.138001848135588, 51.20455445055989 ], [ 7.137000382950403, 51.204538505949969 ], [ 7.135998918681034, 51.204522552773156 ], [ 7.134997455327976, 51.204506591029499 ], [ 7.133995992891714, 51.204490620719028 ], [ 7.1340214215728, 51.203861501938363 ], [ 7.134046849336637, 51.203232383080589 ], [ 7.13304541507306, 51.203216404917249 ], [ 7.132043981727174, 51.203200418187507 ], [ 7.132018526708479, 51.203829536331128 ], [ 7.131017080653415, 51.203813540677629 ], [ 7.13001563551707, 51.20379753645755 ], [ 7.130041117790449, 51.203168419028842 ], [ 7.129039687200589, 51.203152406599955 ], [ 7.129065182181587, 51.202523289451833 ], [ 7.128063766138126, 51.202507268814529 ], [ 7.12706235101477, 51.202491239611106 ], [ 7.127036828780334, 51.2031203560432 ], [ 7.127011305625258, 51.203749472398115 ], [ 7.126985781549501, 51.204378588675851 ], [ 7.125984326465304, 51.204362549831373 ], [ 7.124982872302324, 51.204346502420215 ], [ 7.125008423633308, 51.203717386859317 ], [ 7.124006984019584, 51.203701331240225 ], [ 7.124032548055961, 51.20307221596083 ], [ 7.124058111170228, 51.202443100604242 ], [ 7.12408367336243, 51.201813985170432 ], [ 7.123082275550428, 51.201797922061544 ], [ 7.123107850446147, 51.201168806909394 ], [ 7.122106467182156, 51.201152735593695 ], [ 7.121105084841126, 51.201136655712375 ], [ 7.120103703423547, 51.201120567265427 ], [ 7.120078087651466, 51.201749681339855 ], [ 7.1200524709554, 51.202378795337026 ], [ 7.120026853335304, 51.203007909256961 ], [ 7.120001234791134, 51.203637023099652 ], [ 7.119975615322848, 51.204266136865094 ] ], [ [ 7.14650985430667, 51.217280018452534 ], [ 7.146535124046973, 51.216650896588114 ], [ 7.147536857399055, 51.216666762262086 ], [ 7.147511601297123, 51.217295884480997 ], [ 7.147486344283906, 51.217925006622941 ], [ 7.146484583654592, 51.217909140239961 ], [ 7.14650985430667, 51.217280018452534 ] ] ], [ [ [ 7.111650024751841, 51.260789143344034 ], [ 7.111624238972983, 51.261418247913518 ], [ 7.112626925094357, 51.261434422414098 ], [ 7.113629612146362, 51.261450588330817 ], [ 7.114632300128505, 51.261466745663633 ], [ 7.114658044891641, 51.260837640010195 ], [ 7.114683788725175, 51.260208534279471 ], [ 7.114709531629153, 51.259579428471461 ], [ 7.114735273603618, 51.258950322586166 ], [ 7.113732640306325, 51.258934166697813 ], [ 7.113758395021303, 51.258305061096301 ], [ 7.112755776323908, 51.258288896986087 ], [ 7.112730007938994, 51.258918002226309 ], [ 7.112704238623626, 51.259547107389217 ], [ 7.11267846837776, 51.260176212474811 ], [ 7.112652697201352, 51.260805317483111 ], [ 7.111650024751841, 51.260789143344034 ] ] ], [ [ [ 7.110595753400438, 51.262031168959524 ], [ 7.111598452263, 51.262047352405688 ], [ 7.111624238972983, 51.261418247913518 ], [ 7.110621553782733, 51.26140206482907 ], [ 7.110595753400438, 51.262031168959524 ] ] ], [ [ [ 7.118489355550055, 51.28985715915676 ], [ 7.119492664862944, 51.289873281194943 ], [ 7.119518369338067, 51.289244176854062 ], [ 7.119544072884558, 51.288615072435938 ], [ 7.120547355737687, 51.28863118516103 ], [ 7.120573044662116, 51.288002080305482 ], [ 7.120598732658499, 51.287372975372698 ], [ 7.120624419726878, 51.286743870362699 ], [ 7.119621177952699, 51.2867277587182 ], [ 7.118617937106975, 51.286711638482011 ], [ 7.118592222653661, 51.287340742771441 ], [ 7.118566507271358, 51.287969846983643 ], [ 7.118540790960018, 51.288598951118594 ], [ 7.118515073719598, 51.289228055176295 ], [ 7.118489355550055, 51.28985715915676 ] ] ], [ [ [ 7.114476127595119, 51.289792585077841 ], [ 7.114450353717192, 51.290421687537432 ], [ 7.115453673005184, 51.290437844307242 ], [ 7.116456993223869, 51.290453992484281 ], [ 7.116482739712276, 51.289824889302494 ], [ 7.115479433188373, 51.289808741486461 ], [ 7.115505192440912, 51.289179638588401 ], [ 7.114501900541903, 51.289163482540971 ], [ 7.114476127595119, 51.289792585077841 ] ] ], [ [ [ 7.116405497456409, 51.291712198616104 ], [ 7.115402149846678, 51.291696049717018 ], [ 7.115376386871273, 51.292325152305992 ], [ 7.114373026496105, 51.29230899445254 ], [ 7.11434724889316, 51.292938096603002 ], [ 7.113343875752645, 51.292921929794787 ], [ 7.113318083521172, 51.293551031506532 ], [ 7.11432147035885, 51.293567198676186 ], [ 7.115324858127939, 51.293583357252125 ], [ 7.115299092359919, 51.294212459609298 ], [ 7.116302494757671, 51.294228609952562 ], [ 7.117305898085886, 51.294244751701896 ], [ 7.118309302344073, 51.294260884857266 ], [ 7.118335027018722, 51.293631781417488 ], [ 7.119338418508509, 51.293647905618386 ], [ 7.119364128556338, 51.293018801740892 ], [ 7.120367507277635, 51.293034916987715 ], [ 7.120393202699635, 51.292405812672705 ], [ 7.121396568652353, 51.2924219189658 ], [ 7.121422249449513, 51.291792814213508 ], [ 7.121447929318851, 51.291163709383994 ], [ 7.121473608260415, 51.290534604477273 ], [ 7.122476934052893, 51.290550701097288 ], [ 7.12250259837168, 51.289921595753512 ], [ 7.121499286274251, 51.289905499493337 ], [ 7.120495975104507, 51.289889394640483 ], [ 7.119492664862944, 51.289873281194943 ], [ 7.119466959459149, 51.290502385458595 ], [ 7.118463636451344, 51.290486263059982 ], [ 7.118437916423422, 51.291115366885968 ], [ 7.118412195466242, 51.291744470634711 ], [ 7.117408845996428, 51.291728338922006 ], [ 7.116405497456409, 51.291712198616104 ] ] ], [ [ [ 7.127317522733644, 51.196200071045517 ], [ 7.128318801617008, 51.196216096668323 ], [ 7.128293302208343, 51.196845214230187 ], [ 7.129294595633211, 51.196861231646601 ], [ 7.12926910892716, 51.197490349489144 ], [ 7.130270416893617, 51.197506358698782 ], [ 7.130295889977298, 51.196877240498601 ], [ 7.131297185240116, 51.196893240786139 ], [ 7.132298481421172, 51.196909232509213 ], [ 7.133299778519977, 51.196925215667811 ], [ 7.13332520981903, 51.196296096318719 ], [ 7.13432649421304, 51.196312070555926 ], [ 7.134351910973316, 51.19568295077287 ], [ 7.134377326816912, 51.195053830912684 ], [ 7.133376069665537, 51.195037857389181 ], [ 7.133401498213077, 51.194408737808743 ], [ 7.132400255599366, 51.194392756078337 ], [ 7.132425696849872, 51.193763636777803 ], [ 7.131424468773741, 51.19374764684089 ], [ 7.130423241615631, 51.193731648340481 ], [ 7.129422015376034, 51.193715641276569 ], [ 7.128420790055437, 51.193699625649195 ], [ 7.128395294325179, 51.194328743519719 ], [ 7.127394056304245, 51.194312718970913 ], [ 7.127368546034129, 51.194941836406286 ], [ 7.127343034843943, 51.195570953764488 ], [ 7.127317522733644, 51.196200071045517 ] ] ], [ [ [ 7.127317522733644, 51.196200071045517 ], [ 7.126316244770437, 51.196184036858497 ], [ 7.125314967727877, 51.196167994107306 ], [ 7.125289427453969, 51.196797110594545 ], [ 7.125263886258876, 51.197426227004591 ], [ 7.126265190545335, 51.197442270472592 ], [ 7.127266495752528, 51.197458305376038 ], [ 7.127292009703187, 51.196829188249367 ], [ 7.127317522733644, 51.196200071045517 ] ] ], [ [ [ 7.131076045134326, 51.227106853423216 ], [ 7.131050555192285, 51.227735968635891 ], [ 7.130048590933537, 51.227719959395515 ], [ 7.130023086425089, 51.228349074173323 ], [ 7.129021109440242, 51.228333056001198 ], [ 7.128995590364402, 51.228962170343905 ], [ 7.129997580996217, 51.228978188873981 ], [ 7.129972074646879, 51.229607303497502 ], [ 7.130974079846665, 51.229623313811111 ], [ 7.131976085966467, 51.229639315550294 ], [ 7.131950605992654, 51.230268430812025 ], [ 7.132952626680067, 51.230284424334151 ], [ 7.13292715943526, 51.230913539876141 ], [ 7.132901691271331, 51.231542655341016 ], [ 7.133903740175552, 51.231558641002906 ], [ 7.13387828474206, 51.232187756747891 ], [ 7.134880348214602, 51.232203734191742 ], [ 7.135882412605369, 51.232219703060345 ], [ 7.135907840739525, 51.231590586601477 ], [ 7.136909892398292, 51.231606546538131 ], [ 7.136935305965516, 51.230977429645556 ], [ 7.136960718615586, 51.230348312675908 ], [ 7.137962743893473, 51.23036426332456 ], [ 7.137988141978131, 51.229735145921396 ], [ 7.13801353914621, 51.229106028441173 ], [ 7.139015538044518, 51.229121969802627 ], [ 7.140017537858868, 51.229137902589692 ], [ 7.140042906815649, 51.228508784320155 ], [ 7.141044893898097, 51.228524708176991 ], [ 7.141070248292415, 51.227895589474592 ], [ 7.142072222642879, 51.227911504401554 ], [ 7.142097562475718, 51.227282385266498 ], [ 7.143099524094106, 51.227298291263963 ], [ 7.14312484936645, 51.22666917169645 ], [ 7.144126798252678, 51.226685068764823 ], [ 7.14415210896551, 51.226055948765072 ], [ 7.144177418764976, 51.225426828688327 ], [ 7.144202727651122, 51.224797708534567 ], [ 7.143200819700256, 51.224781812531837 ], [ 7.143226141317261, 51.224152692656261 ], [ 7.142224247924259, 51.2241367884358 ], [ 7.141222355445476, 51.224120875642434 ], [ 7.1402204638814, 51.224104954276171 ], [ 7.139218573232526, 51.224089024337047 ], [ 7.139193197039406, 51.224718142789939 ], [ 7.140195101332244, 51.224734073085031 ], [ 7.140169737867843, 51.225363191816825 ], [ 7.140144373488154, 51.22599231047159 ], [ 7.139142441905913, 51.225976379464548 ], [ 7.138140511239497, 51.225960439884098 ], [ 7.137138581489396, 51.225944491730232 ], [ 7.136136652656099, 51.225928535002964 ], [ 7.135134724740102, 51.225912569702331 ], [ 7.134132797741893, 51.225896595828353 ], [ 7.133130871661968, 51.22588061338103 ], [ 7.132128946500812, 51.225864622360398 ], [ 7.132103472043504, 51.226493738084848 ], [ 7.131101534156524, 51.22647773813339 ], [ 7.131076045134326, 51.227106853423216 ] ] ], [ [ [ 7.127570361668488, 51.288743733651508 ], [ 7.126567072329089, 51.288727681072842 ], [ 7.125563783914821, 51.288711619901761 ], [ 7.124560496426174, 51.2886955501383 ], [ 7.124534861349979, 51.289324656355589 ], [ 7.124509225347621, 51.289953762495685 ], [ 7.125512540225145, 51.289969832977668 ], [ 7.126515856028378, 51.289985894866888 ], [ 7.12751917275683, 51.290001948163308 ], [ 7.127544767674998, 51.289372840945994 ], [ 7.128548071633353, 51.289388885290926 ], [ 7.128573651932518, 51.288759777637772 ], [ 7.127570361668488, 51.288743733651508 ] ] ], [ [ [ 7.123351993752107, 51.293712316483763 ], [ 7.123326337567295, 51.294341421724063 ], [ 7.124329747394937, 51.294357503315275 ], [ 7.125333158149092, 51.294373576312402 ], [ 7.126336569829266, 51.294389640715423 ], [ 7.12631095381336, 51.295018746956565 ], [ 7.126285336871888, 51.295647853120542 ], [ 7.126259719004801, 51.296276959207347 ], [ 7.12726317270816, 51.296293016093145 ], [ 7.127237567615626, 51.29692212246178 ], [ 7.1282410359444, 51.296938171111663 ], [ 7.128215443627406, 51.297567277761964 ], [ 7.129218926581684, 51.297583318175533 ], [ 7.129244505197888, 51.296954211166614 ], [ 7.129270082889872, 51.296325104080573 ], [ 7.129295659657683, 51.295695996917409 ], [ 7.129321235501364, 51.295066889677088 ], [ 7.129346810420959, 51.294437782359637 ], [ 7.129372384416512, 51.293808674965057 ], [ 7.129397957488066, 51.29317956749334 ], [ 7.128394570428946, 51.29316352958989 ], [ 7.127391184294275, 51.293147483092667 ], [ 7.126387799084546, 51.293131428001665 ], [ 7.12641341232401, 51.292502321529035 ], [ 7.126439024638081, 51.291873214979248 ], [ 7.126464636026803, 51.291244108352295 ], [ 7.125461292832629, 51.291228045744894 ], [ 7.125486916991765, 51.290598939399857 ], [ 7.124483588419061, 51.290582868558609 ], [ 7.124457950564252, 51.291211974544339 ], [ 7.12443231178315, 51.291841080452897 ], [ 7.124406672075711, 51.292470186284262 ], [ 7.123403303340885, 51.292454105771611 ], [ 7.123377649009956, 51.293083211166277 ], [ 7.123351993752107, 51.293712316483763 ] ] ], [ [ [ 7.12515373069812, 51.298777315865635 ], [ 7.126157238279445, 51.298793382782947 ], [ 7.126182859849424, 51.29816427700478 ], [ 7.125179365969745, 51.298148210446698 ], [ 7.12515373069812, 51.298777315865635 ] ] ], [ [ [ 7.126981465796643, 51.303213181904631 ], [ 7.126955850524411, 51.303842287424558 ], [ 7.12795946958859, 51.30385834002189 ], [ 7.127933867096853, 51.304487445823568 ], [ 7.128937500792458, 51.304503490182576 ], [ 7.129941135412809, 51.304519525944315 ], [ 7.129915559409323, 51.305148632386128 ], [ 7.129889982481541, 51.305777738750834 ], [ 7.130893645440262, 51.305793766632014 ], [ 7.13086808129594, 51.30642287327796 ], [ 7.131871758886352, 51.306438892919644 ], [ 7.132875437400158, 51.306454903963449 ], [ 7.133879116836867, 51.306470906409345 ], [ 7.134882797195978, 51.306486900257319 ], [ 7.134908306508657, 51.305857792179815 ], [ 7.135911974081659, 51.305873777072442 ], [ 7.135937468764944, 51.305244668560455 ], [ 7.135962962526902, 51.304615559971424 ], [ 7.134959322368457, 51.304599575793581 ], [ 7.134984828915666, 51.303970467484852 ], [ 7.13501033454114, 51.303341359099051 ], [ 7.134006722716966, 51.303325367038994 ], [ 7.133003111814977, 51.303309366381967 ], [ 7.131999501835669, 51.303293357127998 ], [ 7.130995892779536, 51.303277339277095 ], [ 7.129992284647073, 51.303261312829306 ], [ 7.130017857877935, 51.30263220615609 ], [ 7.129014264374921, 51.302616171469914 ], [ 7.129039850386453, 51.301987065078094 ], [ 7.128036271512798, 51.301971022153921 ], [ 7.128010671796519, 51.302600128187059 ], [ 7.127985071155131, 51.303229234143046 ], [ 7.126981465796643, 51.303213181904631 ] ] ], [ [ [ 7.133859055289611, 51.183084572173875 ], [ 7.134860053733775, 51.183100538919035 ], [ 7.134885451252893, 51.182471417516737 ], [ 7.135886437001558, 51.182487375345097 ], [ 7.135911819994088, 51.181858253509233 ], [ 7.136912793047166, 51.181874202421184 ], [ 7.136938161514087, 51.181245080151974 ], [ 7.13696352906631, 51.180615957805657 ], [ 7.135962583233491, 51.180600009606216 ], [ 7.13598796348045, 51.179970887539064 ], [ 7.134987032172129, 51.179954931136471 ], [ 7.133986101779402, 51.179938966174504 ], [ 7.133960694313784, 51.180568087528606 ], [ 7.13393528593204, 51.181197208805607 ], [ 7.132934329236377, 51.181181234570673 ], [ 7.132908906328219, 51.181810355413717 ], [ 7.132883482503356, 51.182439476179638 ], [ 7.132858057761747, 51.183068596868424 ], [ 7.133859055289611, 51.183084572173875 ] ] ], [ [ [ 7.131448485197368, 51.267402109366635 ], [ 7.131422963649533, 51.268031220358743 ], [ 7.131397441179994, 51.268660331273722 ], [ 7.131371917788707, 51.269289442111578 ], [ 7.132374786540435, 51.269305449223985 ], [ 7.13234927590651, 51.269934560342527 ], [ 7.133352159258735, 51.26995055922599 ], [ 7.134355043531808, 51.269966549522707 ], [ 7.134329559335967, 51.270595661279188 ], [ 7.135332458209175, 51.270611643346371 ], [ 7.135306986773207, 51.271240755383019 ], [ 7.134304074219727, 51.27122477295859 ], [ 7.13330116258669, 51.271208781947003 ], [ 7.132298251874589, 51.271192782348287 ], [ 7.131295342083918, 51.271176774162434 ], [ 7.131269815005201, 51.271805884691808 ], [ 7.131244287004518, 51.27243499514406 ], [ 7.131218758081822, 51.27306410551919 ], [ 7.132221708915875, 51.273080114778566 ], [ 7.132196192753239, 51.273709225434452 ], [ 7.132170675668997, 51.274338336013223 ], [ 7.13317365478942, 51.274354337400254 ], [ 7.133148150466673, 51.274983448259604 ], [ 7.133122645222729, 51.275612559041832 ], [ 7.133097139057539, 51.27624166974698 ], [ 7.134100160150163, 51.276257663618445 ], [ 7.134125652631177, 51.275628552555794 ], [ 7.134151144191441, 51.274999441416028 ], [ 7.134176634830999, 51.27437033019919 ], [ 7.135179615793239, 51.274386314410009 ], [ 7.135205091829396, 51.273757202758773 ], [ 7.135230566945427, 51.273128091030443 ], [ 7.135256041141377, 51.272498979225055 ], [ 7.135281514417288, 51.271869867342573 ], [ 7.136284441571529, 51.271885841536886 ], [ 7.13728736964527, 51.271901807143806 ], [ 7.137261923732005, 51.272530919740248 ], [ 7.137236476899691, 51.273160032259625 ], [ 7.137211029148283, 51.273789144701951 ], [ 7.137185580477736, 51.274418257067204 ], [ 7.137160130888006, 51.275047369355406 ], [ 7.136157134402601, 51.275031401963957 ], [ 7.136131670209831, 51.275660513818153 ], [ 7.137134680379051, 51.275676481566521 ], [ 7.137109228950826, 51.276305593700584 ], [ 7.138112253723665, 51.276321553217159 ], [ 7.13808681506097, 51.276950665630928 ], [ 7.139089854437517, 51.27696661691531 ], [ 7.13906442854134, 51.277595729608599 ], [ 7.140067482521681, 51.277611672660377 ], [ 7.141070537419943, 51.277627607122973 ], [ 7.141095935945226, 51.276998493717088 ], [ 7.142098978075402, 51.277014419234476 ], [ 7.142124361998283, 51.276385305395586 ], [ 7.142149745004319, 51.275756191479672 ], [ 7.141146730243687, 51.275740266674269 ], [ 7.141172126016953, 51.275111153037336 ], [ 7.141197520872964, 51.274482039323352 ], [ 7.140194534397111, 51.27446610664164 ], [ 7.139191548838959, 51.274450165371704 ], [ 7.139216970143723, 51.273821052293194 ], [ 7.139242390530335, 51.273191939137632 ], [ 7.139267809998838, 51.272562825905041 ], [ 7.139293228549278, 51.271933712595406 ], [ 7.138290298638016, 51.271917764163312 ], [ 7.138315729951377, 51.271288651133133 ], [ 7.138341160346266, 51.270659538025889 ], [ 7.139344062896139, 51.270675485745002 ], [ 7.139369478692648, 51.270046372204227 ], [ 7.140372368480458, 51.270062310980002 ], [ 7.140397769679574, 51.269433197005917 ], [ 7.140423169961335, 51.268804082954802 ], [ 7.140448569325788, 51.268174968826656 ], [ 7.140473967772976, 51.267545854621481 ], [ 7.139471132700224, 51.267529917270735 ], [ 7.138468298545188, 51.267513971333891 ], [ 7.138493723430174, 51.266884857764339 ], [ 7.137490903870787, 51.266868903598024 ], [ 7.136488085230059, 51.266852940845837 ], [ 7.136513536550739, 51.266223827912626 ], [ 7.135510732506026, 51.266207856931565 ], [ 7.134507929380912, 51.266191877364875 ], [ 7.134482450706549, 51.26682098958392 ], [ 7.133479634824754, 51.266805001074218 ], [ 7.132476819863586, 51.266789003978715 ], [ 7.132451312914593, 51.267418115405697 ], [ 7.131448485197368, 51.267402109366635 ] ] ], [ [ [ 7.132535770260036, 51.290082085753056 ], [ 7.133539092529412, 51.290098087492382 ], [ 7.133513578859049, 51.290727196781894 ], [ 7.134516915745758, 51.290743190285859 ], [ 7.134491414849665, 51.291372299855837 ], [ 7.135494766353793, 51.29138828512405 ], [ 7.135469278232954, 51.29201739497433 ], [ 7.135443789191213, 51.292646504747509 ], [ 7.135418299228527, 51.293275614443615 ], [ 7.136421692744949, 51.293291592190094 ], [ 7.137425087181867, 51.29330756134263 ], [ 7.137399623694502, 51.293936671675901 ], [ 7.138403032749642, 51.293952632591335 ], [ 7.138377582040946, 51.294581743204382 ], [ 7.139381005714397, 51.294597695882302 ], [ 7.139355567785359, 51.295226806774984 ], [ 7.140359006077206, 51.295242751214978 ], [ 7.140384430306946, 51.294613639965853 ], [ 7.141387855818104, 51.294629575455005 ], [ 7.141413265430392, 51.294000463772576 ], [ 7.141438674124611, 51.293371352013125 ], [ 7.141464081900806, 51.292742240176658 ], [ 7.140460697484706, 51.292726305756261 ], [ 7.140486118040283, 51.292097194199016 ], [ 7.139482748239979, 51.292081251541248 ], [ 7.138479379358599, 51.292065300289863 ], [ 7.13747601139664, 51.292049340444905 ], [ 7.137501472124133, 51.291420229880458 ], [ 7.136498118778781, 51.291404261798938 ], [ 7.136523592282606, 51.29077515151441 ], [ 7.136549064866109, 51.290146041152845 ], [ 7.136574536529336, 51.289516930714178 ], [ 7.136600007272332, 51.288887820198468 ], [ 7.135596709629008, 51.28887184495224 ], [ 7.135622193145995, 51.28824273471659 ], [ 7.13461891011749, 51.288226751235122 ], [ 7.133615628010119, 51.288210759161302 ], [ 7.132612346824375, 51.288194758495138 ], [ 7.131609066560752, 51.28817874923665 ], [ 7.130605787219744, 51.28816273138586 ], [ 7.130580235232507, 51.288791839832932 ], [ 7.129576943120691, 51.288775813031577 ], [ 7.129551376515892, 51.289404921043229 ], [ 7.130554682322122, 51.289420948202896 ], [ 7.131557989051548, 51.28943696676987 ], [ 7.131532448912915, 51.290066075420818 ], [ 7.132535770260036, 51.290082085753056 ] ] ], [ [ [ 7.13986530489013, 51.232912610588912 ], [ 7.140867387515049, 51.232928536936782 ], [ 7.140842025799402, 51.233557655022899 ], [ 7.141844122990573, 51.233573573150913 ], [ 7.142846221096613, 51.233589482703145 ], [ 7.143848320117031, 51.233605383679588 ], [ 7.144850420051335, 51.233621276080214 ], [ 7.144825112026296, 51.234250395511033 ], [ 7.144799803087819, 51.234879514864836 ], [ 7.144774493235862, 51.235508634141652 ], [ 7.144749182470379, 51.23613775334146 ], [ 7.144723870791331, 51.236766872464273 ], [ 7.143721702594322, 51.236750978287823 ], [ 7.142719535311414, 51.236735075534597 ], [ 7.14274487429747, 51.236105957122348 ], [ 7.142770212368974, 51.235476838633076 ], [ 7.141768073307047, 51.23546092801422 ], [ 7.140765935160121, 51.235445008819013 ], [ 7.140791299621982, 51.234815890964022 ], [ 7.139789176042915, 51.234799963548419 ], [ 7.139763797928686, 51.235429081047478 ], [ 7.139738418898474, 51.236058198469507 ], [ 7.139713038952234, 51.236687315814478 ], [ 7.138710875330659, 51.236671378754352 ], [ 7.138685480814548, 51.237300495666126 ], [ 7.13866008538183, 51.237929612500857 ], [ 7.139662276311497, 51.237945550273288 ], [ 7.140664468157319, 51.237961479468652 ], [ 7.141666660918809, 51.237977400086912 ], [ 7.142668854595473, 51.237993312128047 ], [ 7.142643512865502, 51.238622430309249 ], [ 7.143645721111805, 51.238638334128659 ], [ 7.143620392122557, 51.239267452588265 ], [ 7.143595062219032, 51.239896570970849 ], [ 7.142592826661337, 51.239880666440598 ], [ 7.142567482187058, 51.240509784390746 ], [ 7.143569731401188, 51.240525689276431 ], [ 7.143544399668979, 51.241154807504998 ], [ 7.143519067022364, 51.241783925656556 ], [ 7.144521344465289, 51.241799822674835 ], [ 7.145523622822172, 51.241815711114796 ], [ 7.146525902092524, 51.241831590976403 ], [ 7.146551193766623, 51.241202471759621 ], [ 7.147553460292355, 51.2412183426882 ], [ 7.147578737396423, 51.240589223039763 ], [ 7.147604013588098, 51.239960103314367 ], [ 7.147629288867419, 51.239330983511991 ], [ 7.147654563234433, 51.238701863632649 ], [ 7.148656776046983, 51.238717724565142 ], [ 7.149658989771305, 51.238733576920204 ], [ 7.15066120440691, 51.2387494206978 ], [ 7.150635971007027, 51.239378541639951 ], [ 7.150610736696312, 51.240007662505143 ], [ 7.15161297955479, 51.240023498413031 ], [ 7.152615223323651, 51.240039325743076 ], [ 7.152590015415667, 51.240668447238939 ], [ 7.152564806597749, 51.241297568657885 ], [ 7.153567078590729, 51.241313388117064 ], [ 7.153541882520685, 51.241942509812631 ], [ 7.153516685541113, 51.242571631431275 ], [ 7.153491487651969, 51.243200752973017 ], [ 7.154493801529598, 51.243216564913979 ], [ 7.154468616390211, 51.243845686732179 ], [ 7.15444343034166, 51.244474808473477 ], [ 7.154418243383897, 51.24510393013788 ], [ 7.153415888526676, 51.245088117136767 ], [ 7.153390686998813, 51.245717238370844 ], [ 7.153365484561164, 51.246346359528019 ], [ 7.154367866740576, 51.246362173235958 ], [ 7.155370249829327, 51.246377978364038 ], [ 7.156372633826925, 51.246393774912256 ], [ 7.156347471465075, 51.247022897052211 ], [ 7.15734987003299, 51.247038685373404 ], [ 7.15835226950881, 51.247054465114502 ], [ 7.158377404546689, 51.246425342269035 ], [ 7.157375018732876, 51.246409562880594 ], [ 7.157400166524901, 51.245780440310917 ], [ 7.157425313409107, 51.245151317664366 ], [ 7.157450459385538, 51.244522194940913 ], [ 7.158452804216285, 51.244537973271441 ], [ 7.158477935624948, 51.243908850118522 ], [ 7.158503066126412, 51.24327972688873 ], [ 7.157500748615248, 51.243263949263444 ], [ 7.157525891868613, 51.242634826309384 ], [ 7.158528195720725, 51.242650603582085 ], [ 7.158553324407927, 51.242021480198552 ], [ 7.158578452188062, 51.241392356738167 ], [ 7.159580729630569, 51.2414081247273 ], [ 7.160583007979609, 51.241423884138037 ], [ 7.161585287234687, 51.241439634970341 ], [ 7.161560200429015, 51.242068759487324 ], [ 7.162562494247883, 51.242084502093007 ], [ 7.163564788971847, 51.242100236120038 ], [ 7.164567084600417, 51.242115961568402 ], [ 7.165569381133102, 51.242131678438071 ], [ 7.166571678569407, 51.242147386729044 ], [ 7.166596697083446, 51.241518260454903 ], [ 7.167598981764426, 51.24153395981628 ], [ 7.167623985717415, 51.240904833114513 ], [ 7.167648988767856, 51.24027570633595 ], [ 7.166646731402311, 51.240260007676248 ], [ 7.166671747207219, 51.239630881171749 ], [ 7.166696762109174, 51.23900175459044 ], [ 7.165694532960008, 51.23898604805462 ], [ 7.164692304714248, 51.238970332941065 ], [ 7.164717346025145, 51.238341206985176 ], [ 7.163715132339151, 51.238325483645262 ], [ 7.163740186401568, 51.237696357963941 ], [ 7.164742386432189, 51.237712080952477 ], [ 7.164767425935418, 51.237082954842968 ], [ 7.164792464534878, 51.236453828656664 ], [ 7.164817502230612, 51.235824702393543 ], [ 7.164842539022661, 51.23519557605362 ], [ 7.163840393608612, 51.235179854470488 ], [ 7.162838249098694, 51.235164124310799 ], [ 7.162863312292886, 51.234534998596914 ], [ 7.161861182340422, 51.23451926021238 ], [ 7.160859053293031, 51.234503513251525 ], [ 7.160884142887268, 51.233874388164409 ], [ 7.160909231575982, 51.233245263000448 ], [ 7.159907130738162, 51.233229508167419 ], [ 7.158905030806316, 51.233213744758487 ], [ 7.157902931780932, 51.233197972773652 ], [ 7.156900833662505, 51.233182192212944 ], [ 7.155898736451525, 51.23316640307636 ], [ 7.155873579504457, 51.233795526478048 ], [ 7.154871469549876, 51.233779728412593 ], [ 7.153869360503768, 51.233763921771128 ], [ 7.152867252366629, 51.233748106553669 ], [ 7.152892450268191, 51.23311898421165 ], [ 7.152917647260338, 51.232489861792722 ], [ 7.152942843343113, 51.231860739296891 ], [ 7.151940777068191, 51.231844916564214 ], [ 7.151965985891574, 51.231215794345026 ], [ 7.151991193805178, 51.230586672048908 ], [ 7.150989155739372, 51.23057084144839 ], [ 7.149987118583789, 51.23055500227288 ], [ 7.149961883371426, 51.231184123861304 ], [ 7.149936647248301, 51.231813245372756 ], [ 7.148934583704317, 51.231797396914004 ], [ 7.148909333020089, 51.232426517994362 ], [ 7.147907256737146, 51.232410660605908 ], [ 7.147881991490832, 51.233039781254938 ], [ 7.146879902469018, 51.233023914936425 ], [ 7.146905181366035, 51.232394794641948 ], [ 7.145903106907248, 51.232378920102519 ], [ 7.145928398542111, 51.23174980008578 ], [ 7.144926338646264, 51.231733917325798 ], [ 7.144951643017987, 51.231104797587015 ], [ 7.143949597684993, 51.231088906606871 ], [ 7.142947553265711, 51.231073007051684 ], [ 7.141945509760633, 51.231057098921468 ], [ 7.14094346717025, 51.231041182216245 ], [ 7.140918108200428, 51.231670300533459 ], [ 7.139916052875818, 51.23165437489736 ], [ 7.139890679340858, 51.232283492781654 ], [ 7.13986530489013, 51.232912610588912 ] ], [ [ 7.158754321254745, 51.23698849036326 ], [ 7.158779441779894, 51.236359366287964 ], [ 7.15978160997523, 51.236375131458324 ], [ 7.15980671594002, 51.235746006953839 ], [ 7.160808871387817, 51.235761763195221 ], [ 7.160783779076755, 51.236390888051815 ], [ 7.161785949083972, 51.236406636068402 ], [ 7.162788119996395, 51.236422375508091 ], [ 7.1627630540882, 51.237051500991498 ], [ 7.162737987275251, 51.237680626398074 ], [ 7.162712919557504, 51.238309751727826 ], [ 7.161710707680697, 51.238294011232902 ], [ 7.160708496709222, 51.238278262160478 ], [ 7.159706286643571, 51.238262504510601 ], [ 7.15973139532705, 51.237633380236687 ], [ 7.158729199822873, 51.237617614361689 ], [ 7.158754321254745, 51.23698849036326 ] ] ], [ [ [ 7.140638622088219, 51.288322523237944 ], [ 7.140613207042574, 51.288951635257362 ], [ 7.141616509281903, 51.288967567540467 ], [ 7.141641910633147, 51.288338455164876 ], [ 7.140638622088219, 51.288322523237944 ] ] ], [ [ [ 7.141108289477912, 51.301549798878582 ], [ 7.142111866627593, 51.301565729690786 ], [ 7.143115444695372, 51.30158165190646 ], [ 7.1431408370006, 51.300952540359063 ], [ 7.143166228388268, 51.300323428734671 ], [ 7.144169779965316, 51.300339341642193 ], [ 7.144195156732041, 51.299710229585017 ], [ 7.145198695522643, 51.29972613354078 ], [ 7.145224057669414, 51.29909702105104 ], [ 7.144220532581787, 51.299081117450854 ], [ 7.144245907514599, 51.298452005239696 ], [ 7.144271281530518, 51.297822892951551 ], [ 7.145274779213677, 51.297838795840619 ], [ 7.145300138611256, 51.297209683119938 ], [ 7.146303623509233, 51.297225577058207 ], [ 7.146328968289461, 51.296596463905203 ], [ 7.147332440402169, 51.296612348893063 ], [ 7.148335913430153, 51.296628225285822 ], [ 7.149339387372922, 51.296644093083479 ], [ 7.149364690135474, 51.296014978788655 ], [ 7.149389991983782, 51.295385864416872 ], [ 7.148386545441874, 51.295369997328734 ], [ 7.148411860075668, 51.294740883234766 ], [ 7.147408428148105, 51.294725007906827 ], [ 7.146404997135687, 51.294709123984369 ], [ 7.146430338253089, 51.294080010523487 ], [ 7.145426921855378, 51.294064118361831 ], [ 7.145452275755752, 51.293435005179283 ], [ 7.145477628740078, 51.292805891919741 ], [ 7.144474240655018, 51.292789991874791 ], [ 7.143470853486456, 51.292774083235933 ], [ 7.143445473106108, 51.293403195784322 ], [ 7.143420091808724, 51.294032308255709 ], [ 7.142416678160771, 51.294016390311249 ], [ 7.142391282247373, 51.294645502349766 ], [ 7.142365885416357, 51.295274614311268 ], [ 7.142340487667679, 51.295903726195753 ], [ 7.142315089001296, 51.296532838003245 ], [ 7.141311621472391, 51.296516910040211 ], [ 7.141286208187393, 51.297146021414569 ], [ 7.141260793984106, 51.297775132711912 ], [ 7.141235378862488, 51.298404243932239 ], [ 7.141209962822496, 51.299033355075544 ], [ 7.141184545864087, 51.299662466141825 ], [ 7.141159127987216, 51.300291577131098 ], [ 7.141133709191839, 51.300920688043355 ], [ 7.141108289477912, 51.301549798878582 ] ] ], [ [ [ 7.140930325757366, 51.305953572568669 ], [ 7.14090489869347, 51.306582682787742 ], [ 7.141908585495571, 51.30659861644974 ], [ 7.142912273216121, 51.306614541513675 ], [ 7.143915961854624, 51.306630457979509 ], [ 7.144919651410587, 51.306646365847243 ], [ 7.144894278263123, 51.307275477413214 ], [ 7.145897982445003, 51.307291377038318 ], [ 7.146901687543398, 51.307307268065081 ], [ 7.146927033272913, 51.306678155788305 ], [ 7.147930725578287, 51.306694037861611 ], [ 7.147956056683281, 51.306064925152754 ], [ 7.147981386872838, 51.305435812366952 ], [ 7.148006716147002, 51.304806699504198 ], [ 7.148032044505816, 51.304177586564492 ], [ 7.148057371949323, 51.303548473547849 ], [ 7.147053748181732, 51.303532593249969 ], [ 7.146050125329899, 51.303516704354905 ], [ 7.145046503394317, 51.303500806862651 ], [ 7.144042882375481, 51.303484900773228 ], [ 7.143039262273886, 51.303468986086671 ], [ 7.142035643090027, 51.303453062802973 ], [ 7.142061051854054, 51.302823951842591 ], [ 7.141057447294235, 51.30280802031799 ], [ 7.141082868845391, 51.30217890963678 ], [ 7.140079278909526, 51.302162969871695 ], [ 7.139075689892792, 51.302147021509903 ], [ 7.138072101795683, 51.302131064551425 ], [ 7.13804663912884, 51.302760174162877 ], [ 7.139050240931134, 51.302776131478119 ], [ 7.139024791049806, 51.303405241369298 ], [ 7.140028407477492, 51.303421190444276 ], [ 7.140002970382668, 51.304050300615017 ], [ 7.141006601435836, 51.304066241449327 ], [ 7.140981177128505, 51.304695351899454 ], [ 7.140955751902363, 51.305324462272566 ], [ 7.140930325757366, 51.305953572568669 ] ] ], [ [ [ 7.148816198661164, 51.209762265980061 ], [ 7.149817783844632, 51.209778110617897 ], [ 7.149792565030027, 51.210407234391774 ], [ 7.150794164756375, 51.210423070814805 ], [ 7.150768958665533, 51.211052194865552 ], [ 7.151770572934846, 51.211068023073373 ], [ 7.152772188113046, 51.211083842712135 ], [ 7.152797366936581, 51.210454717954292 ], [ 7.153798969389458, 51.21047052867074 ], [ 7.153824133671415, 51.209841403482713 ], [ 7.154825723398884, 51.209857205277189 ], [ 7.154850873140244, 51.209228079659198 ], [ 7.154876021974322, 51.208598953964298 ], [ 7.155877585343965, 51.208614746484336 ], [ 7.15590271963896, 51.207985620359693 ], [ 7.15690427028347, 51.208001403958725 ], [ 7.156929390040368, 51.207372277404552 ], [ 7.156954508891094, 51.206743150773484 ], [ 7.157956033179441, 51.206758925099429 ], [ 7.158957558373428, 51.206774690857543 ], [ 7.158982649057074, 51.206145563444927 ], [ 7.157981137493583, 51.206129798039051 ], [ 7.156979626835688, 51.206114024065528 ], [ 7.157004743874197, 51.205484897280691 ], [ 7.157029860006661, 51.204855770418952 ], [ 7.1560283775142, 51.204839988583025 ], [ 7.156003247752307, 51.205469115092164 ], [ 7.15597811708388, 51.206098241524387 ], [ 7.154976608238648, 51.20608245041565 ], [ 7.153975100300486, 51.206066650739331 ], [ 7.15394994146479, 51.206695776388855 ], [ 7.152948420803909, 51.206679967791779 ], [ 7.15292324742984, 51.20730909301119 ], [ 7.15192171404632, 51.207293275492987 ], [ 7.151896526132896, 51.207922400282051 ], [ 7.150894980026829, 51.207906573842344 ], [ 7.149893434829924, 51.207890738834557 ], [ 7.148891890542671, 51.207874895258705 ], [ 7.148866660825704, 51.208504018909458 ], [ 7.14884143019855, 51.209133142483232 ], [ 7.148816198661164, 51.209762265980061 ] ] ], [ [ [ 7.149691680672923, 51.212923728717698 ], [ 7.149716903127089, 51.212294605251643 ], [ 7.14871526340846, 51.21227875919768 ], [ 7.147713624600277, 51.212262904574324 ], [ 7.146711986703031, 51.21224704138163 ], [ 7.14668672334394, 51.212876163784941 ], [ 7.146661459073378, 51.213505286111264 ], [ 7.147663124240978, 51.213521150012859 ], [ 7.148664790319603, 51.213537005344698 ], [ 7.148690027319275, 51.212907882309679 ], [ 7.149691680672923, 51.212923728717698 ] ] ], [ [ [ 7.144307891866026, 51.27201332594381 ], [ 7.143304957369596, 51.271997420449132 ], [ 7.143279593545327, 51.272626535182852 ], [ 7.14428254172341, 51.272642441033078 ], [ 7.14528549081709, 51.272658338295571 ], [ 7.145310827278011, 51.272029222850946 ], [ 7.144307891866026, 51.27201332594381 ] ] ], [ [ [ 7.155751900266875, 51.211760375954078 ], [ 7.155726760530734, 51.212389501617324 ], [ 7.155701619887584, 51.213018627203688 ], [ 7.155676478337382, 51.213647752713129 ], [ 7.155651335880087, 51.214276878145682 ], [ 7.156653022865524, 51.214292665271614 ], [ 7.157654710757606, 51.214308443827456 ], [ 7.158656399555843, 51.214324213813171 ], [ 7.158681501104101, 51.213695087322989 ], [ 7.158706601746737, 51.213065960755941 ], [ 7.158731701483799, 51.212436834111998 ], [ 7.159733350279878, 51.21245259447111 ], [ 7.159758435476444, 51.21182346739819 ], [ 7.15978351976801, 51.211194340248412 ], [ 7.158781898241355, 51.21117858059354 ], [ 7.157780277620152, 51.211162812369501 ], [ 7.156778657904885, 51.211147035576289 ], [ 7.156753532710047, 51.211776161669128 ], [ 7.155751900266875, 51.211760375954078 ] ] ], [ [ [ 7.155475313276755, 51.218680754020397 ], [ 7.155450163561152, 51.21930987883777 ], [ 7.156451959654696, 51.21932566878592 ], [ 7.15745375665523, 51.219341450162446 ], [ 7.158455554562264, 51.219357222967318 ], [ 7.159457353375305, 51.219372987200515 ], [ 7.159482448529718, 51.218743860973056 ], [ 7.16048423460787, 51.218759616282526 ], [ 7.160509315216894, 51.218130489626162 ], [ 7.160534394920979, 51.217501362892968 ], [ 7.160559473720167, 51.216872236082914 ], [ 7.161561219784907, 51.21688798176536 ], [ 7.161586284040759, 51.216258854526622 ], [ 7.160584551614503, 51.216243109196 ], [ 7.159582820093057, 51.216227355294613 ], [ 7.158581089476913, 51.216211592822503 ], [ 7.158606193742291, 51.215582466562935 ], [ 7.157604477669804, 51.215566695872482 ], [ 7.157629594666804, 51.214937569888413 ], [ 7.156627893137885, 51.214921790980021 ], [ 7.156602762503556, 51.215550916611541 ], [ 7.155601048244041, 51.215535128780097 ], [ 7.155575903065204, 51.216164253981958 ], [ 7.15457417607518, 51.216148457227106 ], [ 7.153572449992913, 51.21613265190161 ], [ 7.153547276630403, 51.216761776320453 ], [ 7.1535221023596, 51.217390900662373 ], [ 7.154523855718721, 51.217406706694184 ], [ 7.154498694178746, 51.218035831312356 ], [ 7.154473531730885, 51.218664955853633 ], [ 7.155475313276755, 51.218680754020397 ] ] ], [ [ [ 7.149431733459273, 51.244395659442546 ], [ 7.150434071014377, 51.244411506407161 ], [ 7.150459311702128, 51.243782386080561 ], [ 7.149456987806714, 51.243766539470094 ], [ 7.149431733459273, 51.244395659442546 ] ] ], [ [ [ 7.150992387029551, 51.305483404869385 ], [ 7.151996055576933, 51.305499251841184 ], [ 7.151970780220015, 51.306128366045463 ], [ 7.15194550394964, 51.306757480172806 ], [ 7.150941807985312, 51.306741632492347 ], [ 7.15091651709222, 51.307370746188433 ], [ 7.150891225285087, 51.307999859807609 ], [ 7.151894948668338, 51.30801570819677 ], [ 7.151869669657326, 51.308644822093385 ], [ 7.152873407664414, 51.308660662238097 ], [ 7.152898672965179, 51.308031547987312 ], [ 7.153902398175114, 51.308047379179179 ], [ 7.154906124297648, 51.308063201772399 ], [ 7.154931361265684, 51.307434086736947 ], [ 7.15593507459044, 51.307449900377868 ], [ 7.155960296937025, 51.306820784911956 ], [ 7.155985518372087, 51.30619166936917 ], [ 7.154981832465612, 51.306175856435395 ], [ 7.155007066697593, 51.305546741169302 ], [ 7.156010738895668, 51.305562553749496 ], [ 7.156035958507813, 51.30493343805297 ], [ 7.155032300017643, 51.304917625826313 ], [ 7.155057532425804, 51.304288510406444 ], [ 7.154053888554889, 51.304272689935786 ], [ 7.154079133758078, 51.303643574792751 ], [ 7.153075504506329, 51.30362774607849 ], [ 7.152071876167369, 51.303611908766911 ], [ 7.152097147870887, 51.302982794254994 ], [ 7.151093534151459, 51.302966948700409 ], [ 7.151068248741693, 51.303596062858034 ], [ 7.150064622229799, 51.303580208351889 ], [ 7.150039322199556, 51.304209322078101 ], [ 7.15104296241815, 51.304225176938743 ], [ 7.151017675180784, 51.304854290942529 ], [ 7.150992387029551, 51.305483404869385 ] ] ], [ [ [ 7.15968317717157, 51.213710848386398 ], [ 7.159658089259744, 51.214339975228746 ], [ 7.160659779868818, 51.21435572807416 ], [ 7.161661471382573, 51.214371472349406 ], [ 7.161686532021408, 51.213742344803308 ], [ 7.161711591756093, 51.213113217180364 ], [ 7.161736650586676, 51.212484089480583 ], [ 7.160734999981001, 51.212468346260657 ], [ 7.159733350279878, 51.21245259447111 ], [ 7.159708264178267, 51.213081721467205 ], [ 7.15968317717157, 51.213710848386398 ] ] ], [ [ [ 7.157719833145093, 51.287963079280082 ], [ 7.158723123528675, 51.287978864779348 ], [ 7.15874829024995, 51.287349746224379 ], [ 7.157745013560517, 51.287333961078005 ], [ 7.157719833145093, 51.287963079280082 ] ] ], [ [ [ 7.155461126975084, 51.29422265323236 ], [ 7.155486343887794, 51.293593536505476 ], [ 7.155511559889399, 51.292964419701704 ], [ 7.156514958023333, 51.292980225212737 ], [ 7.156540159415857, 51.292351107978732 ], [ 7.157543544762299, 51.292366904542483 ], [ 7.157568731546733, 51.291737786878436 ], [ 7.157593917421177, 51.291108669137536 ], [ 7.156590559469374, 51.291092873280085 ], [ 7.155587202428008, 51.291077068829097 ], [ 7.154583846297577, 51.291061255784612 ], [ 7.153580491078572, 51.291045434146639 ], [ 7.153555250416099, 51.2916745504738 ], [ 7.153530008841662, 51.292303666724067 ], [ 7.153504766355217, 51.292932782897417 ], [ 7.15347952295672, 51.293561898993879 ], [ 7.153454278646128, 51.294191015013432 ], [ 7.154457702354784, 51.294206838420116 ], [ 7.155461126975084, 51.29422265323236 ] ] ], [ [ [ 7.155309806363148, 51.297997351979149 ], [ 7.156313314099009, 51.298013160317382 ], [ 7.157316822745784, 51.29802896005998 ], [ 7.158320332302982, 51.298044751206916 ], [ 7.159323842770107, 51.298060533758189 ], [ 7.159349010342225, 51.297431416080009 ], [ 7.160352508016639, 51.297447189682906 ], [ 7.160377660977717, 51.296818071575224 ], [ 7.159374177004953, 51.296802298324977 ], [ 7.158370693941536, 51.296786516479436 ], [ 7.157367211787959, 51.296770726038581 ], [ 7.157392404943524, 51.296141608912592 ], [ 7.156388937401307, 51.296125810229697 ], [ 7.155385470769876, 51.296110002951735 ], [ 7.154382005049726, 51.296094187078722 ], [ 7.153378540241349, 51.296078362610693 ], [ 7.153353292281944, 51.296707478322638 ], [ 7.153328043410227, 51.297336593957688 ], [ 7.153302793626153, 51.297965709515829 ], [ 7.154306299538699, 51.297981535045281 ], [ 7.155309806363148, 51.297997351979149 ] ] ], [ [ [ 7.156086394997968, 51.30367520642929 ], [ 7.156061177208565, 51.30430432227957 ], [ 7.157064822902675, 51.304320125555122 ], [ 7.158068469507642, 51.304335920233108 ], [ 7.158093659883083, 51.303706803676334 ], [ 7.159097293691365, 51.303722589403769 ], [ 7.159122469449938, 51.303093472417189 ], [ 7.158118849348208, 51.303077687042702 ], [ 7.157115230156752, 51.303061893071011 ], [ 7.157090026985119, 51.303691009351503 ], [ 7.156086394997968, 51.30367520642929 ] ] ], [ [ [ 7.164942677154877, 51.232679069925851 ], [ 7.164917643977134, 51.233308196573006 ], [ 7.16489260989588, 51.233937323143351 ], [ 7.16589472890815, 51.233953035447641 ], [ 7.166896848823483, 51.233968739175701 ], [ 7.166921855600752, 51.233339611903311 ], [ 7.166946861475492, 51.232710484554154 ], [ 7.165944768863696, 51.232694781527925 ], [ 7.164942677154877, 51.232679069925851 ] ] ], [ [ [ 7.173737309813553, 51.238482331052978 ], [ 7.174739532515956, 51.238497968616706 ], [ 7.175741756117297, 51.238513597602683 ], [ 7.176743980617079, 51.238529218010953 ], [ 7.176768857156297, 51.237900087776694 ], [ 7.176793732797609, 51.237270957465718 ], [ 7.175791535609109, 51.237255337755613 ], [ 7.17581642400746, 51.236626207717016 ], [ 7.175841311507495, 51.235997077601724 ], [ 7.174839142526582, 51.235981450012751 ], [ 7.173836974444431, 51.235965813846803 ], [ 7.1738120596357, 51.236594943263441 ], [ 7.173787143927671, 51.23722407260334 ], [ 7.173762227320304, 51.237853201866521 ], [ 7.173737309813553, 51.238482331052978 ] ] ], [ [ [ 7.17602217019818, 51.256773961442882 ], [ 7.175997266701888, 51.257403089376325 ], [ 7.175972362306363, 51.258032217233065 ], [ 7.176975011282157, 51.258047839883751 ], [ 7.177977661156733, 51.258063453950719 ], [ 7.178980311929598, 51.258079059433967 ], [ 7.179982963600258, 51.258094656333455 ], [ 7.180985616168219, 51.258110244649188 ], [ 7.181988269632993, 51.258125824381146 ], [ 7.182990923994081, 51.2581413955293 ], [ 7.183993579250995, 51.258156958093622 ], [ 7.18499623540324, 51.258172512074118 ], [ 7.185998892450322, 51.258188057470747 ], [ 7.18700155039175, 51.258203594283522 ], [ 7.187026304401749, 51.257574462596338 ], [ 7.186023660131944, 51.257558926130834 ], [ 7.186048426919263, 51.256929794714303 ], [ 7.185045797214852, 51.256914250012571 ], [ 7.184043168405193, 51.256898696727362 ], [ 7.183040540490781, 51.256883134858697 ], [ 7.183065347395501, 51.256254004408447 ], [ 7.182062734047297, 51.256238434304372 ], [ 7.182087553726296, 51.2556093041255 ], [ 7.181084954944213, 51.255593725786383 ], [ 7.18008235705877, 51.255578138864259 ], [ 7.180057510039946, 51.256207268346536 ], [ 7.180032662123948, 51.256836397752174 ], [ 7.179030037795448, 51.256820801549871 ], [ 7.179054899381788, 51.256191672492839 ], [ 7.178052289621294, 51.256176068055957 ], [ 7.177049680758963, 51.256160455035918 ], [ 7.177024791832071, 51.256789583395204 ], [ 7.17602217019818, 51.256773961442882 ] ] ], [ [ [ 7.169906511803242, 51.259196552357075 ], [ 7.170909182719358, 51.259212227210327 ], [ 7.170884207263138, 51.259841353088078 ], [ 7.171886892753543, 51.259857019707511 ], [ 7.17288957914532, 51.259872677742742 ], [ 7.17389226643798, 51.259888327193778 ], [ 7.173917200876682, 51.259259200266108 ], [ 7.173942134415038, 51.258630073261727 ], [ 7.174944795263396, 51.258645713429352 ], [ 7.174969714229842, 51.258016585998689 ], [ 7.174994632296523, 51.257387458491309 ], [ 7.173991998790882, 51.257371819022836 ], [ 7.172989366185459, 51.25735617097088 ], [ 7.171986734480746, 51.257340514335482 ], [ 7.171961775400858, 51.25796964079359 ], [ 7.170959130926363, 51.257953975224623 ], [ 7.16995648735361, 51.257938301072045 ], [ 7.168953844683085, 51.257922618335897 ], [ 7.16892884368765, 51.258551743666253 ], [ 7.168903841789444, 51.259180868919842 ], [ 7.169906511803242, 51.259196552357075 ] ] ], [ [ [ 7.161834979079942, 51.260329089868115 ], [ 7.160832288957869, 51.260313337055635 ], [ 7.160807174965749, 51.260942459267483 ], [ 7.160782060066746, 51.261571581402492 ], [ 7.161784777535348, 51.261587334919184 ], [ 7.162787495910384, 51.261603079851298 ], [ 7.162812583462322, 51.260973957012254 ], [ 7.1638152890697, 51.260989693008021 ], [ 7.163840362042635, 51.260360569740456 ], [ 7.162837670108362, 51.260344834096394 ], [ 7.161834979079942, 51.260329089868115 ] ] ], [ [ [ 7.16567041024631, 51.264795881456322 ], [ 7.16667320061818, 51.26481159380581 ], [ 7.167675991894233, 51.264827297569653 ], [ 7.168678784073976, 51.264842992747852 ], [ 7.168703794099021, 51.264213868185131 ], [ 7.167701015595556, 51.264198173357755 ], [ 7.166698237995738, 51.264182469944913 ], [ 7.165695461300062, 51.264166757946626 ], [ 7.16567041024631, 51.264795881456322 ] ] ], [ [ [ 7.161933979827901, 51.282993210670242 ], [ 7.161908860542398, 51.283622330820535 ], [ 7.162912058710058, 51.283638079484554 ], [ 7.162886952208465, 51.284267199910083 ], [ 7.163890164974487, 51.284282940334663 ], [ 7.164893378647013, 51.284298672167687 ], [ 7.164918457765753, 51.283669551038585 ], [ 7.164943535978527, 51.283040429832695 ], [ 7.1639403496884, 51.283024698703024 ], [ 7.163965440685708, 51.282395577771993 ], [ 7.162962268992417, 51.282379838403052 ], [ 7.161959098205997, 51.282364090443131 ], [ 7.161933979827901, 51.282993210670242 ] ] ], [ [ [ 7.174900622018456, 51.285084642517674 ], [ 7.174875678014364, 51.28571376699972 ], [ 7.174850733109111, 51.286342891405077 ], [ 7.173847469320098, 51.286327244439136 ], [ 7.17382250981979, 51.286956368417968 ], [ 7.173797549417746, 51.287585492320098 ], [ 7.173772588113919, 51.288214616145517 ], [ 7.173747625908269, 51.288843739894226 ], [ 7.17372266280075, 51.289472863566232 ], [ 7.172719331439441, 51.289457206257886 ], [ 7.172694353733733, 51.290086329503133 ], [ 7.172669375125577, 51.290715452671648 ], [ 7.171666017273705, 51.290699786069574 ], [ 7.170662660324818, 51.290684110873883 ], [ 7.169659304279409, 51.290668427084618 ], [ 7.169634283677216, 51.291297549125069 ], [ 7.169609262171008, 51.29192667108876 ], [ 7.16958423976074, 51.292555792975719 ], [ 7.170587636899049, 51.292571477816956 ], [ 7.171591034940965, 51.292587154064037 ], [ 7.171566039023883, 51.293216276575386 ], [ 7.171541042203644, 51.29384539901001 ], [ 7.170537616763905, 51.293829722061972 ], [ 7.170512605340812, 51.294458844069375 ], [ 7.170487593013985, 51.295087966000033 ], [ 7.170462579783377, 51.295717087853951 ], [ 7.170437565648947, 51.296346209631139 ], [ 7.171441045890264, 51.29636188798122 ], [ 7.171416044553599, 51.296991010032208 ], [ 7.17241953939996, 51.297006680137301 ], [ 7.173423035149242, 51.297022341646851 ], [ 7.173398060313541, 51.297651464321611 ], [ 7.174401570667501, 51.297667117585576 ], [ 7.174376608632079, 51.29829624053361 ], [ 7.175380133590807, 51.298311885551577 ], [ 7.176383659451055, 51.298327521973569 ], [ 7.177387186212333, 51.298343149799557 ], [ 7.178390713874143, 51.298358769029505 ], [ 7.179394242435997, 51.298374379663436 ], [ 7.180397771897392, 51.298389981701298 ], [ 7.180372891180308, 51.299019106668538 ], [ 7.181376435244298, 51.299034700458961 ], [ 7.18140130225784, 51.298405575143079 ], [ 7.182404833516844, 51.298421159988777 ], [ 7.182429685928741, 51.297792034247813 ], [ 7.182454537442618, 51.297162908430217 ], [ 7.183458042193911, 51.297178483983295 ], [ 7.183482879107665, 51.296549357740851 ], [ 7.183507715123984, 51.295920231421775 ], [ 7.182504237776485, 51.295904656565149 ], [ 7.181500761326877, 51.29588907311318 ], [ 7.181525623848065, 51.295259947414117 ], [ 7.180522161997915, 51.295244355715418 ], [ 7.180547037321338, 51.294615230288301 ], [ 7.180571911745966, 51.293986104784544 ], [ 7.179568478195224, 51.293970505188291 ], [ 7.179543590070558, 51.294599630343271 ], [ 7.1795187010466, 51.295228755421597 ], [ 7.178515240994616, 51.295213146532689 ], [ 7.177511781842459, 51.295197529048686 ], [ 7.177536698267353, 51.294568404668496 ], [ 7.177561613791971, 51.293939280211639 ], [ 7.177586528416356, 51.2933101556781 ], [ 7.177611442140549, 51.292681031067907 ], [ 7.177636354964593, 51.292051906381019 ], [ 7.177661266888532, 51.29142278161747 ], [ 7.178664643845416, 51.291438397006615 ], [ 7.178689541171811, 51.290809271817288 ], [ 7.177686177912409, 51.290793656777254 ], [ 7.176682815553026, 51.290778033143489 ], [ 7.175679454094158, 51.290762400916037 ], [ 7.175704391611863, 51.290133276697922 ], [ 7.176707739373828, 51.290148908575901 ], [ 7.177711088036265, 51.290164531860363 ], [ 7.178714437598678, 51.2901801465513 ], [ 7.179717788060574, 51.2901957526487 ], [ 7.180721139421459, 51.290211350152539 ], [ 7.181724491680839, 51.290226939062777 ], [ 7.182727844838219, 51.290242519379433 ], [ 7.1827526855792, 51.289613392642345 ], [ 7.183756025937377, 51.289628964017261 ], [ 7.184759367192525, 51.289644526798718 ], [ 7.184784179643571, 51.289015399288957 ], [ 7.185787508098894, 51.289030953129213 ], [ 7.186790837450157, 51.289046498376202 ], [ 7.186815621613117, 51.288417370094571 ], [ 7.187818938163932, 51.288432906400899 ], [ 7.187794167696864, 51.289062035029872 ], [ 7.188797498838522, 51.289077563090238 ], [ 7.189800830874635, 51.289093082557258 ], [ 7.19080416380471, 51.289108593430917 ], [ 7.190779433532102, 51.289737723024217 ], [ 7.189776086905514, 51.289722211803792 ], [ 7.189751342042388, 51.29035134097375 ], [ 7.189726596285213, 51.290980470067154 ], [ 7.188723223158207, 51.290964949559211 ], [ 7.18869846280899, 51.29159407822906 ], [ 7.188673701565146, 51.292223206822349 ], [ 7.188648939426633, 51.292852335339084 ], [ 7.189652353648978, 51.292867856888051 ], [ 7.18962760431519, 51.293496985675212 ], [ 7.18960285408714, 51.29412611438584 ], [ 7.190606296603153, 51.294141628033977 ], [ 7.191609740012974, 51.294157133087204 ], [ 7.191634462841037, 51.293528003683093 ], [ 7.192637893444117, 51.293543499794922 ], [ 7.192662601679346, 51.292914369967832 ], [ 7.192687309021841, 51.292285240064189 ], [ 7.193690713118982, 51.292300726888769 ], [ 7.193715405870167, 51.291671596562352 ], [ 7.193740097729196, 51.291042466159432 ], [ 7.194743475321712, 51.291057943697545 ], [ 7.194768152590956, 51.290428812872072 ], [ 7.194792828968625, 51.289799681970095 ], [ 7.194817504454759, 51.289170550991599 ], [ 7.195820841847237, 51.289186018898192 ], [ 7.195845502745648, 51.288556887497379 ], [ 7.195870162753105, 51.287927756020075 ], [ 7.195894821869646, 51.287298624466267 ], [ 7.195919480095319, 51.286669492835941 ], [ 7.194916197484801, 51.286654026312526 ], [ 7.193912915765605, 51.286638551196418 ], [ 7.193937600488917, 51.28600942018133 ], [ 7.193962284320453, 51.285380289089737 ], [ 7.192959030880919, 51.285364806073261 ], [ 7.191955778333611, 51.285349314464533 ], [ 7.190952526679021, 51.285333814263566 ], [ 7.190977250698245, 51.284704684134432 ], [ 7.189974013629924, 51.284689175687944 ], [ 7.189998750448537, 51.284060045828959 ], [ 7.188995527966398, 51.284044529137354 ], [ 7.187992306378374, 51.284029003853938 ], [ 7.186989085684961, 51.284013469978753 ], [ 7.185985865886651, 51.28399792751177 ], [ 7.184982646983938, 51.283982376453061 ], [ 7.185007451368625, 51.283353248253853 ], [ 7.184004247053815, 51.283337688951242 ], [ 7.183001043635548, 51.283322121057111 ], [ 7.183025874506776, 51.282692993477156 ], [ 7.182022685676777, 51.282677417339734 ], [ 7.181997841114318, 51.283306544571467 ], [ 7.181972995654325, 51.283935671726574 ], [ 7.180969780338943, 51.283920086301023 ], [ 7.180944920289201, 51.284549213031063 ], [ 7.179941692179752, 51.284533618665243 ], [ 7.178938464968905, 51.284518015707576 ], [ 7.177935238657157, 51.284502404158097 ], [ 7.17796013978317, 51.283873278474488 ], [ 7.176956928063019, 51.283857658682408 ], [ 7.176932013244999, 51.284486784016821 ], [ 7.175928788732926, 51.284471155283754 ], [ 7.175903859322363, 51.28510028019209 ], [ 7.174900622018456, 51.285084642517674 ] ], [ [ 7.185812305957702, 51.288401825195123 ], [ 7.185837102920612, 51.28777269718443 ], [ 7.18586189898767, 51.287143569097147 ], [ 7.185886694158919, 51.28651444093326 ], [ 7.18688996872975, 51.286529984790164 ], [ 7.18686518725287, 51.287159113301549 ], [ 7.186840404880673, 51.287788241736358 ], [ 7.186815621613117, 51.288417370094571 ], [ 7.185812305957702, 51.288401825195123 ] ], [ [ 7.173547895792229, 51.293876727122345 ], [ 7.172544468546582, 51.29386106736348 ], [ 7.17256945166762, 51.293231944578544 ], [ 7.172594433885995, 51.292602821716912 ], [ 7.173597833733644, 51.292618480775587 ], [ 7.173622801351143, 51.29198935748714 ], [ 7.17364776806656, 51.291360234121974 ], [ 7.17465114142023, 51.291375883886651 ], [ 7.175654515675444, 51.291391525057463 ], [ 7.17562957635568, 51.292020649122207 ], [ 7.175604636134824, 51.292649773110256 ], [ 7.175579695012829, 51.293278897021622 ], [ 7.174576279662587, 51.293263254801673 ], [ 7.174551323940083, 51.293892378286635 ], [ 7.173547895792229, 51.293876727122345 ] ], [ [ 7.177885433706308, 51.285760655295306 ], [ 7.17791033663155, 51.285131529765032 ], [ 7.17891357663584, 51.285147141663529 ], [ 7.178888687403636, 51.285776267542815 ], [ 7.177885433706308, 51.285760655295306 ] ] ], [ [ [ 7.175180514471317, 51.303344869173266 ], [ 7.176184149972038, 51.303360508392352 ], [ 7.176209091811264, 51.302731385358399 ], [ 7.175205470017334, 51.302715746488971 ], [ 7.175180514471317, 51.303344869173266 ] ] ], [ [ [ 7.167979705448243, 51.307638993379165 ], [ 7.168983430584779, 51.307654695237922 ], [ 7.169008474705374, 51.307025575192938 ], [ 7.168004763278787, 51.307009873685288 ], [ 7.167979705448243, 51.307638993379165 ] ] ], [ [ [ 7.180827350648738, 51.236704218750305 ], [ 7.180802530525329, 51.237333350532275 ], [ 7.180777709506025, 51.237962482237606 ], [ 7.181779924834535, 51.237978059408782 ], [ 7.181755116575393, 51.238607191385569 ], [ 7.182757346455491, 51.238622760327026 ], [ 7.182782141058491, 51.237993628002307 ], [ 7.1837843581774, 51.238009188018168 ], [ 7.183809138229751, 51.237380055269085 ], [ 7.183833917387682, 51.236750922443392 ], [ 7.183858695651239, 51.236121789541052 ], [ 7.182856519497932, 51.236106230568353 ], [ 7.181854344239454, 51.236090663018544 ], [ 7.181879148917066, 51.235461530735186 ], [ 7.181903952699402, 51.234832398375175 ], [ 7.180901805644013, 51.23481682294446 ], [ 7.180876988208038, 51.235445954956397 ], [ 7.179874828394778, 51.235430370600724 ], [ 7.179849996408945, 51.236059502187736 ], [ 7.180852169876293, 51.236075086891674 ], [ 7.180827350648738, 51.236704218750305 ] ] ], [ [ [ 7.183511718557678, 51.244929643200642 ], [ 7.184514086816633, 51.244945198462332 ], [ 7.184538863049256, 51.244316066208519 ], [ 7.185541218541454, 51.24433161254295 ], [ 7.185565980218981, 51.243702479865078 ], [ 7.185590741002646, 51.243073347110588 ], [ 7.185615500892496, 51.242444214279494 ], [ 7.184613186380924, 51.242428668987344 ], [ 7.183610872763617, 51.242413115116165 ], [ 7.183586085554379, 51.243042247252227 ], [ 7.182583759172203, 51.243026684454193 ], [ 7.182608560041073, 51.242397552665935 ], [ 7.18263336001469, 51.241768420801044 ], [ 7.181631061846494, 51.241752850119795 ], [ 7.180628764574, 51.241737270859744 ], [ 7.18060393728223, 51.24236640202848 ], [ 7.180579109094226, 51.242995533120556 ], [ 7.181581433685321, 51.243011113076967 ], [ 7.181556618261075, 51.243640244440584 ], [ 7.181531801940999, 51.244269375727548 ], [ 7.182534154748535, 51.2442849478008 ], [ 7.182509351193654, 51.244914079359148 ], [ 7.183511718557678, 51.244929643200642 ] ] ], [ [ [ 7.18341255003286, 51.247446170059085 ], [ 7.184414972941343, 51.247461726711435 ], [ 7.184390192236109, 51.24809085858216 ], [ 7.185392629702856, 51.24810640700143 ], [ 7.186395068063761, 51.248121946839909 ], [ 7.186419821441642, 51.247492814274381 ], [ 7.18742224703247, 51.24750834518494 ], [ 7.187397507318331, 51.248137478097576 ], [ 7.187372766711018, 51.248766610933636 ], [ 7.186370313792215, 51.248751079328841 ], [ 7.186345558626962, 51.249380211741176 ], [ 7.186320802567958, 51.250009344076901 ], [ 7.186296045615163, 51.250638476336029 ], [ 7.186271287768531, 51.251267608518553 ], [ 7.187273795349196, 51.251283141511934 ], [ 7.187249050275383, 51.25191227396504 ], [ 7.188251572416171, 51.251927798723621 ], [ 7.189254095449893, 51.251943314900196 ], [ 7.189278813190184, 51.25131418175333 ], [ 7.189303530038076, 51.250685048529903 ], [ 7.189328245993609, 51.250055915229893 ], [ 7.19033072892078, 51.250071421784703 ], [ 7.190355430318654, 51.249442288061566 ], [ 7.190380130824747, 51.24881315426186 ], [ 7.190404830439105, 51.248184020385573 ], [ 7.190429529161768, 51.247554886432745 ], [ 7.190454226992776, 51.246925752403357 ], [ 7.189451812387412, 51.246910247581276 ], [ 7.189476522989693, 51.246281113821851 ], [ 7.189501232699918, 51.24565197998583 ], [ 7.188498846311843, 51.245636467276704 ], [ 7.187496460816279, 51.245620945987483 ], [ 7.186494076213718, 51.245605416118202 ], [ 7.186469325516578, 51.246234548913527 ], [ 7.18546692814529, 51.246219010116938 ], [ 7.184464531668033, 51.246203462740127 ], [ 7.184439752751972, 51.246832594764086 ], [ 7.183437343506609, 51.246817038459419 ], [ 7.18341255003286, 51.247446170059085 ] ] ], [ [ [ 7.180596785271844, 51.293356979204162 ], [ 7.180571911745966, 51.293986104784544 ], [ 7.181575346195459, 51.294001695786086 ], [ 7.18257878154321, 51.294017278192868 ], [ 7.182603627669868, 51.293388151915529 ], [ 7.183607050215708, 51.293403725379356 ], [ 7.183631881745469, 51.292774598677212 ], [ 7.183656712378045, 51.292145471898444 ], [ 7.182653317230071, 51.292129899130963 ], [ 7.182678160663697, 51.291500772623742 ], [ 7.182703003199733, 51.290871646039903 ], [ 7.181699636345193, 51.290856065374911 ], [ 7.181674780111504, 51.291485191610413 ], [ 7.180671400457397, 51.291469602003104 ], [ 7.180646529627516, 51.292098727813439 ], [ 7.180621657899013, 51.29272785354712 ], [ 7.180596785271844, 51.293356979204162 ] ] ], [ [ [ 7.179170160261958, 51.304036498469529 ], [ 7.179195061880448, 51.303407374464349 ], [ 7.178191423677097, 51.303391761037922 ], [ 7.177187786374128, 51.30337613901392 ], [ 7.177162857340856, 51.304005262320693 ], [ 7.177137927406664, 51.304634385550784 ], [ 7.178141592124867, 51.304650008273398 ], [ 7.179145257743539, 51.304665622398034 ], [ 7.179170160261958, 51.304036498469529 ] ] ], [ [ [ 7.192853665847728, 51.236890570346148 ], [ 7.191851468008038, 51.236875088222149 ], [ 7.191826798093243, 51.237504223822704 ], [ 7.191802127287968, 51.238133359346719 ], [ 7.192804352439317, 51.238148842162722 ], [ 7.192779694400085, 51.238777977956211 ], [ 7.192755035470777, 51.239407113673131 ], [ 7.193757288825871, 51.239422588602942 ], [ 7.19373264266404, 51.240051724589172 ], [ 7.194734910566394, 51.240067191286393 ], [ 7.194759543070589, 51.239438054954512 ], [ 7.19576179820444, 51.239453512727806 ], [ 7.196764054226931, 51.239468961922803 ], [ 7.197766311137572, 51.239484402539503 ], [ 7.197790901780947, 51.238855265095332 ], [ 7.197815491536709, 51.238226127574656 ], [ 7.19681326194012, 51.238210687648071 ], [ 7.196837864464597, 51.237581550395966 ], [ 7.195835649412315, 51.237566102236705 ], [ 7.195860264704522, 51.236936965253307 ], [ 7.194858064196464, 51.236921508861755 ], [ 7.193855864577368, 51.236906043892702 ], [ 7.192853665847728, 51.236890570346148 ] ] ], [ [ [ 7.190627086847138, 51.242521812053866 ], [ 7.190602395256509, 51.243150946619195 ], [ 7.191604728783316, 51.24316644078295 ], [ 7.191629406713975, 51.242537305871345 ], [ 7.190627086847138, 51.242521812053866 ] ] ], [ [ [ 7.194266723995279, 51.252020767052599 ], [ 7.194242073699552, 51.252649901853985 ], [ 7.195244615748064, 51.252665366883896 ], [ 7.195219978230338, 51.253294501954429 ], [ 7.195195339823043, 51.253923636948436 ], [ 7.195170700526133, 51.254552771865939 ], [ 7.195146060339571, 51.255181906706916 ], [ 7.196148657952821, 51.255197364536421 ], [ 7.196173284469843, 51.25456822934995 ], [ 7.197175869302715, 51.254583678251059 ], [ 7.197151256455276, 51.255212813782826 ], [ 7.197126642719128, 51.255841949238103 ], [ 7.197102028094226, 51.256471084616877 ], [ 7.198104654826125, 51.256486525970431 ], [ 7.198080052983532, 51.257115661617853 ], [ 7.19908269427488, 51.257131094732827 ], [ 7.200085336454081, 51.257146519264083 ], [ 7.201087979520642, 51.257161935211606 ], [ 7.202090623474069, 51.257177342575361 ], [ 7.20309326831387, 51.257192741355347 ], [ 7.204095914039552, 51.25720813155155 ], [ 7.20412043385463, 51.256578993837323 ], [ 7.203117801800304, 51.256563603985107 ], [ 7.203142334400902, 51.255934466538449 ], [ 7.2031668661157, 51.255305329015329 ], [ 7.203191396944747, 51.254676191415776 ], [ 7.204193987987952, 51.254691580236077 ], [ 7.204218504261899, 51.254062442216124 ], [ 7.204243019650668, 51.253433304119753 ], [ 7.203240455945742, 51.253417915987342 ], [ 7.203264984117775, 51.252788778158461 ], [ 7.202262434966835, 51.252773381787534 ], [ 7.202286975921151, 51.252144244226322 ], [ 7.202311515989429, 51.25151510658867 ], [ 7.201308995059724, 51.251499702323912 ], [ 7.200306475016506, 51.251484289477126 ], [ 7.199303955860269, 51.251468868048313 ], [ 7.199328536042942, 51.250839731367641 ], [ 7.199353115338184, 51.250210594610508 ], [ 7.198350624402351, 51.250195165289405 ], [ 7.198375216475932, 51.249566028800622 ], [ 7.198399807661675, 51.248936892235356 ], [ 7.197397344944599, 51.248921455022725 ], [ 7.196394883115813, 51.248906009228897 ], [ 7.196370264599728, 51.249535145103934 ], [ 7.195367789994615, 51.249519690383529 ], [ 7.194365316278819, 51.249504227081758 ], [ 7.194340669542754, 51.250133362189253 ], [ 7.193338183051251, 51.250117889960364 ], [ 7.193313521759324, 51.250747024645527 ], [ 7.192311022492202, 51.250731543489124 ], [ 7.192286346643431, 51.251360677751734 ], [ 7.193288859577013, 51.251376159254143 ], [ 7.193264196504273, 51.252005293786247 ], [ 7.194266723995279, 51.252020767052599 ] ] ], [ [ [ 7.19494890681441, 51.260214982680189 ], [ 7.194973554119738, 51.259585848451323 ], [ 7.195976247433582, 51.259601308699537 ], [ 7.196000880175922, 51.258972174048615 ], [ 7.196025512028804, 51.258343039321183 ], [ 7.19502284606045, 51.258327579764085 ], [ 7.194020180982007, 51.258312111622942 ], [ 7.193017516793963, 51.258296634897789 ], [ 7.192014853496816, 51.25828114958864 ], [ 7.191990166954191, 51.25891028293271 ], [ 7.191965479520136, 51.259539416200248 ], [ 7.191940791194608, 51.260168549391267 ], [ 7.191916101977566, 51.260797682505711 ], [ 7.192918819967161, 51.260813169199423 ], [ 7.192943495510352, 51.260184035738824 ], [ 7.193946200717117, 51.260199513501796 ], [ 7.19494890681441, 51.260214982680189 ] ] ], [ [ [ 7.208986694217304, 51.234620551192869 ], [ 7.208962259981199, 51.235249692954888 ], [ 7.209964431917125, 51.235265028231353 ], [ 7.21096660473451, 51.235280354930637 ], [ 7.210942196926146, 51.235909497301485 ], [ 7.211944384279396, 51.235924815765884 ], [ 7.211968778432855, 51.235295673052697 ], [ 7.212970953011672, 51.235310982597539 ], [ 7.212995332630202, 51.234681839465843 ], [ 7.211993171705842, 51.234666530263141 ], [ 7.212017564098399, 51.234037387397215 ], [ 7.21101541770839, 51.234022069959785 ], [ 7.211039822873991, 51.233392927359809 ], [ 7.21003769101825, 51.233377601688034 ], [ 7.21001327219926, 51.234006743945528 ], [ 7.209011127571503, 51.233991409354445 ], [ 7.208986694217304, 51.234620551192869 ] ] ], [ [ [ 7.203363087950473, 51.250272226078543 ], [ 7.203387611694997, 51.249643087867469 ], [ 7.202385130878463, 51.249627693217015 ], [ 7.201382650947797, 51.24961228998508 ], [ 7.201358099871524, 51.250241427507824 ], [ 7.202360593468042, 51.250256831084016 ], [ 7.202336055171712, 51.250885968874577 ], [ 7.202311515989429, 51.25151510658867 ], [ 7.203314037805128, 51.251530502271372 ], [ 7.203338563320531, 51.250901364213178 ], [ 7.203363087950473, 51.250272226078543 ] ] ], [ [ [ 7.200006424446551, 51.284843873509132 ], [ 7.199981823666727, 51.285473006750031 ], [ 7.200985083338008, 51.285488429620173 ], [ 7.200960495363388, 51.286117563129416 ], [ 7.200935906500453, 51.286746696562226 ], [ 7.200911316749159, 51.28737582991856 ], [ 7.201914618392238, 51.287391245230154 ], [ 7.202917920923225, 51.287406651948743 ], [ 7.202893357674567, 51.288035785917707 ], [ 7.201890041448042, 51.288020378854668 ], [ 7.201865463615897, 51.288649512402735 ], [ 7.201840884895759, 51.289278645874369 ], [ 7.201816305287591, 51.289907779269555 ], [ 7.202819662603696, 51.289923187365993 ], [ 7.203823020807386, 51.289938586868644 ], [ 7.203798467706214, 51.290567720876162 ], [ 7.204801840494587, 51.290583112129113 ], [ 7.205805214169598, 51.290598494788057 ], [ 7.205780687577528, 51.291227629407167 ], [ 7.205756160099273, 51.29185676394988 ], [ 7.204752759027496, 51.291841380603088 ], [ 7.204728216963891, 51.292470514725451 ], [ 7.204703674013525, 51.293099648771403 ], [ 7.204679130176355, 51.293728782740921 ], [ 7.20568257234699, 51.293744167119542 ], [ 7.206686015403977, 51.293759542903182 ], [ 7.20768945934682, 51.293774910091805 ], [ 7.207713962083523, 51.293145775090998 ], [ 7.208717393211492, 51.293161133341222 ], [ 7.208741881363129, 51.292531997920648 ], [ 7.209745299676137, 51.292547347232848 ], [ 7.209769773243695, 51.291918211392726 ], [ 7.210773178741658, 51.291933551767272 ], [ 7.210797637726126, 51.291304415507817 ], [ 7.21180103040896, 51.291319746945092 ], [ 7.211825474811328, 51.290690610266509 ], [ 7.210822095826884, 51.290675279172 ], [ 7.210846553043971, 51.29004614275982 ], [ 7.20984318864105, 51.29003080341414 ], [ 7.209867658671866, 51.289401667268528 ], [ 7.209892127818604, 51.288772531046561 ], [ 7.209916596081304, 51.288143394748204 ], [ 7.20891327365297, 51.288128047837994 ], [ 7.208888791693944, 51.288757183793223 ], [ 7.207885456453816, 51.288741827946389 ], [ 7.206882122098715, 51.288726463506059 ], [ 7.206906631450273, 51.288097328237633 ], [ 7.205903311676893, 51.288081955547526 ], [ 7.205927833838682, 51.28745282054637 ], [ 7.205952355114538, 51.286823685468811 ], [ 7.205976875504508, 51.286194550314839 ], [ 7.206980154192246, 51.286209921973935 ], [ 7.207004660002143, 51.285580786399912 ], [ 7.207029164926733, 51.284951650749484 ], [ 7.207053668966052, 51.284322515022673 ], [ 7.206050431359511, 51.284307144394496 ], [ 7.20607494820635, 51.283678008934899 ], [ 7.205071725178229, 51.28366263005843 ], [ 7.204068503036279, 51.283647242590064 ], [ 7.203065281780993, 51.283631846529808 ], [ 7.203089838818652, 51.283002712025791 ], [ 7.202086632142607, 51.282987307718059 ], [ 7.202062061412867, 51.283616441877697 ], [ 7.201058841932394, 51.283601028633733 ], [ 7.200055623340067, 51.283585606797935 ], [ 7.200031024337651, 51.284214740191779 ], [ 7.200006424446551, 51.284843873509132 ] ], [ [ 7.202991605344895, 51.285519249583231 ], [ 7.203016165044156, 51.284890115308521 ], [ 7.204019413685171, 51.284905512057179 ], [ 7.203994867679513, 51.285534646676105 ], [ 7.203970320787064, 51.286163781218612 ], [ 7.202967044758346, 51.286148383781502 ], [ 7.202991605344895, 51.285519249583231 ] ] ], [ [ [ 7.20267224849612, 51.293697988198787 ], [ 7.203675688892568, 51.293713389767341 ], [ 7.203700246429809, 51.293084256141945 ], [ 7.20269681973339, 51.293068854917749 ], [ 7.20267224849612, 51.293697988198787 ] ] ], [ [ [ 7.211649665850608, 51.217664337539212 ], [ 7.211674048128031, 51.217035192953546 ], [ 7.210672271087735, 51.217019876183343 ], [ 7.210647875169711, 51.217649020426762 ], [ 7.210623478371403, 51.218278164593777 ], [ 7.211625282693394, 51.218293482048502 ], [ 7.211649665850608, 51.217664337539212 ] ] ], [ [ [ 7.248286592189769, 51.229549859597441 ], [ 7.248262698266307, 51.230179015267318 ], [ 7.249264781328497, 51.230194013003356 ], [ 7.250266865252578, 51.230209002163249 ], [ 7.250290731872962, 51.229579845823253 ], [ 7.251292803006844, 51.229594826072208 ], [ 7.251316655114761, 51.228965669321418 ], [ 7.251340506361853, 51.228336512494636 ], [ 7.25136435674816, 51.227707355591861 ], [ 7.252366387790937, 51.227722326261123 ], [ 7.252390223666827, 51.227093168947789 ], [ 7.253392241920142, 51.227108130707251 ], [ 7.253416063286599, 51.226478972983585 ], [ 7.253439883793376, 51.225849815183921 ], [ 7.253463703440517, 51.22522065730827 ], [ 7.253487522228062, 51.224591499356642 ], [ 7.25351134015605, 51.22396234132902 ], [ 7.253535157224523, 51.223333183225414 ], [ 7.253558973433522, 51.222704025045815 ], [ 7.254560897012047, 51.222718975891134 ], [ 7.254584698715793, 51.22208981730148 ], [ 7.254608499560637, 51.221460658635834 ], [ 7.253606603273262, 51.221445708458681 ], [ 7.253582788783088, 51.222074866790237 ], [ 7.252580879709777, 51.222059907705265 ], [ 7.252557050714431, 51.222689065626561 ], [ 7.251555128855265, 51.222674097633401 ], [ 7.251531285353765, 51.223303255144224 ], [ 7.251507440991808, 51.223932412579039 ], [ 7.251483595769352, 51.224561569937855 ], [ 7.251459749686356, 51.225190727220671 ], [ 7.25143590274278, 51.225819884427473 ], [ 7.250433913508167, 51.225804906186958 ], [ 7.250410052055321, 51.226434062983046 ], [ 7.249408050033214, 51.226419075832808 ], [ 7.248406048872752, 51.226404080107564 ], [ 7.248382159260596, 51.227033236157588 ], [ 7.24835826878626, 51.227662392131606 ], [ 7.248334377449705, 51.228291548029581 ], [ 7.248310485250888, 51.228920703851536 ], [ 7.248286592189769, 51.229549859597441 ] ] ], [ [ [ 7.240318071659523, 51.228171265465924 ], [ 7.240342072194937, 51.227542112255861 ], [ 7.239340051513555, 51.227527038682659 ], [ 7.238338031698819, 51.227511956534244 ], [ 7.238314003864102, 51.228141109070421 ], [ 7.239316037328469, 51.228156191555875 ], [ 7.240318071659523, 51.228171265465924 ] ] ], [ [ [ 7.244110665318749, 51.233893862928589 ], [ 7.245112826846906, 51.233908896984794 ], [ 7.245088885921257, 51.234538051115642 ], [ 7.246091061968361, 51.234553076930389 ], [ 7.247093238879122, 51.234568094167713 ], [ 7.248095416653043, 51.234583102827564 ], [ 7.248119316614051, 51.233953947689919 ], [ 7.248143215712429, 51.233324792476239 ], [ 7.248167113948218, 51.232695637186517 ], [ 7.247164977137584, 51.232680629532865 ], [ 7.247188888164271, 51.232051474502498 ], [ 7.24721279832796, 51.231422319396081 ], [ 7.246210689686682, 51.231407303836683 ], [ 7.245208581908853, 51.231392279700792 ], [ 7.245184644439381, 51.232021434135895 ], [ 7.245160706105929, 51.23265058849492 ], [ 7.24513676690845, 51.233279742777881 ], [ 7.244134619034598, 51.233264709057657 ], [ 7.244110665318749, 51.233893862928589 ] ] ], [ [ [ 7.232869971330763, 51.239390270253423 ], [ 7.232845858718284, 51.240019419654281 ], [ 7.23282174523538, 51.24064856897899 ], [ 7.232797630882009, 51.241277718227515 ], [ 7.233799946757148, 51.241292850689824 ], [ 7.233824047450757, 51.240663701103109 ], [ 7.23482635053611, 51.240678824648079 ], [ 7.234850436700437, 51.24004967464721 ], [ 7.235852726995922, 51.240064789275223 ], [ 7.236855018160353, 51.240079895324229 ], [ 7.236879076137484, 51.239450744571826 ], [ 7.237881354511432, 51.23946584170443 ], [ 7.238883633753302, 51.239480930258189 ], [ 7.238907663545079, 51.238851778755041 ], [ 7.2379053979617, 51.23883669053847 ], [ 7.237929440544084, 51.238207539296404 ], [ 7.236927189486541, 51.238192442838603 ], [ 7.235924939297329, 51.238177337802348 ], [ 7.234922689976942, 51.238162224187683 ], [ 7.233920441525871, 51.238147101994613 ], [ 7.232918193944609, 51.238131971223169 ], [ 7.232894083072858, 51.238761120776381 ], [ 7.232869971330763, 51.239390270253423 ] ] ], [ [ [ 7.212775884380667, 51.240344124902222 ], [ 7.213778169093165, 51.240359428605643 ], [ 7.213753795212245, 51.240988571392151 ], [ 7.213729420451462, 51.241617714102318 ], [ 7.214731733362211, 51.241633009910601 ], [ 7.214707371381478, 51.242262152886262 ], [ 7.215709698831636, 51.242277440457016 ], [ 7.215734047152373, 51.241648297139697 ], [ 7.216736361821456, 51.24166357578958 ], [ 7.217738677368967, 51.241678845860214 ], [ 7.218740993794411, 51.241694107351613 ], [ 7.218716686453914, 51.242323251692753 ], [ 7.219719017416965, 51.242338504945756 ], [ 7.219743311097299, 51.241709360263734 ], [ 7.219767603900683, 51.241080215505413 ], [ 7.218765300257465, 51.241064962934175 ], [ 7.218789605843119, 51.240435818440424 ], [ 7.21778731673644, 51.240420557631168 ], [ 7.216785028507612, 51.240405288243053 ], [ 7.215782741157129, 51.240390010276073 ], [ 7.214780454685481, 51.240374723730262 ], [ 7.214804814028103, 51.239745580525586 ], [ 7.213802542094261, 51.23973028574278 ], [ 7.213826914215581, 51.239101142803591 ], [ 7.213851285457163, 51.238471999788032 ], [ 7.213875655819047, 51.23784285669614 ], [ 7.21287342573734, 51.237827554360713 ], [ 7.212849041718496, 51.238456697110621 ], [ 7.211846798860016, 51.238441385855005 ], [ 7.211822400303576, 51.239070528186375 ], [ 7.211798000866411, 51.239699670441375 ], [ 7.2128002710402, 51.239714982381379 ], [ 7.212775884380667, 51.240344124902222 ] ] ], [ [ [ 7.237785172030726, 51.241982445606951 ], [ 7.238787505911477, 51.241997535509626 ], [ 7.238811539173222, 51.241368384310945 ], [ 7.237809218952929, 51.241353294745501 ], [ 7.237785172030726, 51.241982445606951 ] ] ], [ [ [ 7.235684201210853, 51.244468840046906 ], [ 7.234681815289576, 51.244453723054121 ], [ 7.233679430238031, 51.244438597481 ], [ 7.233655324323705, 51.245067746610751 ], [ 7.233631217539116, 51.245696895664331 ], [ 7.234633629916667, 51.245712021913569 ], [ 7.23563604316403, 51.245727139582087 ], [ 7.235660122622081, 51.245097989852567 ], [ 7.235684201210853, 51.244468840046906 ] ] ], [ [ [ 7.218230355316656, 51.254906122492542 ], [ 7.219232959586407, 51.254921382565314 ], [ 7.219257270814515, 51.254292239409104 ], [ 7.218254680214779, 51.254276979677407 ], [ 7.218230355316656, 51.254906122492542 ] ] ], [ [ [ 7.220211266298601, 51.255565777475596 ], [ 7.221213885994105, 51.255581020722431 ], [ 7.221238170758896, 51.254951876960916 ], [ 7.220235564733986, 51.254936634054772 ], [ 7.219232959586407, 51.254921382565314 ], [ 7.219208647480474, 51.255550525645226 ], [ 7.220211266298601, 51.255565777475596 ] ] ], [ [ [ 7.232097935795152, 51.259523013300303 ], [ 7.2310952244444, 51.259507862441566 ], [ 7.230092513965849, 51.259492702997967 ], [ 7.230068346130264, 51.260121849283841 ], [ 7.230044177421941, 51.260750995493531 ], [ 7.23002000784084, 51.261380141627022 ], [ 7.22999583738692, 51.262009287684307 ], [ 7.230998602566265, 51.262024448483366 ], [ 7.231022759344247, 51.261395302087202 ], [ 7.23202551171998, 51.261410453961929 ], [ 7.232049653950149, 51.260781307150893 ], [ 7.233052393522187, 51.260796450101694 ], [ 7.23307652120553, 51.260167302876006 ], [ 7.23407924797379, 51.260182436903236 ], [ 7.234103361111291, 51.259553289263124 ], [ 7.23412747337807, 51.258924141546842 ], [ 7.234151584774165, 51.258294993754411 ], [ 7.234175695299621, 51.257665845885825 ], [ 7.233173023226734, 51.257650713211639 ], [ 7.23217035202494, 51.257635571953138 ], [ 7.232146214153317, 51.258264719145039 ], [ 7.23212207541007, 51.258893866260756 ], [ 7.232097935795152, 51.259523013300303 ] ] ], [ [ [ 7.215908490286223, 51.26305441737324 ], [ 7.215932853958484, 51.262425276233003 ], [ 7.215957216750938, 51.261796135016439 ], [ 7.214954464716297, 51.261780845435069 ], [ 7.213951713561912, 51.261765547268361 ], [ 7.212948963288283, 51.261750240516299 ], [ 7.211946213895896, 51.261734925178956 ], [ 7.210943465385247, 51.261719601256296 ], [ 7.210919034214182, 51.262348740762128 ], [ 7.210894602160844, 51.262977880191592 ], [ 7.211897378023263, 51.262993204799308 ], [ 7.212900154767502, 51.263008520821352 ], [ 7.213902932393071, 51.263023828257694 ], [ 7.213878540487419, 51.263652968637864 ], [ 7.214881332670575, 51.263668267830475 ], [ 7.214905710899476, 51.263039127108321 ], [ 7.215908490286223, 51.26305441737324 ] ] ], [ [ [ 7.226973212211132, 51.28840297742785 ], [ 7.226997446754235, 51.287773835249759 ], [ 7.225994123061718, 51.287758634768402 ], [ 7.225969874822068, 51.288387776606662 ], [ 7.224966538309094, 51.288372567191871 ], [ 7.224942275496357, 51.289001708613874 ], [ 7.225945625706329, 51.289016918368709 ], [ 7.226948976792435, 51.289032119529743 ], [ 7.227952328754177, 51.289047312096955 ], [ 7.227976550475793, 51.288418169655408 ], [ 7.226973212211132, 51.28840297742785 ] ] ], [ [ [ 7.220831604239961, 51.291457343133771 ], [ 7.220855925354937, 51.290828203378929 ], [ 7.221859313148901, 51.290843448531305 ], [ 7.221883619686835, 51.290214308359374 ], [ 7.220880245591186, 51.290199063547831 ], [ 7.219876872374222, 51.290183810142196 ], [ 7.218873500036437, 51.290168548142475 ], [ 7.218897846789516, 51.289539408917321 ], [ 7.217894489029102, 51.289524138664937 ], [ 7.216891132148815, 51.289508859818703 ], [ 7.215887776149148, 51.289493572378618 ], [ 7.215863388303113, 51.290122710578984 ], [ 7.21583899957592, 51.290751848703032 ], [ 7.216842382971302, 51.290767136826688 ], [ 7.21681800706151, 51.291396275216229 ], [ 7.217821405036239, 51.291411555087279 ], [ 7.218824803891219, 51.291426826363896 ], [ 7.219828203625957, 51.291442089046072 ], [ 7.220831604239961, 51.291457343133771 ] ] ], [ [ [ 7.226827786563543, 51.292177828896016 ], [ 7.226803545890394, 51.292806970540632 ], [ 7.226779304341356, 51.293436112109042 ], [ 7.227782752196513, 51.293451307054127 ], [ 7.228786200927103, 51.293466493404019 ], [ 7.228810415075015, 51.292837351156351 ], [ 7.228834628348028, 51.292208208832506 ], [ 7.227831207018109, 51.292193023161659 ], [ 7.226827786563543, 51.292177828896016 ] ] ], [ [ [ 7.232437509637605, 51.302964297770366 ], [ 7.233441168309165, 51.302979446223745 ], [ 7.233465327044935, 51.302350303423545 ], [ 7.234468972881336, 51.30236544294025 ], [ 7.234493117036299, 51.301736299725384 ], [ 7.234517260318748, 51.301107156434384 ], [ 7.234541402728722, 51.300478013067249 ], [ 7.233537798014106, 51.300462874566058 ], [ 7.233513641897364, 51.301092017594698 ], [ 7.232510024348949, 51.301076870157416 ], [ 7.232534194172416, 51.300447727467457 ], [ 7.231530591204146, 51.300432571771474 ], [ 7.230526989109791, 51.300417407478129 ], [ 7.230502791872998, 51.301046549490152 ], [ 7.230478593761753, 51.301675691425999 ], [ 7.229474965128113, 51.301660517856774 ], [ 7.229450752434786, 51.30228965937718 ], [ 7.229426538866428, 51.302918800821388 ], [ 7.230430194915743, 51.302933975069166 ], [ 7.231433851839633, 51.302949140718837 ], [ 7.232437509637605, 51.302964297770366 ] ] ], [ [ [ 7.236476267171313, 51.302395696179623 ], [ 7.23650038391064, 51.301766552288328 ], [ 7.23652449977844, 51.301137408320912 ], [ 7.235520879612604, 51.301122286676467 ], [ 7.235496750037459, 51.301751430305764 ], [ 7.235472619590293, 51.30238057385894 ], [ 7.236476267171313, 51.302395696179623 ] ] ], [ [ [ 7.239414983074449, 51.304328445810434 ], [ 7.238411291753356, 51.30431334827118 ], [ 7.238387198947272, 51.304942492533748 ], [ 7.238363105270447, 51.305571636720195 ], [ 7.239366824011921, 51.305586734934614 ], [ 7.239342743175243, 51.306215879382563 ], [ 7.240346476497982, 51.306230969335367 ], [ 7.240370543623687, 51.305601824549996 ], [ 7.240394609879597, 51.304972679688547 ], [ 7.240418675265753, 51.304343534751013 ], [ 7.239414983074449, 51.304328445810434 ] ] ], [ [ [ 7.231312907966835, 51.306094850189268 ], [ 7.230309182494895, 51.306079682843993 ], [ 7.229305457897738, 51.306064506899652 ], [ 7.229281239078328, 51.306693647886739 ], [ 7.230284977386537, 51.306708824170428 ], [ 7.231288716569572, 51.306723991854838 ], [ 7.231312907966835, 51.306094850189268 ] ] ], [ [ [ 7.234227483334251, 51.308656870901117 ], [ 7.235231267148396, 51.308672005203483 ], [ 7.23623505183502, 51.308687130905909 ], [ 7.236210925506174, 51.309316273959865 ], [ 7.237214724778102, 51.309331391400377 ], [ 7.237238837393623, 51.308702248008395 ], [ 7.237262949137659, 51.308073104540291 ], [ 7.236259177291882, 51.30805798777584 ], [ 7.236283301876806, 51.307428844569628 ], [ 7.235279544615262, 51.307413719543618 ], [ 7.235303682040083, 51.306784576599476 ], [ 7.235327818592553, 51.306155433579235 ], [ 7.23432408962642, 51.306140300630446 ], [ 7.234299939362691, 51.306769443312312 ], [ 7.233296197558144, 51.306754301425805 ], [ 7.233272032709853, 51.30738344369297 ], [ 7.234275788226114, 51.307398585918058 ], [ 7.234251636216648, 51.308027728447662 ], [ 7.234227483334251, 51.308656870901117 ] ] ], [ [ [ 7.229232798813502, 51.307951929632381 ], [ 7.229257019383596, 51.307322788797649 ], [ 7.229281239078328, 51.306693647886739 ], [ 7.22827750164544, 51.306678463003806 ], [ 7.228253268239203, 51.307307603575168 ], [ 7.228229033957106, 51.307936744070346 ], [ 7.229232798813502, 51.307951929632381 ] ] ], [ [ [ 7.257970489339812, 51.212068053610871 ], [ 7.257946742287696, 51.212697214416842 ], [ 7.257922994378762, 51.21332637514687 ], [ 7.258924716751979, 51.213341286697421 ], [ 7.259926439981558, 51.21335618967683 ], [ 7.259950160613232, 51.212727028280625 ], [ 7.259973880389073, 51.21209786680847 ], [ 7.258972184436301, 51.212082964495039 ], [ 7.257970489339812, 51.212068053610871 ] ] ], [ [ [ 7.261835107041535, 51.215902617409562 ], [ 7.261811409412429, 51.216531779091625 ], [ 7.260809616270565, 51.216516891591347 ], [ 7.260785904144686, 51.217146052864827 ], [ 7.261787710928229, 51.217160940697774 ], [ 7.261764011588896, 51.217790102228008 ], [ 7.261740311394388, 51.218419263682343 ], [ 7.260738477326009, 51.218404375184036 ], [ 7.259736644113337, 51.218389478113025 ], [ 7.258734811756862, 51.218374572469315 ], [ 7.258711069777799, 51.219003732849082 ], [ 7.258687326942002, 51.219632893152877 ], [ 7.25768546815566, 51.219617978269966 ], [ 7.257661710819076, 51.220247138164545 ], [ 7.258663583249437, 51.22026205338075 ], [ 7.258639838700057, 51.220891213532695 ], [ 7.259641725631775, 51.220906120508765 ], [ 7.259665456536606, 51.220276960023725 ], [ 7.260667330680096, 51.220291858093418 ], [ 7.261669205679415, 51.220306747589838 ], [ 7.262671081534071, 51.220321628512949 ], [ 7.262647391563131, 51.220950789996166 ], [ 7.263649281917342, 51.220965662678303 ], [ 7.264651173125948, 51.220980526786924 ], [ 7.264674835807424, 51.220351364639221 ], [ 7.26469849763504, 51.219722202415653 ], [ 7.263696633715447, 51.219707338971325 ], [ 7.263720308333009, 51.219078177003993 ], [ 7.263743982096298, 51.218449014960761 ], [ 7.263767655005359, 51.217819852841636 ], [ 7.263791327060225, 51.217190690646618 ], [ 7.264793136407695, 51.217205552762486 ], [ 7.264816793966611, 51.216576390159467 ], [ 7.264840450671906, 51.215947227480584 ], [ 7.264864106523625, 51.215318064725807 ], [ 7.264887761521807, 51.214688901895144 ], [ 7.264911415666494, 51.214059738988574 ], [ 7.264935068957723, 51.213430576006132 ], [ 7.263933341453693, 51.213415715882697 ], [ 7.26293161480357, 51.213400847188034 ], [ 7.262907934233692, 51.214030009506189 ], [ 7.262884252809375, 51.214659171748437 ], [ 7.262860570530578, 51.215288333914785 ], [ 7.26185880381559, 51.215273455651584 ], [ 7.261882499734633, 51.214644293817692 ], [ 7.261906194798704, 51.214015131907871 ], [ 7.261929889007845, 51.21338596992215 ], [ 7.260928164067012, 51.213371084085075 ], [ 7.259926439981558, 51.21335618967683 ], [ 7.259902718494012, 51.213985350997113 ], [ 7.259878996150553, 51.214614512241475 ], [ 7.259855272951139, 51.215243673409894 ], [ 7.259831548895731, 51.215872834502385 ], [ 7.26083332754086, 51.215887730241946 ], [ 7.261835107041535, 51.215902617409562 ] ] ], [ [ [ 7.260572456503757, 51.222808500909679 ], [ 7.261574386084547, 51.222823391737045 ], [ 7.262576316520835, 51.222838273990334 ], [ 7.262600009056554, 51.222209112734845 ], [ 7.261598092266411, 51.222194230814111 ], [ 7.261621797592816, 51.221565069815277 ], [ 7.261645502063804, 51.220935908740515 ], [ 7.260643613419855, 51.220921018911369 ], [ 7.259641725631775, 51.220906120508765 ], [ 7.259617993870584, 51.22153528091787 ], [ 7.259594261252993, 51.222164441251046 ], [ 7.25957052777896, 51.222793601508279 ], [ 7.260572456503757, 51.222808500909679 ] ] ], [ [ [ 7.260477568631561, 51.225325142511181 ], [ 7.26147955280169, 51.225340034669628 ], [ 7.261455842341921, 51.225969195212976 ], [ 7.262457841016316, 51.225984079129191 ], [ 7.262481537827479, 51.225354918253238 ], [ 7.263483523708438, 51.225369793261997 ], [ 7.26345984054592, 51.225998954470377 ], [ 7.263436156528685, 51.22662811560285 ], [ 7.26341247165669, 51.227257276659437 ], [ 7.263388785929895, 51.227886437640109 ], [ 7.264390827263228, 51.227901305402945 ], [ 7.265392869450912, 51.227916164590134 ], [ 7.266394912492451, 51.227931015201662 ], [ 7.266418557268639, 51.227301853224809 ], [ 7.266442201191501, 51.226672691172098 ], [ 7.266465844261082, 51.226043529043508 ], [ 7.266489486477419, 51.225414366839054 ], [ 7.267491475774139, 51.22542920754826 ], [ 7.268493465923572, 51.225444039682543 ], [ 7.268517079990033, 51.224814876739117 ], [ 7.268540693204316, 51.224185713719862 ], [ 7.268564305566462, 51.223556550624757 ], [ 7.267562356360624, 51.223541719484793 ], [ 7.266560408007376, 51.223526879770468 ], [ 7.266584046811145, 51.222897717262519 ], [ 7.265582112957778, 51.222882869305664 ], [ 7.264580179957942, 51.222868012774669 ], [ 7.263578247812132, 51.222853147669547 ], [ 7.262576316520835, 51.222838273990334 ], [ 7.262552623130109, 51.223467435169923 ], [ 7.261550679047183, 51.223452552584064 ], [ 7.260548735819796, 51.223437661423944 ], [ 7.259546793448443, 51.223422761689584 ], [ 7.259523058261403, 51.22405192179496 ], [ 7.259499322217797, 51.224681081824407 ], [ 7.259475585317587, 51.225310241777919 ], [ 7.260477568631561, 51.225325142511181 ] ], [ [ 7.263554568068082, 51.223482309181506 ], [ 7.263530887469478, 51.224111470617565 ], [ 7.263507206016277, 51.224740631977731 ], [ 7.262505233783471, 51.224725757301364 ], [ 7.262528928884334, 51.224096596273597 ], [ 7.262552623130109, 51.223467435169923 ], [ 7.263554568068082, 51.223482309181506 ] ] ], [ [ [ 7.254203768360007, 51.232156345618861 ], [ 7.253201640035161, 51.232141389761111 ], [ 7.25317781092976, 51.2327705468009 ], [ 7.253153980964271, 51.233399703764704 ], [ 7.252151826191678, 51.2333847386613 ], [ 7.252127981711428, 51.23401389521468 ], [ 7.253130150138654, 51.234028860652508 ], [ 7.253106318452871, 51.234658017464341 ], [ 7.254108501395433, 51.234672974659077 ], [ 7.254084682505097, 51.235302131729185 ], [ 7.254060862755003, 51.235931288723322 ], [ 7.255063073869175, 51.235946238008637 ], [ 7.255039266915968, 51.236575395260886 ], [ 7.255015459103412, 51.23720455243717 ], [ 7.256017698390836, 51.237219493812312 ], [ 7.255993903376601, 51.237848651246559 ], [ 7.255970107503429, 51.238477808604827 ], [ 7.255946310771278, 51.239106965887146 ], [ 7.256948591892328, 51.239121899685145 ], [ 7.256924807960386, 51.239751057225263 ], [ 7.257927103599233, 51.239765982777847 ], [ 7.258929400096153, 51.239780899751253 ], [ 7.259931697450655, 51.239795808145466 ], [ 7.260933995662248, 51.239810707960451 ], [ 7.26095772495687, 51.239181549087228 ], [ 7.26196001036563, 51.239196439990174 ], [ 7.262962296630453, 51.239211322314084 ], [ 7.262985997750597, 51.238582162699544 ], [ 7.263988271211973, 51.238597036111962 ], [ 7.264011957818058, 51.237967876089122 ], [ 7.263009698015211, 51.237953003009103 ], [ 7.263033397424334, 51.23732384324277 ], [ 7.263057095978007, 51.236694683400529 ], [ 7.262054864346148, 51.236679802406989 ], [ 7.262078575701422, 51.236050642821425 ], [ 7.262102286200833, 51.235421483159946 ], [ 7.261100082738326, 51.235406594253604 ], [ 7.261123806037902, 51.234777434848972 ], [ 7.261147528481207, 51.234148275368419 ], [ 7.261171250068281, 51.233519115811951 ], [ 7.261194970799163, 51.232889956179569 ], [ 7.261218690673896, 51.23226079647128 ], [ 7.261242409692519, 51.231631636687055 ], [ 7.261266127855074, 51.231002476826923 ], [ 7.260264020830157, 51.230987581673013 ], [ 7.259261914661763, 51.23097267794256 ], [ 7.259285659273249, 51.230343518672434 ], [ 7.259309403027763, 51.229714359326394 ], [ 7.259333145925348, 51.229085199904404 ], [ 7.258331081569743, 51.22907028859715 ], [ 7.257329018071522, 51.229055368713979 ], [ 7.257305247871108, 51.22968452746931 ], [ 7.257281476812783, 51.230313686148691 ], [ 7.256279386869235, 51.230298757022361 ], [ 7.256255601300617, 51.230927915292156 ], [ 7.255253498563222, 51.230912977255734 ], [ 7.255229698483327, 51.231542135115745 ], [ 7.254227582952165, 51.23152718816884 ], [ 7.254203768360007, 51.232156345618861 ] ], [ [ 7.259048174587957, 51.236635107956644 ], [ 7.259024421404516, 51.237264266467434 ], [ 7.259000667363656, 51.237893424902289 ], [ 7.258976912465336, 51.238522583261201 ], [ 7.257974643286542, 51.238507666954547 ], [ 7.257998411843188, 51.237878508928986 ], [ 7.25802217954188, 51.237249350827476 ], [ 7.25804594638266, 51.23662019265003 ], [ 7.258069712365569, 51.235991034396633 ], [ 7.259071926914017, 51.236005949369925 ], [ 7.259048174587957, 51.236635107956644 ] ] ], [ [ [ 7.259076379967373, 51.262445465027994 ], [ 7.25807359054814, 51.262430544633119 ], [ 7.258049802177049, 51.263059700030595 ], [ 7.258026012946864, 51.263688855352129 ], [ 7.25902882972176, 51.263703776414069 ], [ 7.260031647355296, 51.263718688889483 ], [ 7.260055409229284, 51.263089532901077 ], [ 7.260079170245165, 51.262460376836749 ], [ 7.259076379967373, 51.262445465027994 ] ] ], [ [ [ 7.275116985367911, 51.209174539650064 ], [ 7.276118626767719, 51.209189303179507 ], [ 7.276142123240535, 51.208560135950862 ], [ 7.275140495476588, 51.208545372751288 ], [ 7.275116985367911, 51.209174539650064 ] ] ], [ [ [ 7.273715311274333, 51.21985558762043 ], [ 7.274717183710012, 51.21987036533239 ], [ 7.275719056994597, 51.219885134471035 ], [ 7.276720931127592, 51.219899895036328 ], [ 7.276744428373008, 51.219270728766233 ], [ 7.276767924770541, 51.218641562420373 ], [ 7.276791420320235, 51.21801239599872 ], [ 7.277793254369746, 51.218027147001749 ], [ 7.27781673542882, 51.217397980174702 ], [ 7.276814915022128, 51.217383229501287 ], [ 7.276838408876261, 51.216754062928082 ], [ 7.275836602959617, 51.216739304011867 ], [ 7.274834797891184, 51.216724536523252 ], [ 7.273832993671453, 51.216709760462265 ], [ 7.273809458890579, 51.217338926045514 ], [ 7.27378592326047, 51.217968091552954 ], [ 7.273762386781087, 51.218597256984587 ], [ 7.273738849452388, 51.219226422340405 ], [ 7.273715311274333, 51.21985558762043 ] ] ], [ [ [ 7.280728436133873, 51.219958851563703 ], [ 7.280704992619922, 51.220588019075471 ], [ 7.281706884632554, 51.220602737102666 ], [ 7.281683453918046, 51.221231904867594 ], [ 7.281660022357996, 51.22186107255677 ], [ 7.281636589952362, 51.222490240170224 ], [ 7.281613156701107, 51.223119407707941 ], [ 7.281589722604187, 51.223748575169921 ], [ 7.281566287661565, 51.224377742556172 ], [ 7.281542851873197, 51.225006909866693 ], [ 7.282544840260008, 51.225021621621337 ], [ 7.283546829492112, 51.22503632480101 ], [ 7.28357023798358, 51.224407156833173 ], [ 7.283593645630287, 51.223777988789621 ], [ 7.283617052432275, 51.223148820670346 ], [ 7.283640458389583, 51.22251965247537 ], [ 7.283663863502252, 51.221890484204664 ], [ 7.283687267770322, 51.221261315858243 ], [ 7.284689175963545, 51.221276008492779 ], [ 7.284712565741496, 51.220646839742329 ], [ 7.284735954675419, 51.220017670916171 ], [ 7.284759342765356, 51.219388502014304 ], [ 7.284782730011345, 51.218759333036722 ], [ 7.284806116413426, 51.218130163983439 ], [ 7.283804276443081, 51.218115472990398 ], [ 7.282802437317095, 51.218100773424467 ], [ 7.282779023627868, 51.218729941821003 ], [ 7.28177717170322, 51.218715233353493 ], [ 7.280775320623952, 51.21870051631295 ], [ 7.280751878801869, 51.219329683976198 ], [ 7.280728436133873, 51.219958851563703 ] ] ], [ [ [ 7.279421549509571, 51.228123292758269 ], [ 7.279398081343258, 51.22875245895618 ], [ 7.279374612329933, 51.229381625078354 ], [ 7.279351142469559, 51.230010791124762 ], [ 7.279327671762096, 51.230639957095399 ], [ 7.280329781314127, 51.230654688962659 ], [ 7.280353238368813, 51.230025522662793 ], [ 7.280376694576901, 51.229396356287182 ], [ 7.280400149938433, 51.228767189835814 ], [ 7.280423604453447, 51.228138023308702 ], [ 7.279421549509571, 51.228123292758269 ] ] ], [ [ [ 7.281120863014586, 51.23633190850525 ], [ 7.282123097157264, 51.236346626179049 ], [ 7.283125332145955, 51.23636133527441 ], [ 7.284127567980172, 51.236376035791302 ], [ 7.284150978026819, 51.235746868857845 ], [ 7.284174387228476, 51.235117701848672 ], [ 7.284197795585182, 51.234488534763798 ], [ 7.28319560072159, 51.234473835232478 ], [ 7.283219021889277, 51.233844668400408 ], [ 7.283242442211601, 51.233215501492616 ], [ 7.282240275504622, 51.233200794040791 ], [ 7.281238109643458, 51.233186078011478 ], [ 7.281261556430151, 51.232556911685521 ], [ 7.280259405070079, 51.232542187407809 ], [ 7.2802359446286, 51.233171353404707 ], [ 7.280212483340322, 51.233800519325847 ], [ 7.280189021205206, 51.234429685171257 ], [ 7.279186829726179, 51.234414951328496 ], [ 7.27916335308796, 51.235044116768876 ], [ 7.27913987560233, 51.235673282133504 ], [ 7.280142094394293, 51.235688016634832 ], [ 7.280118629718417, 51.236317182253018 ], [ 7.281120863014586, 51.23633190850525 ] ] ], [ [ [ 7.277926199214745, 51.241321020960953 ], [ 7.277902699591182, 51.241950185238473 ], [ 7.277879199119273, 51.242579349440227 ], [ 7.277855697798974, 51.243208513566216 ], [ 7.277832195630249, 51.243837677616447 ], [ 7.276829800952637, 51.243822921672148 ], [ 7.276806284271915, 51.244452085316823 ], [ 7.27678276674219, 51.245081248885711 ], [ 7.276759248363424, 51.245710412378841 ], [ 7.276735729135575, 51.246339575796192 ], [ 7.275733280650022, 51.246324809951211 ], [ 7.275709746907593, 51.246953972962785 ], [ 7.275686212315508, 51.247583135898559 ], [ 7.275662676873727, 51.248212298758553 ], [ 7.276665166357134, 51.248227065593625 ], [ 7.276688688132471, 51.247597902403591 ], [ 7.277691164798638, 51.247612660326823 ], [ 7.278693642313515, 51.247627409668233 ], [ 7.27969612067661, 51.247642150427808 ], [ 7.27971960060465, 51.24701298617304 ], [ 7.279743079685005, 51.246383821842521 ], [ 7.279766557917716, 51.245754657436265 ], [ 7.280768996131678, 51.245769388626194 ], [ 7.280792459852149, 51.24514022381495 ], [ 7.279790035302821, 51.245125492954273 ], [ 7.279813511840363, 51.244496328396515 ], [ 7.280815922725551, 51.244511058927969 ], [ 7.280839384751919, 51.243881893965252 ], [ 7.28184178282045, 51.243896615586756 ], [ 7.282844181735476, 51.243911328627526 ], [ 7.283846581496509, 51.243926033087526 ], [ 7.283870001686179, 51.243296867062568 ], [ 7.283893421030375, 51.24266770096191 ], [ 7.284895794310779, 51.242682396184243 ], [ 7.28491919914721, 51.242053229679449 ], [ 7.285921559610184, 51.24206791599314 ], [ 7.286923920917563, 51.242082593726593 ], [ 7.287926283068858, 51.24209726287981 ], [ 7.287902919219663, 51.242726430368748 ], [ 7.288905295876872, 51.242741091269345 ], [ 7.2888819448472, 51.243370259010291 ], [ 7.288858592974518, 51.243999426675579 ], [ 7.28986099780124, 51.244014079650682 ], [ 7.289837658749518, 51.244643247567815 ], [ 7.288835240258786, 51.244628594265215 ], [ 7.287832822611144, 51.244613932381561 ], [ 7.287809455387858, 51.245243099567816 ], [ 7.288811886699964, 51.245257761779158 ], [ 7.28878853229801, 51.245886929217455 ], [ 7.288765177052889, 51.246516096580081 ], [ 7.28776271841038, 51.246501433713291 ], [ 7.287739348656105, 51.247130600672541 ], [ 7.288741820964556, 51.247145263867047 ], [ 7.288718464032971, 51.247774431078341 ], [ 7.289720950851146, 51.247789086018585 ], [ 7.289697606743237, 51.248418253481766 ], [ 7.289674261792493, 51.249047420869296 ], [ 7.290676776787969, 51.249062067882235 ], [ 7.291679292625834, 51.249076706312756 ], [ 7.29170261024154, 51.248447538270668 ], [ 7.292705113253715, 51.248462167791757 ], [ 7.292681809305589, 51.249091336160809 ], [ 7.293684326826744, 51.249105957426423 ], [ 7.294686845188805, 51.249120570109561 ], [ 7.294710121801653, 51.248491401087101 ], [ 7.294733397574126, 51.247862231989025 ], [ 7.294756672506268, 51.247233062815326 ], [ 7.293754195145707, 51.247218451111976 ], [ 7.293777482903734, 51.246589282189248 ], [ 7.292775020050102, 51.246574662230763 ], [ 7.292798320633031, 51.245945493559176 ], [ 7.291795872286245, 51.245930865345962 ], [ 7.291819185693091, 51.245301696925694 ], [ 7.290816751853072, 51.245287060458111 ], [ 7.290840078082849, 51.244657892289339 ], [ 7.29086340347052, 51.244028724044902 ], [ 7.290886728016126, 51.243399555724828 ], [ 7.291889120863873, 51.243414191211038 ], [ 7.29191243090435, 51.242785022488214 ], [ 7.291935740103335, 51.242155853689752 ], [ 7.290933374581306, 51.242141218857732 ], [ 7.289931009901221, 51.242126575445383 ], [ 7.289954345582955, 51.241497407225651 ], [ 7.288951995407348, 51.241482755560462 ], [ 7.28794964607463, 51.241468095315177 ], [ 7.287973008237021, 51.240838927674879 ], [ 7.287996369556069, 51.240209759958908 ], [ 7.288019730031815, 51.239580592167272 ], [ 7.2880430896643, 51.238951424299955 ], [ 7.287040795817879, 51.238936756785911 ], [ 7.286038502815173, 51.238922080692568 ], [ 7.285036210656674, 51.238907396019933 ], [ 7.28501281004434, 51.239536562903233 ], [ 7.284010505070669, 51.239521869322964 ], [ 7.284033919342872, 51.238892702768048 ], [ 7.284057332769883, 51.238263536137431 ], [ 7.284080745351744, 51.237634369431099 ], [ 7.283078482201316, 51.237619668257096 ], [ 7.282076219896493, 51.237604958504257 ], [ 7.281073958437764, 51.237590240172608 ], [ 7.280071697825623, 51.237575513262122 ], [ 7.280048230608627, 51.238204678653069 ], [ 7.280024762544509, 51.238833843968258 ], [ 7.28000129363323, 51.239463009207704 ], [ 7.278998992890643, 51.239448272730435 ], [ 7.278975509472002, 51.2400774375648 ], [ 7.278952025205626, 51.240706602323385 ], [ 7.277949697990001, 51.240691856607661 ], [ 7.277926199214745, 51.241321020960953 ] ], [ [ 7.285991728066078, 51.240180415039866 ], [ 7.286994048389176, 51.240195091789225 ], [ 7.286970673409153, 51.240824259177366 ], [ 7.28596833942512, 51.240809582099978 ], [ 7.285991728066078, 51.240180415039866 ] ] ], [ [ [ 7.26091026551103, 51.240439866757768 ], [ 7.261912578239145, 51.240454758326344 ], [ 7.26193629473044, 51.239825599196223 ], [ 7.260933995662248, 51.239810707960451 ], [ 7.26091026551103, 51.240439866757768 ] ] ], [ [ [ 7.274283286850438, 51.258264113510116 ], [ 7.274259723282856, 51.258893274751436 ], [ 7.275262444320785, 51.258908055783891 ], [ 7.276265166209138, 51.258922828231128 ], [ 7.276288702427114, 51.258293666329216 ], [ 7.275285994213585, 51.258278894212189 ], [ 7.275309543256, 51.257649732564694 ], [ 7.274306849567143, 51.257634952193008 ], [ 7.274283286850438, 51.258264113510116 ] ] ], [ [ [ 7.26184737819409, 51.268781738584472 ], [ 7.262850307844277, 51.268796627962722 ], [ 7.262874035538142, 51.268167471582565 ], [ 7.263876952363092, 51.268182352040071 ], [ 7.26390066551827, 51.267553195251402 ], [ 7.26392437781703, 51.266924038386847 ], [ 7.262921488355057, 51.266909158594586 ], [ 7.261918599749954, 51.266894270214827 ], [ 7.260915712002215, 51.266879373247541 ], [ 7.259912825112336, 51.266864467692784 ], [ 7.259889058088852, 51.267493623225683 ], [ 7.260891958659853, 51.267508529113655 ], [ 7.260868204459592, 51.268137684903849 ], [ 7.26084444940139, 51.268766840618142 ], [ 7.26184737819409, 51.268781738584472 ] ] ], [ [ [ 7.287019992993261, 51.212496989461144 ], [ 7.288021712722444, 51.21251165178635 ], [ 7.28804504977139, 51.21188248099255 ], [ 7.287043343681002, 51.211867818994982 ], [ 7.287019992993261, 51.212496989461144 ] ] ], [ [ [ 7.288720152367508, 51.22070552323013 ], [ 7.289722051130393, 51.220720172667725 ], [ 7.290723950734846, 51.22073481353155 ], [ 7.290747257797525, 51.22010564273954 ], [ 7.291749144597707, 51.220120274702595 ], [ 7.291725851180375, 51.220749445821582 ], [ 7.29272775246649, 51.220764069537793 ], [ 7.292704471854451, 51.221393240907929 ], [ 7.293706387626578, 51.221407856376906 ], [ 7.293729654592698, 51.220778684680184 ], [ 7.294731557558507, 51.220793291248739 ], [ 7.294754810039559, 51.220164119149992 ], [ 7.29477806168154, 51.219534946975628 ], [ 7.294801312484491, 51.218905774725634 ], [ 7.293799450453607, 51.218891169136256 ], [ 7.292797589262205, 51.218876554973605 ], [ 7.291795728910777, 51.218861932237694 ], [ 7.291819019806593, 51.218232760891766 ], [ 7.290817173939502, 51.21821812990958 ], [ 7.289815328913329, 51.218203490354362 ], [ 7.289792010729808, 51.218832661046207 ], [ 7.289768691704838, 51.219461831662379 ], [ 7.288766820231998, 51.219447182879463 ], [ 7.288743486720763, 51.22007635309263 ], [ 7.288720152367508, 51.22070552323013 ] ] ], [ [ [ 7.287531440123586, 51.225724220973852 ], [ 7.287508084540693, 51.226353390102666 ], [ 7.288510105290693, 51.22636805106233 ], [ 7.289512126883116, 51.226382703446518 ], [ 7.290514149317465, 51.226397347255201 ], [ 7.291516172593253, 51.226411982488365 ], [ 7.29153947357729, 51.225782812050205 ], [ 7.291562773720424, 51.22515364153638 ], [ 7.291586073022691, 51.224524470946925 ], [ 7.291609371484134, 51.223895300281811 ], [ 7.291632669104794, 51.223266129541045 ], [ 7.292634624977374, 51.223280754564485 ], [ 7.292657908109932, 51.222651583421268 ], [ 7.291655965884706, 51.22263695872465 ], [ 7.291679261823914, 51.222007787832609 ], [ 7.290677334086214, 51.221993154888615 ], [ 7.290654024500183, 51.222622325453663 ], [ 7.290630714072956, 51.223251495943053 ], [ 7.290607402804492, 51.223880666356798 ], [ 7.29058409069475, 51.224509836694878 ], [ 7.290560777743693, 51.225139006957313 ], [ 7.289558782608318, 51.225124363803104 ], [ 7.288556788314793, 51.225109712073774 ], [ 7.287554794863607, 51.225095051769351 ], [ 7.287531440123586, 51.225724220973852 ] ] ], [ [ [ 7.301420616560218, 51.229703730520505 ], [ 7.302422717317781, 51.229718273046757 ], [ 7.302445872329736, 51.229089099401399 ], [ 7.302469026505998, 51.22845992568049 ], [ 7.302492179846609, 51.227830751884028 ], [ 7.302515332351606, 51.227201578012028 ], [ 7.302538484021031, 51.226572404064463 ], [ 7.30153645152191, 51.226557863163066 ], [ 7.300534419858813, 51.226543313685973 ], [ 7.299532389032235, 51.226528755633197 ], [ 7.299509196410815, 51.227157928605315 ], [ 7.299486002952349, 51.227787101501853 ], [ 7.300488061080669, 51.227801660205316 ], [ 7.300464880436723, 51.228430833351645 ], [ 7.300441698956138, 51.229060006422401 ], [ 7.30041851663888, 51.229689179417598 ], [ 7.301420616560218, 51.229703730520505 ] ] ], [ [ [ 7.291259806257687, 51.233332852315662 ], [ 7.291236495179674, 51.233962021846075 ], [ 7.292238683132553, 51.233976652426726 ], [ 7.293240871926364, 51.233991274429535 ], [ 7.294243061560615, 51.23400588785448 ], [ 7.29426633167135, 51.233376717343745 ], [ 7.29428960094218, 51.232747546757373 ], [ 7.293287438619035, 51.232732933985581 ], [ 7.292285277136249, 51.232718312636315 ], [ 7.2923085728768, 51.232089142627643 ], [ 7.291306425889601, 51.232074513027861 ], [ 7.291329734443581, 51.231445343270501 ], [ 7.291353042156296, 51.230816173437503 ], [ 7.290350923318314, 51.230801535914722 ], [ 7.290374243843024, 51.230172366333193 ], [ 7.289372139499939, 51.230157720560854 ], [ 7.288370035999021, 51.23014306621188 ], [ 7.288346688167994, 51.230772235138609 ], [ 7.288323339494269, 51.231401403989672 ], [ 7.288299989977802, 51.232030572765062 ], [ 7.288276639618554, 51.232659741464794 ], [ 7.289278797734977, 51.232674397123802 ], [ 7.290280956693729, 51.232689044205415 ], [ 7.291283116494316, 51.232703682709591 ], [ 7.291259806257687, 51.233332852315662 ] ] ], [ [ [ 7.287181017856128, 51.235161749959566 ], [ 7.287204385243445, 51.234532581890292 ], [ 7.287227751787329, 51.233903413745331 ], [ 7.287251117487818, 51.233274245524697 ], [ 7.287274482344953, 51.232645077228376 ], [ 7.286272325914664, 51.232630404414586 ], [ 7.285270170328181, 51.232615723023429 ], [ 7.285246778161032, 51.23324489066372 ], [ 7.285223385149546, 51.233874058228317 ], [ 7.285199991293682, 51.234503225717226 ], [ 7.2862021878466, 51.23451790809272 ], [ 7.286178806802781, 51.235147075834057 ], [ 7.287181017856128, 51.235161749959566 ] ] ], [ [ [ 7.300980253004488, 51.241658009251637 ], [ 7.301982613256354, 51.241672557954374 ], [ 7.302005784154002, 51.241043385744433 ], [ 7.301003437564163, 51.241028837366862 ], [ 7.300980253004488, 51.241658009251637 ] ] ], [ [ [ 7.294663567735541, 51.249749739056419 ], [ 7.295666100606209, 51.249764343483477 ], [ 7.29568936439128, 51.24913517421021 ], [ 7.294686845188805, 51.249120570109561 ], [ 7.294663567735541, 51.249749739056419 ] ] ], [ [ [ 7.288648388178317, 51.249661932258235 ], [ 7.28965091599887, 51.24967658818116 ], [ 7.289674261792493, 51.249047420869296 ], [ 7.288671747639892, 51.249032765273945 ], [ 7.288648388178317, 51.249661932258235 ] ] ], [ [ [ 7.304596362747486, 51.252412085157992 ], [ 7.304619506859372, 51.251782913257628 ], [ 7.303616925438189, 51.25176838510135 ], [ 7.30359376765578, 51.252397556676989 ], [ 7.303570609037195, 51.253026728177083 ], [ 7.304573217799917, 51.253041256982826 ], [ 7.304596362747486, 51.252412085157992 ] ] ] ] } },
{ "type": "Feature", "properties": { "spot": "hotspot" }, "geometry": { "type": "MultiPolygon", "coordinates": [ [ [ [ 7.070169303625875, 51.22108187535634 ], [ 7.070142988954279, 51.221710969019313 ], [ 7.071144787987002, 51.22172748970339 ], [ 7.071171089019165, 51.221098395671284 ], [ 7.070169303625875, 51.22108187535634 ] ] ], [ [ [ 7.051977953963439, 51.224557564814106 ], [ 7.052004518929327, 51.223928478217687 ], [ 7.052031082936678, 51.22329939154335 ], [ 7.052057645985538, 51.222670304791087 ], [ 7.052084208075949, 51.222041217960928 ], [ 7.052110769207961, 51.221412131052837 ], [ 7.051108988299985, 51.221395447519619 ], [ 7.050107208350857, 51.2213787554156 ], [ 7.049105429361068, 51.221362054740766 ], [ 7.049078827312002, 51.221991140529965 ], [ 7.049052224303063, 51.222620226241219 ], [ 7.049025620334202, 51.22324931187454 ], [ 7.048999015405377, 51.223878397429885 ], [ 7.050000848954004, 51.223895099597385 ], [ 7.051002683462151, 51.223911793193331 ], [ 7.050976104855234, 51.224540879416942 ], [ 7.051977953963439, 51.224557564814106 ] ] ], [ [ [ 7.053955116413811, 51.225219997156621 ], [ 7.05392857681487, 51.225849084342308 ], [ 7.054930456081155, 51.225865744768548 ], [ 7.055932336304639, 51.225882396622559 ], [ 7.056934217484833, 51.22589903990432 ], [ 7.056907717856254, 51.226528128128336 ], [ 7.05790961363544, 51.226544763209525 ], [ 7.057883126693866, 51.227173851727379 ], [ 7.057856638796475, 51.227802940167379 ], [ 7.058858562818548, 51.227819567419125 ], [ 7.058832087609591, 51.228448656152793 ], [ 7.059834026231377, 51.228465275202993 ], [ 7.059807563711836, 51.229094364230193 ], [ 7.060809516933423, 51.229110975078449 ], [ 7.061811471109489, 51.229127577353424 ], [ 7.061785034925761, 51.229756667044917 ], [ 7.062787003701274, 51.229773261117352 ], [ 7.062760580209468, 51.23040235110183 ], [ 7.063762563584516, 51.23041893697134 ], [ 7.06476454791266, 51.2304355142671 ], [ 7.064738150760292, 51.231064604914813 ], [ 7.065740149687616, 51.231081174007052 ], [ 7.06571376522967, 51.231710264947225 ], [ 7.065687379819521, 51.232339355809636 ], [ 7.066689406993726, 51.232355917068006 ], [ 7.067691435119685, 51.232372469752015 ], [ 7.068693464196908, 51.232389013861628 ], [ 7.068719808664097, 51.231759921889612 ], [ 7.069721825044348, 51.231776457055318 ], [ 7.069748154913561, 51.231147364636072 ], [ 7.070750158596748, 51.231163890858255 ], [ 7.071752163229635, 51.231180408506368 ], [ 7.071725860655062, 51.231809501663996 ], [ 7.070723842374834, 51.231792983646784 ], [ 7.070697525203176, 51.232422076357594 ], [ 7.070671207081729, 51.23305116899067 ], [ 7.071673252658116, 51.233067687746107 ], [ 7.072675299183846, 51.233084197926878 ], [ 7.072649007410245, 51.23371329122029 ], [ 7.072622714687751, 51.23434238443599 ], [ 7.072596421016316, 51.234971477574 ], [ 7.071594333542525, 51.234954966286395 ], [ 7.071568025271769, 51.235584058977729 ], [ 7.070565925097163, 51.235567538745727 ], [ 7.070539602226099, 51.236196630990172 ], [ 7.070513278404976, 51.236825723156905 ], [ 7.07048695363375, 51.23745481524589 ], [ 7.070460627912374, 51.23808390725717 ], [ 7.070434301240805, 51.238712999190717 ], [ 7.0694321337576, 51.238696468536432 ], [ 7.069405792482591, 51.23932556002282 ], [ 7.069379450256807, 51.239954651431496 ], [ 7.0693531070802, 51.240583742762439 ], [ 7.070355315524477, 51.240600274524979 ], [ 7.071357524919129, 51.240616797710594 ], [ 7.071383840787326, 51.239987705640985 ], [ 7.072386037477588, 51.240004219880582 ], [ 7.073388235117196, 51.240020725543417 ], [ 7.073414522727949, 51.239391632658212 ], [ 7.073440809389892, 51.23876253969533 ], [ 7.074442980671104, 51.23877903604405 ], [ 7.074469252731396, 51.238149942634834 ], [ 7.074495523843463, 51.23752084914792 ], [ 7.074521794007346, 51.236891755583336 ], [ 7.07552392527951, 51.236908242250315 ], [ 7.075550180843802, 51.236279148239625 ], [ 7.076552299412109, 51.236295625962512 ], [ 7.07657854037779, 51.235666531505942 ], [ 7.077580646242151, 51.235683000285093 ], [ 7.077554418927524, 51.236312095109682 ], [ 7.078556539389554, 51.236328555681119 ], [ 7.078582753053082, 51.235699460488703 ], [ 7.079584860810092, 51.23571591211676 ], [ 7.079558660797709, 51.236345007676817 ], [ 7.079532459839693, 51.236974103159241 ], [ 7.080534595845161, 51.236990546946615 ], [ 7.080508407593641, 51.237619642718862 ], [ 7.080482218396891, 51.238248738413482 ], [ 7.080456028254867, 51.238877834030475 ], [ 7.080429837167522, 51.239506929569842 ], [ 7.080403645134812, 51.240136025031575 ], [ 7.080377452156692, 51.240765120415695 ], [ 7.080351258233117, 51.241394215722181 ], [ 7.080325063364043, 51.242023310951041 ], [ 7.080298867549423, 51.242652406102273 ], [ 7.080272670789215, 51.243281501175872 ], [ 7.081274944284189, 51.243297940060444 ], [ 7.081248760235484, 51.243927035423802 ], [ 7.081222575241592, 51.244556130709533 ], [ 7.082224876996568, 51.244572561750552 ], [ 7.082198704715609, 51.245201657325865 ], [ 7.082172531489868, 51.245830752823558 ], [ 7.082146357319296, 51.246459848243667 ], [ 7.083148700995126, 51.246476271807431 ], [ 7.083122539539367, 51.247105367516959 ], [ 7.084124897819314, 51.247121782868675 ], [ 7.084098749079355, 51.247750878867464 ], [ 7.085101121963508, 51.24776728600672 ], [ 7.08610349579115, 51.247783684566649 ], [ 7.087105870561787, 51.247800074547229 ], [ 7.088108246274927, 51.247816455948438 ], [ 7.089110622930078, 51.247832828770264 ], [ 7.090113000526747, 51.247849193012691 ], [ 7.090139067304405, 51.247220094816775 ], [ 7.090165133141084, 51.246590996543333 ], [ 7.091167484358191, 51.246607351475298 ], [ 7.091141432181562, 51.247236450114244 ], [ 7.091115379064443, 51.247865548675684 ], [ 7.092117758542673, 51.247881895759242 ], [ 7.092143797999206, 51.247252796832477 ], [ 7.092169836515743, 51.246623697828227 ], [ 7.092195874092328, 51.245994598746449 ], [ 7.092221910729005, 51.245365499587173 ], [ 7.09121958589016, 51.24534915396486 ], [ 7.09124563524559, 51.24472005509336 ], [ 7.091271683660709, 51.244090956144333 ], [ 7.091297731135563, 51.243461857117786 ], [ 7.091323777670196, 51.242832758013726 ], [ 7.09232604787753, 51.242849102174958 ], [ 7.09235207981534, 51.242220002628137 ], [ 7.092378110813509, 51.241590903003804 ], [ 7.092404140872085, 51.240961803301957 ], [ 7.092430169991109, 51.240332703522618 ], [ 7.093432386514314, 51.24034903764575 ], [ 7.09345840103911, 51.239719937423878 ], [ 7.093484414624937, 51.239090837124515 ], [ 7.09351042727184, 51.238461736747645 ], [ 7.093536438979863, 51.237832636293277 ], [ 7.0925342770726, 51.23781630363014 ], [ 7.092560301494544, 51.237187203463257 ], [ 7.091558154179319, 51.237170862588897 ], [ 7.0915841913142, 51.236541762709649 ], [ 7.09161022750935, 51.235912662752916 ], [ 7.091636262764816, 51.235283562718642 ], [ 7.090634157344411, 51.235267214364107 ], [ 7.090660205310935, 51.234638114617631 ], [ 7.089658114481317, 51.234621758053009 ], [ 7.089684175157916, 51.233992658594524 ], [ 7.088682098918993, 51.233976293820199 ], [ 7.088656024592278, 51.234605392912997 ], [ 7.087653935644309, 51.234589019197635 ], [ 7.087627846725958, 51.235218117846998 ], [ 7.087601756865999, 51.235847216418797 ], [ 7.086599641558062, 51.235830833395902 ], [ 7.085597527192271, 51.235814441797288 ], [ 7.084595413769115, 51.235798041622985 ], [ 7.084621544581974, 51.235168944150047 ], [ 7.083619445752823, 51.235152535766737 ], [ 7.082617347867248, 51.235136118807972 ], [ 7.082643505037749, 51.234507021990929 ], [ 7.082669661264229, 51.233877925096309 ], [ 7.082695816546733, 51.233248828124069 ], [ 7.081693760554634, 51.233232403690955 ], [ 7.08166759162282, 51.233861500296179 ], [ 7.080665522925878, 51.233845066920992 ], [ 7.080691705506959, 51.233215970682991 ], [ 7.080717887143126, 51.23258687436735 ], [ 7.079715846689099, 51.232570433151949 ], [ 7.079689651404202, 51.233199529100183 ], [ 7.078687598246852, 51.233183078942567 ], [ 7.078713807180434, 51.23255398336191 ], [ 7.078740015168162, 51.231924887703613 ], [ 7.0777379902535, 51.231908429706749 ], [ 7.076735966285139, 51.231891963135489 ], [ 7.076762200622327, 51.231262868135268 ], [ 7.076788434012767, 51.230633773057377 ], [ 7.075786438285841, 51.230617298647999 ], [ 7.075760191248326, 51.231246393357772 ], [ 7.074758182821565, 51.231229910006114 ], [ 7.07478444350611, 51.230600815664673 ], [ 7.074810703242971, 51.229971721245533 ], [ 7.073808723057419, 51.22995523005676 ], [ 7.073782449674066, 51.230584324107383 ], [ 7.073756175342536, 51.231213418080323 ], [ 7.072754168811728, 51.231196917580398 ], [ 7.072780456790199, 51.230567823976166 ], [ 7.072806743820001, 51.229938730294222 ], [ 7.072833029901179, 51.229309636534587 ], [ 7.072859315033778, 51.228680542697234 ], [ 7.071857364036317, 51.228664035098717 ], [ 7.071883661865311, 51.228034941552529 ], [ 7.071909958745323, 51.227405847928615 ], [ 7.070908035986164, 51.227389332494866 ], [ 7.070934345561142, 51.226760239162267 ], [ 7.069932437395265, 51.226743715524819 ], [ 7.068930530179262, 51.226727183314651 ], [ 7.067928623913623, 51.226710642531799 ], [ 7.067902273407213, 51.227339734756185 ], [ 7.067875921949903, 51.227968826902803 ], [ 7.066873989347189, 51.227952276807684 ], [ 7.065872057695914, 51.227935718139534 ], [ 7.064870126996569, 51.227919150898373 ], [ 7.063868197249644, 51.227902575084208 ], [ 7.062866268455633, 51.227885990697061 ], [ 7.062892688133551, 51.227256900401379 ], [ 7.061890773936929, 51.227240307812025 ], [ 7.061917206304981, 51.226611217809271 ], [ 7.061943637719228, 51.225982127728692 ], [ 7.061970068179715, 51.225353037570294 ], [ 7.061996497686486, 51.224723947334098 ], [ 7.062022926239588, 51.224094857020091 ], [ 7.061021081209147, 51.224078257712591 ], [ 7.060019237132821, 51.224061649833324 ], [ 7.0590173940111, 51.224045033382303 ], [ 7.058990924533687, 51.224674122583039 ], [ 7.057989068725718, 51.224657497188815 ], [ 7.056987213873383, 51.224640863222689 ], [ 7.055985359977177, 51.224624220684667 ], [ 7.055958848619239, 51.225253308692544 ], [ 7.054956982037948, 51.225236657210601 ], [ 7.053955116413811, 51.225219997156621 ] ], [ [ 7.072438639057443, 51.238746034770188 ], [ 7.072412338742166, 51.239375127364241 ], [ 7.071410155705685, 51.239358613493671 ], [ 7.071436469674249, 51.238729521268638 ], [ 7.072438639057443, 51.238746034770188 ] ] ], [ [ [ 7.049921069331561, 51.225782356915417 ], [ 7.049894474204825, 51.226411442532218 ], [ 7.0488925860895, 51.226394738871889 ], [ 7.04886597636016, 51.227023824037516 ], [ 7.04883936567058, 51.227652909125204 ], [ 7.048812754020714, 51.228281994134946 ], [ 7.048786141410518, 51.228911079066755 ], [ 7.048759527839946, 51.229540163920596 ], [ 7.049761484174699, 51.229556869447208 ], [ 7.049734883289064, 51.230185954596394 ], [ 7.050736854229155, 51.230202651922809 ], [ 7.051738826128731, 51.230219340675738 ], [ 7.051765399723508, 51.229590254780547 ], [ 7.051791972359339, 51.228961168807452 ], [ 7.051818544036266, 51.228332082756431 ], [ 7.051845114754337, 51.227702996627499 ], [ 7.051871684513596, 51.22707391042065 ], [ 7.051898253314092, 51.226444824135889 ], [ 7.05290014430705, 51.226461502079182 ], [ 7.052926698506276, 51.225832415343838 ], [ 7.05295325174732, 51.225203328530611 ], [ 7.052979804030227, 51.22457424163948 ], [ 7.051977953963439, 51.224557564814106 ], [ 7.051951388038967, 51.225186651332614 ], [ 7.051924821155866, 51.225815737773203 ], [ 7.05092294476413, 51.225799051630389 ], [ 7.049921069331561, 51.225782356915417 ] ] ], [ [ [ 7.067375063529576, 51.2399215629151 ], [ 7.068377256417534, 51.239938111461647 ], [ 7.068403612296964, 51.239309020422596 ], [ 7.067401433062606, 51.239292472245829 ], [ 7.067375063529576, 51.2399215629151 ] ] ], [ [ [ 7.042213698872018, 51.242021386545083 ], [ 7.042240413586978, 51.241392305495062 ], [ 7.041238204645653, 51.241375532836429 ], [ 7.040235996669065, 51.241358751601027 ], [ 7.040209254645383, 51.241987831901213 ], [ 7.040182511656432, 51.242616912123367 ], [ 7.040155767702161, 51.243245992267497 ], [ 7.041158016643242, 51.243262774627951 ], [ 7.042160266549192, 51.243279548411081 ], [ 7.043162517419523, 51.243296313616831 ], [ 7.04318922040769, 51.24266723234819 ], [ 7.043215922432014, 51.242038151001559 ], [ 7.042213698872018, 51.242021386545083 ] ] ], [ [ [ 7.09941977182402, 51.241075964593584 ], [ 7.098417536018633, 51.241059681569951 ], [ 7.098391587894972, 51.241688783459132 ], [ 7.097389339370252, 51.241672491493951 ], [ 7.097363376653526, 51.242301592941594 ], [ 7.096361115409564, 51.242285292034488 ], [ 7.096335138098787, 51.242914393040387 ], [ 7.096309159850297, 51.243543493968808 ], [ 7.096283180664046, 51.24417259481978 ], [ 7.097285482880097, 51.244188896819779 ], [ 7.097259516414389, 51.244817997957583 ], [ 7.096257200539991, 51.24480169559326 ], [ 7.096231219478087, 51.245430796289277 ], [ 7.096205237478289, 51.24605989690783 ], [ 7.09520289522366, 51.246043585235874 ], [ 7.095176898626145, 51.24667268541242 ], [ 7.094174543650213, 51.246656364796785 ], [ 7.094148532453995, 51.247285464531117 ], [ 7.093146164756848, 51.247269134971447 ], [ 7.093120138960944, 51.247898234263346 ], [ 7.093094112225491, 51.248527333477732 ], [ 7.094096507244478, 51.2485436637673 ], [ 7.094122520318765, 51.247914564187951 ], [ 7.095124902615641, 51.247930885533073 ], [ 7.095098903202565, 51.248559985477179 ], [ 7.09507290285088, 51.249189085343794 ], [ 7.095046901560542, 51.249818185132938 ], [ 7.095020899331505, 51.250447284844597 ], [ 7.096023337214924, 51.250463599068539 ], [ 7.095997347710369, 51.251092699067328 ], [ 7.095971357267518, 51.251721798988655 ], [ 7.096973823416221, 51.251738105361135 ], [ 7.096947845699286, 51.252367205569435 ], [ 7.096921867044458, 51.252996305700258 ], [ 7.0979243614601, 51.253012604220537 ], [ 7.09789839553262, 51.253641704638177 ], [ 7.098900904551035, 51.25365799494142 ], [ 7.098874951351888, 51.254287095645687 ], [ 7.099877474973165, 51.25430337773151 ], [ 7.10087999953099, 51.254319651235811 ], [ 7.10090592539836, 51.253690549803942 ], [ 7.101908437226285, 51.253706814363184 ], [ 7.102910949989729, 51.253723070341046 ], [ 7.102936847590117, 51.253093968104956 ], [ 7.102962744255525, 51.252464865791467 ], [ 7.102988639985996, 51.251835763400571 ], [ 7.103014534781574, 51.251206660932276 ], [ 7.103040428642303, 51.250577558386581 ], [ 7.103066321568229, 51.24994845576348 ], [ 7.103092213559395, 51.249319353062994 ], [ 7.103118104615849, 51.248690250285094 ], [ 7.104120509003694, 51.248706494776904 ], [ 7.104146385463864, 51.248077391558567 ], [ 7.105148777124233, 51.248093627107657 ], [ 7.105174638989106, 51.247464523449096 ], [ 7.106177017921906, 51.247480750055828 ], [ 7.107179397787812, 51.247496968083048 ], [ 7.108181778586329, 51.247513177530699 ], [ 7.109184160316966, 51.247529378398788 ], [ 7.109209966605111, 51.246900273213448 ], [ 7.110212335606483, 51.246916465140082 ], [ 7.110238127302645, 51.246287359515549 ], [ 7.11124048357466, 51.246303542501089 ], [ 7.111266260679823, 51.245674436437568 ], [ 7.112268604222396, 51.245690610482406 ], [ 7.113270948694987, 51.245706775948172 ], [ 7.113296697550585, 51.245077669084601 ], [ 7.114299029293108, 51.245093825610205 ], [ 7.114324763560125, 51.244464718308265 ], [ 7.114350496898198, 51.243835610929025 ], [ 7.115352802251912, 51.243851758153987 ], [ 7.115378521002922, 51.243222650336605 ], [ 7.115404238825569, 51.242593542441959 ], [ 7.115429955719896, 51.24196443447002 ], [ 7.114427691339188, 51.241948288327606 ], [ 7.113425427887249, 51.241932133607229 ], [ 7.113399683678613, 51.242561240857299 ], [ 7.112397407498845, 51.242545077197768 ], [ 7.112371648703325, 51.243174184009305 ], [ 7.111369359795817, 51.243158011410237 ], [ 7.110367071818643, 51.243141830232886 ], [ 7.110392857929191, 51.242512724144376 ], [ 7.109390584540289, 51.242496534750551 ], [ 7.109416383377011, 51.241867428946492 ], [ 7.108414124576293, 51.241851231336582 ], [ 7.108439936138206, 51.241222125817153 ], [ 7.107437691925584, 51.241205919991572 ], [ 7.10643544864513, 51.241189705588354 ], [ 7.106461286587087, 51.240560600716073 ], [ 7.105459057895088, 51.240544378097773 ], [ 7.104456830136198, 51.240528146902058 ], [ 7.104482694456095, 51.239899042677663 ], [ 7.10348048128602, 51.239882803267477 ], [ 7.103454603310908, 51.240511907128976 ], [ 7.102452377419712, 51.240495658778514 ], [ 7.101450152463101, 51.240479401850699 ], [ 7.101424246242619, 51.241108504908375 ], [ 7.100422008565513, 51.241092239039737 ], [ 7.09941977182402, 51.241075964593584 ] ], [ [ 7.103195772177362, 51.246802941486976 ], [ 7.102193409707412, 51.246786689504958 ], [ 7.10119104817249, 51.24677042894367 ], [ 7.101216962810664, 51.246141326582766 ], [ 7.102219310685539, 51.246157586780662 ], [ 7.1032216594954, 51.246173838399478 ], [ 7.103195772177362, 51.246802941486976 ] ], [ [ 7.101268789280626, 51.244883121628689 ], [ 7.101294701112502, 51.244254019035523 ], [ 7.101320612009036, 51.243624916364922 ], [ 7.10134652197027, 51.242995813616922 ], [ 7.101372430996249, 51.242366710791494 ], [ 7.102374696921185, 51.242382968809245 ], [ 7.102348801552298, 51.24301207199801 ], [ 7.103351082069091, 51.243028321800971 ], [ 7.103325199423071, 51.243657425275472 ], [ 7.103299315842736, 51.244286528672589 ], [ 7.103273431328041, 51.244915631992285 ], [ 7.103247545878945, 51.245544735234574 ], [ 7.102245210728683, 51.245528483978944 ], [ 7.101242876513362, 51.245512224144434 ], [ 7.101268789280626, 51.244883121628689 ] ] ], [ [ [ 7.131475375760737, 51.192489408722849 ], [ 7.13247657659833, 51.192505397945354 ], [ 7.133477778353368, 51.19252137860471 ], [ 7.133503203232832, 51.191892258715797 ], [ 7.134504392286202, 51.191908230455184 ], [ 7.134529802630629, 51.191279110132371 ], [ 7.134555212058678, 51.190649989732449 ], [ 7.135556374792612, 51.190665952195637 ], [ 7.135581769687136, 51.190036831362022 ], [ 7.135607163665862, 51.189407710451313 ], [ 7.136608300081656, 51.189423663639104 ], [ 7.136633679528372, 51.188794542294914 ], [ 7.135632556728833, 51.188778589463496 ], [ 7.134631434845006, 51.188762628070023 ], [ 7.133630313877383, 51.188746658114496 ], [ 7.13262919382645, 51.188730679596965 ], [ 7.132603759914974, 51.189359799514513 ], [ 7.131602627165142, 51.189343812077844 ], [ 7.131577178719868, 51.189972931561115 ], [ 7.130576033271224, 51.189956935204933 ], [ 7.130550570291171, 51.190586054253721 ], [ 7.130525106392825, 51.191215173225366 ], [ 7.129523934627992, 51.191199167591748 ], [ 7.129498456193352, 51.191828286128683 ], [ 7.129472976839843, 51.192457404588467 ], [ 7.130474175841077, 51.192473410937225 ], [ 7.131475375760737, 51.192489408722849 ] ] ], [ [ [ 7.127124939530256, 51.250335972803732 ], [ 7.127099374530682, 51.250965084087582 ], [ 7.128101842193861, 51.250981123732565 ], [ 7.128076289935945, 51.251610235297733 ], [ 7.128050736755494, 51.252239346785757 ], [ 7.128025182652463, 51.252868458196616 ], [ 7.127999627626809, 51.253497569530325 ], [ 7.129002150874176, 51.253513602027617 ], [ 7.128976608592511, 51.254142713642487 ], [ 7.129979146428751, 51.254158737916235 ], [ 7.12995361689206, 51.254787849812118 ], [ 7.130956169317261, 51.254803865861909 ], [ 7.130981685186716, 51.25417475360809 ], [ 7.131984224865914, 51.254190760718011 ], [ 7.132986765465853, 51.25420675924601 ], [ 7.133989306986038, 51.254222749192074 ], [ 7.133963832118554, 51.254851862518613 ], [ 7.134966388225906, 51.25486784423989 ], [ 7.134940926106527, 51.255496957846532 ], [ 7.134915463067796, 51.256126071376102 ], [ 7.134889999109674, 51.25675518482857 ], [ 7.134864534232115, 51.257384298203952 ], [ 7.135867145933519, 51.257400272771136 ], [ 7.135841693806397, 51.258029386426472 ], [ 7.135816240760244, 51.258658500004714 ], [ 7.134813601718511, 51.258642524723435 ], [ 7.133810963596347, 51.258626540858828 ], [ 7.132808326394243, 51.258610548410914 ], [ 7.132782831416433, 51.259239660840329 ], [ 7.133785482289354, 51.259255653645702 ], [ 7.133760000062256, 51.259884766355448 ], [ 7.134762665526634, 51.259900750934584 ], [ 7.134737196051233, 51.260529863924518 ], [ 7.135739876107157, 51.260545840277025 ], [ 7.136742557082286, 51.260561808045608 ], [ 7.136717114031996, 51.261190921672437 ], [ 7.137719809598309, 51.261206881213795 ], [ 7.137694379302224, 51.261835995120279 ], [ 7.138697089459808, 51.261851946434021 ], [ 7.139699800535207, 51.261867889163398 ], [ 7.139674396667856, 51.262497003705711 ], [ 7.140677122334165, 51.262512938206861 ], [ 7.140651731223529, 51.263142053028304 ], [ 7.140626339195977, 51.263771167772717 ], [ 7.141629093127897, 51.263787094401231 ], [ 7.142631847976285, 51.263803012444761 ], [ 7.142606482382035, 51.26443212782393 ], [ 7.143609251821593, 51.264448037638061 ], [ 7.143583898987017, 51.265077153295834 ], [ 7.143558545236871, 51.265706268876606 ], [ 7.144561342943913, 51.265722170816389 ], [ 7.144536001954875, 51.266351286675594 ], [ 7.144510660050676, 51.266980402457833 ], [ 7.144485317231271, 51.267609518163049 ], [ 7.145488156885201, 51.267625412583001 ], [ 7.145513486026855, 51.266996296522507 ], [ 7.146516312917748, 51.267012182001153 ], [ 7.147519140722859, 51.267028058893771 ], [ 7.148521969441695, 51.267043927200326 ], [ 7.149524799073767, 51.267059786920811 ], [ 7.150527629618576, 51.267075638055204 ], [ 7.151530461075633, 51.267091480603469 ], [ 7.151555707238127, 51.266462362338416 ], [ 7.150552889458587, 51.266446520144257 ], [ 7.150578148386394, 51.265817402156401 ], [ 7.150603406402042, 51.265188284091579 ], [ 7.150628663505573, 51.264559165949848 ], [ 7.151631440255521, 51.26457500708171 ], [ 7.151656682771435, 51.263945888508964 ], [ 7.152659446757374, 51.26396172070158 ], [ 7.152684674686657, 51.263332601698032 ], [ 7.152709901704941, 51.262703482617567 ], [ 7.152735127812267, 51.262074363460172 ], [ 7.152760353008679, 51.261445244225861 ], [ 7.152785577294222, 51.260816124914648 ], [ 7.152810800668938, 51.260187005526518 ], [ 7.153813483522487, 51.260202827011987 ], [ 7.15383869231424, 51.259573707193319 ], [ 7.154841362405857, 51.259589519741297 ], [ 7.154866556615633, 51.258960399492281 ], [ 7.155869213945231, 51.258976203103138 ], [ 7.155894393574013, 51.258347082424009 ], [ 7.156897038141504, 51.258362877098143 ], [ 7.157899683617679, 51.258378663188722 ], [ 7.157924834995581, 51.257749541726852 ], [ 7.158927467709026, 51.257765318881241 ], [ 7.158952604508357, 51.257136196989876 ], [ 7.157949985465337, 51.257120420188123 ], [ 7.15797513502699, 51.25649129857252 ], [ 7.156972530561962, 51.256475513540394 ], [ 7.155969927005485, 51.256459719925324 ], [ 7.154967324358054, 51.256443917727282 ], [ 7.154992514019704, 51.255814797093791 ], [ 7.153989925951078, 51.255798986666221 ], [ 7.154015128372008, 51.255169866309203 ], [ 7.154040329882995, 51.254540745875282 ], [ 7.15406553048408, 51.253911625364466 ], [ 7.153062984330153, 51.2538958074148 ], [ 7.153088197688633, 51.253266687180592 ], [ 7.152085666112264, 51.253250861002542 ], [ 7.152110892227155, 51.252621741045139 ], [ 7.151108375228259, 51.252605906639062 ], [ 7.151133614098572, 51.251976786958629 ], [ 7.151158852057678, 51.251347667201266 ], [ 7.150156363301813, 51.25133182492165 ], [ 7.150181614014909, 51.250702705441405 ], [ 7.149179139835808, 51.250686854934735 ], [ 7.149204403301908, 51.250057735731815 ], [ 7.148201943699482, 51.250041876998495 ], [ 7.147199485009612, 51.250026009684284 ], [ 7.147224774891768, 51.249396891113456 ], [ 7.146222330778935, 51.249381015573206 ], [ 7.145219887579598, 51.249365131452279 ], [ 7.145245203875707, 51.248736013514289 ], [ 7.144242775253773, 51.248720121167914 ], [ 7.144268104298861, 51.248091003508087 ], [ 7.144293432429556, 51.247461885771266 ], [ 7.144318759645901, 51.246832767957443 ], [ 7.143316372925557, 51.246816868096715 ], [ 7.142313987120012, 51.246800959656163 ], [ 7.142339340744808, 51.246171842476208 ], [ 7.141336969515867, 51.246155925811564 ], [ 7.140334599202667, 51.246140000567308 ], [ 7.140309218255287, 51.246769117035619 ], [ 7.139306835197093, 51.24675318285567 ], [ 7.138304453055666, 51.24673724009596 ], [ 7.138279043868617, 51.247366355774822 ], [ 7.137276648982819, 51.247350404078865 ], [ 7.137302071831501, 51.246721288756504 ], [ 7.136299691525086, 51.246705328837315 ], [ 7.136274255014818, 51.247334443802991 ], [ 7.135271861965107, 51.247318474947214 ], [ 7.135297312136919, 51.246689360338436 ], [ 7.13429493366749, 51.246673383259854 ], [ 7.134269469834177, 51.247302497511576 ], [ 7.133267078622519, 51.247286511496071 ], [ 7.133241600207983, 51.247915625313418 ], [ 7.132239196254186, 51.2478996303606 ], [ 7.131236793220693, 51.247883626827765 ], [ 7.130234391107995, 51.247867614714934 ], [ 7.129231989916583, 51.247851594022116 ], [ 7.128229589646951, 51.247835564749337 ], [ 7.128255136370578, 51.24720645272123 ], [ 7.127252750684905, 51.247190415226946 ], [ 7.127227190299592, 51.247819526896627 ], [ 7.126224791874996, 51.247803480463986 ], [ 7.126199216904784, 51.248432591697892 ], [ 7.125196805741354, 51.248416536326538 ], [ 7.125171216185257, 51.249045647124426 ], [ 7.12617364101127, 51.249061702854618 ], [ 7.126148064194412, 51.249690813934158 ], [ 7.126122486454166, 51.250319924936527 ], [ 7.127124939530256, 51.250335972803732 ] ] ], [ [ [ 7.115095563672064, 51.250142832077202 ], [ 7.115121291709143, 51.249513725032656 ], [ 7.115147018817417, 51.248884617910832 ], [ 7.114144604180696, 51.248868467798701 ], [ 7.113142190473229, 51.248852309106503 ], [ 7.112139777695509, 51.248836141834261 ], [ 7.112114009599591, 51.249465247872692 ], [ 7.113116436039816, 51.249481415506267 ], [ 7.113090680676612, 51.250110521828717 ], [ 7.114093121709666, 51.250126681243181 ], [ 7.115095563672064, 51.250142832077202 ] ] ], [ [ [ 7.125713116993546, 51.260385690478579 ], [ 7.124710446156796, 51.260369628287883 ], [ 7.12468483904028, 51.260998737619246 ], [ 7.123682155456259, 51.260982666485617 ], [ 7.123656533742678, 51.26161177538058 ], [ 7.123630911103888, 51.262240884198363 ], [ 7.123605287539845, 51.262869992938924 ], [ 7.124608012142524, 51.262886065150219 ], [ 7.124582401327055, 51.263515174172831 ], [ 7.125585140528455, 51.263531238158677 ], [ 7.125559542462548, 51.264160347463168 ], [ 7.126562296262755, 51.264176403223182 ], [ 7.127565050986868, 51.264192450398298 ], [ 7.128567806634394, 51.264208488988501 ], [ 7.12957056320484, 51.264224518993743 ], [ 7.130573320697714, 51.264240540414036 ], [ 7.13157607911252, 51.264256553249353 ], [ 7.131601595131052, 51.263627441794533 ], [ 7.131627110228187, 51.262998330262604 ], [ 7.131652624403969, 51.262369218653546 ], [ 7.1306499070117, 51.262353206891923 ], [ 7.130675433939365, 51.261724095563629 ], [ 7.129672731142048, 51.26170807557569 ], [ 7.128670029266983, 51.261692047003542 ], [ 7.128695582618158, 51.261062936314431 ], [ 7.128721135046634, 51.260433825548184 ], [ 7.129723809576967, 51.260449853403827 ], [ 7.12974934741116, 51.259820742202194 ], [ 7.130752009191986, 51.259836761115984 ], [ 7.13175467189444, 51.259852771446134 ], [ 7.131780181464111, 51.259223659451486 ], [ 7.131805690112694, 51.258594547379708 ], [ 7.13183119784023, 51.257965435230815 ], [ 7.130828576149963, 51.257949425974168 ], [ 7.130854096626238, 51.257320314105961 ], [ 7.129851489527167, 51.257304296624248 ], [ 7.128848883350039, 51.257288270559677 ], [ 7.128823335534408, 51.257917381711671 ], [ 7.127820716610106, 51.257901346705886 ], [ 7.126818098608779, 51.257885303117092 ], [ 7.126792522530502, 51.258514413474956 ], [ 7.126766945528713, 51.259143523755654 ], [ 7.126741367603371, 51.25977263395918 ], [ 7.125738709513982, 51.259756580711027 ], [ 7.125713116993546, 51.260385690478579 ] ] ], [ [ [ 7.148842068943813, 51.284045931863965 ], [ 7.149845268966903, 51.284061792568259 ], [ 7.149819983567578, 51.284690908324954 ], [ 7.150823198195422, 51.284706760792339 ], [ 7.151826413736234, 51.284722604668232 ], [ 7.152829630189522, 51.284738439952612 ], [ 7.152854874514712, 51.284109323133357 ], [ 7.152880117927964, 51.283480206237179 ], [ 7.152905360429322, 51.282851089264099 ], [ 7.152930602018831, 51.282221972214103 ], [ 7.151927440328266, 51.282206138345678 ], [ 7.150924279550003, 51.282190295886501 ], [ 7.150949547606552, 51.281561179467708 ], [ 7.149946401430445, 51.28154532877214 ], [ 7.148943256167582, 51.281529469486046 ], [ 7.147940111818458, 51.281513601609454 ], [ 7.14791480269396, 51.282142716964621 ], [ 7.14691164556984, 51.282126840142624 ], [ 7.146886321841344, 51.282755955065902 ], [ 7.145883151942313, 51.282740069298114 ], [ 7.14585781360883, 51.283369183789304 ], [ 7.146860997198034, 51.283385069912214 ], [ 7.147864181702092, 51.2834009474441 ], [ 7.147838869834636, 51.284030062568391 ], [ 7.148842068943813, 51.284045931863965 ] ] ], [ [ [ 7.168503688606741, 51.269246862537557 ], [ 7.168528704955068, 51.268617738512177 ], [ 7.167525830707296, 51.268602041228888 ], [ 7.166522957363476, 51.268586335358769 ], [ 7.165520084924097, 51.268570620901876 ], [ 7.165495027536707, 51.269199743874033 ], [ 7.16449214232266, 51.26918402047891 ], [ 7.163489258014084, 51.269168288496836 ], [ 7.163464172361572, 51.269797410689065 ], [ 7.162461275278951, 51.269781669768221 ], [ 7.161458379102831, 51.269765920260276 ], [ 7.161433265183349, 51.270395041671776 ], [ 7.161408150356829, 51.271024163006444 ], [ 7.161383034623231, 51.271653284264282 ], [ 7.162385971842208, 51.271669034828413 ], [ 7.162360868883424, 51.272298156361508 ], [ 7.163363820691012, 51.272313898689859 ], [ 7.163338730508031, 51.272943020498026 ], [ 7.164341696904318, 51.272958754590199 ], [ 7.165344664206336, 51.272974480094284 ], [ 7.166347632413587, 51.272990197010266 ], [ 7.166372681548885, 51.27236107414754 ], [ 7.16737563697823, 51.272376782124255 ], [ 7.168378593311784, 51.272392481513009 ], [ 7.16840361417803, 51.271763357871436 ], [ 7.169406557733057, 51.271779048321477 ], [ 7.169431564013882, 51.27114992425242 ], [ 7.169456569391577, 51.270520800106617 ], [ 7.169481573866182, 51.269891675884047 ], [ 7.169506577437739, 51.269262551584731 ], [ 7.168503688606741, 51.269246862537557 ] ] ], [ [ [ 7.153208199333659, 51.275301679588161 ], [ 7.15318296777165, 51.275930797484151 ], [ 7.153157735298265, 51.276559915303238 ], [ 7.154160774713001, 51.276575737397309 ], [ 7.15516381503866, 51.276591550902324 ], [ 7.156166856274749, 51.27660735581825 ], [ 7.157169898420774, 51.276623152145078 ], [ 7.158172941476242, 51.276638939882801 ], [ 7.158198105523957, 51.276009820297219 ], [ 7.158223268662767, 51.275380700634756 ], [ 7.157220252977246, 51.275364913602878 ], [ 7.157245428891425, 51.274735794216468 ], [ 7.15624242779945, 51.274719998948939 ], [ 7.155239427617283, 51.27470419509288 ], [ 7.154236428345413, 51.274688382648314 ], [ 7.154211211378795, 51.275317500974886 ], [ 7.153208199333659, 51.275301679588161 ] ] ], [ [ [ 7.154085112882274, 51.278463091454221 ], [ 7.153082032409436, 51.278447268299047 ], [ 7.153107267617202, 51.277818150710686 ], [ 7.152104201742395, 51.27780231931979 ], [ 7.152078952848146, 51.278431436554243 ], [ 7.151075874198895, 51.278415596219844 ], [ 7.151050610705669, 51.279044713023268 ], [ 7.151025346299866, 51.279673829749768 ], [ 7.152028452323479, 51.279689670792393 ], [ 7.15303155925922, 51.279705503245026 ], [ 7.154034667106593, 51.279721327107673 ], [ 7.154059890449982, 51.279092209319394 ], [ 7.154085112882274, 51.278463091454221 ] ] ], [ [ [ 7.154836065831546, 51.284770084746732 ], [ 7.155839285019295, 51.284785894256437 ], [ 7.156842505117543, 51.284801695174558 ], [ 7.156867694676614, 51.284172576941209 ], [ 7.15586448826996, 51.284156776376321 ], [ 7.154861282773764, 51.28414096722004 ], [ 7.154836065831546, 51.284770084746732 ] ] ], [ [ [ 7.159474834562839, 51.294285826536445 ], [ 7.159449671537236, 51.294914944598844 ], [ 7.160453114408016, 51.294930716791178 ], [ 7.161456558187519, 51.294946480388759 ], [ 7.162460002875248, 51.294962235391552 ], [ 7.163463448470711, 51.294977981799569 ], [ 7.164466894973414, 51.294993719612776 ], [ 7.165470342382863, 51.295009448831152 ], [ 7.166473790698562, 51.295025169454689 ], [ 7.166498857825549, 51.294396048927972 ], [ 7.166523924046823, 51.293766928324494 ], [ 7.165520503130493, 51.29375120840389 ], [ 7.16554558214504, 51.29312208807508 ], [ 7.164542175833774, 51.293106359911647 ], [ 7.164517083120328, 51.293735479888817 ], [ 7.163513664016822, 51.293719742779302 ], [ 7.162510245820469, 51.293703997075369 ], [ 7.161506828531763, 51.29368824277703 ], [ 7.160503412151198, 51.2936724798843 ], [ 7.15949999667927, 51.293656708397201 ], [ 7.159474834562839, 51.294285826536445 ] ] ], [ [ [ 7.188089881850143, 51.230521727592766 ], [ 7.189091939598049, 51.230537240559379 ], [ 7.190093998237448, 51.230552744950494 ], [ 7.190069309923952, 51.231181880624192 ], [ 7.190044620719412, 51.231811016221307 ], [ 7.191046707551461, 51.231826512729519 ], [ 7.191071383104929, 51.231197376786106 ], [ 7.191096057767848, 51.230568240766111 ], [ 7.192098118188757, 51.230583728006224 ], [ 7.192122778311037, 51.229954591563597 ], [ 7.192147437543343, 51.229325455044432 ], [ 7.19314947155442, 51.22934093301722 ], [ 7.194151506454937, 51.229356402414851 ], [ 7.195153542244401, 51.229371863237276 ], [ 7.195128923961258, 51.230001000793521 ], [ 7.195104304789616, 51.230630138273249 ], [ 7.196106368767642, 51.230645591211093 ], [ 7.196081762358246, 51.23127472895964 ], [ 7.197083840875151, 51.231290173667027 ], [ 7.198085920279657, 51.231305609798589 ], [ 7.19908800057127, 51.231321037354327 ], [ 7.200090081749498, 51.231336456334205 ], [ 7.200114633555312, 51.230707317206267 ], [ 7.201116701968664, 51.23072272726592 ], [ 7.202118771267607, 51.230738128749863 ], [ 7.202143294886279, 51.230108988856941 ], [ 7.203145351419725, 51.230124381421192 ], [ 7.204147408837737, 51.230139765409909 ], [ 7.205149467139818, 51.230155140823065 ], [ 7.20615152632548, 51.230170507660645 ], [ 7.20715358639423, 51.23018586592265 ], [ 7.208155647345576, 51.230201215609021 ], [ 7.208180088177961, 51.229572073578687 ], [ 7.209182136361058, 51.229587414346618 ], [ 7.209206562661522, 51.228958271897078 ], [ 7.210208598076286, 51.22897360374693 ], [ 7.211210634372088, 51.228988927021511 ], [ 7.212212671548435, 51.22900424172078 ], [ 7.213214709604834, 51.229019547844736 ], [ 7.214216748540794, 51.229034845393365 ], [ 7.214241105712259, 51.228405701156284 ], [ 7.215243131877667, 51.228420989787907 ], [ 7.215218788355823, 51.229050134366631 ], [ 7.216220829049428, 51.229065414764548 ], [ 7.217222870621118, 51.229080686587061 ], [ 7.218224913070403, 51.229095949834168 ], [ 7.218200609620566, 51.229725095360401 ], [ 7.219202666597228, 51.229740350373 ], [ 7.219178375921018, 51.230369496163817 ], [ 7.219154084368116, 51.230998641878344 ], [ 7.220156169523547, 51.231013888996735 ], [ 7.22115825555522, 51.231029127539102 ], [ 7.221182519805472, 51.230399981143314 ], [ 7.221206783180017, 51.229770834671243 ], [ 7.220204724450543, 51.229755596809937 ], [ 7.220229000599782, 51.229126450602109 ], [ 7.221231045678893, 51.229141688122894 ], [ 7.221255307302147, 51.228512541498269 ], [ 7.221279568049813, 51.22788339479736 ], [ 7.22130382792194, 51.227254248020174 ], [ 7.221328086918565, 51.226625101166704 ], [ 7.22135234503973, 51.225995954236957 ], [ 7.220350368205048, 51.225980718418604 ], [ 7.220374639098206, 51.225351571753023 ], [ 7.220398909115499, 51.224722425011166 ], [ 7.21939696045097, 51.224707181299607 ], [ 7.219421243238821, 51.224078034822085 ], [ 7.219445525150395, 51.223448888268273 ], [ 7.219469806185734, 51.222819741638169 ], [ 7.218467899335082, 51.222804490374948 ], [ 7.218492193139097, 51.222175344009322 ], [ 7.217490300809955, 51.222160084513582 ], [ 7.217465993361112, 51.222789230538211 ], [ 7.217441685035095, 51.223418376486514 ], [ 7.217417375831858, 51.224047522358504 ], [ 7.21641544344402, 51.224032253265896 ], [ 7.215413511933934, 51.224016975599419 ], [ 7.215437848428664, 51.223387830410026 ], [ 7.215462184045196, 51.222758685144285 ], [ 7.214460280704231, 51.222743399587131 ], [ 7.213458378241917, 51.22272810545654 ], [ 7.212456476658745, 51.222712802752532 ], [ 7.212432100106761, 51.223341946992981 ], [ 7.211430185758156, 51.223326635373425 ], [ 7.21042827228972, 51.22331131518029 ], [ 7.209426359701943, 51.223295986413589 ], [ 7.208424447995318, 51.223280649073359 ], [ 7.207422537170335, 51.223265303159593 ], [ 7.207446981947244, 51.222636160631779 ], [ 7.206445085649255, 51.222620806487612 ], [ 7.205443190233851, 51.222605443770142 ], [ 7.204441295701524, 51.222590072479413 ], [ 7.204416809990166, 51.223219213977352 ], [ 7.203414902696673, 51.223203833769681 ], [ 7.202412996287281, 51.223188444988573 ], [ 7.202388482401905, 51.223817585722522 ], [ 7.201386563231966, 51.223802188023924 ], [ 7.200384644947153, 51.223786781751741 ], [ 7.199382727547961, 51.223771366905986 ], [ 7.198380811034877, 51.223755943486672 ], [ 7.197378895408395, 51.223740511493823 ], [ 7.196376980669005, 51.223725070927458 ], [ 7.196352384025833, 51.224354209517628 ], [ 7.196327786495033, 51.22498334803128 ], [ 7.195325845351981, 51.224967898200951 ], [ 7.195350456528653, 51.224338760032531 ], [ 7.195375066817204, 51.223709621787584 ], [ 7.194373153853478, 51.223694164074224 ], [ 7.194348529919587, 51.224323301973762 ], [ 7.194323905097087, 51.224952439796745 ], [ 7.194299279385934, 51.22558157754321 ], [ 7.193297326373416, 51.225566110219553 ], [ 7.193272686126797, 51.226195247543842 ], [ 7.193248044990949, 51.226824384791598 ], [ 7.192246065573669, 51.226808908202244 ], [ 7.192221409900839, 51.227438045027611 ], [ 7.191219417725654, 51.227422559517834 ], [ 7.190217426440767, 51.227407065433496 ], [ 7.189215436046666, 51.227391562774621 ], [ 7.189190738539674, 51.228020698484727 ], [ 7.188188735388822, 51.228005186904696 ], [ 7.187186733129786, 51.22798966674997 ], [ 7.18716200743446, 51.228618801690054 ], [ 7.186159992419288, 51.22860327261364 ], [ 7.186135252182682, 51.229232407130084 ], [ 7.187137280846786, 51.229247936553534 ], [ 7.18711255336672, 51.229877071340418 ], [ 7.188114596572684, 51.229892592535634 ], [ 7.188089881850143, 51.230521727592766 ] ], [ [ 7.215389174560959, 51.224646120712507 ], [ 7.215364836309699, 51.225275265749239 ], [ 7.21436287838501, 51.225259978825747 ], [ 7.214387230282939, 51.224630834130615 ], [ 7.21441158130209, 51.224001689359127 ], [ 7.215413511933934, 51.224016975599419 ], [ 7.215389174560959, 51.224646120712507 ] ], [ [ 7.216366795112714, 51.225290544098513 ], [ 7.217368754793564, 51.22530581387354 ], [ 7.217344442958423, 51.2259349595166 ], [ 7.217320130245899, 51.226564105083312 ], [ 7.21631814327007, 51.226548834625831 ], [ 7.215316157172158, 51.226533555593718 ], [ 7.215340497180113, 51.225904410709653 ], [ 7.215364836309699, 51.225275265749239 ], [ 7.216366795112714, 51.225290544098513 ] ] ], [ [ [ 7.180762051454701, 51.263772407606574 ], [ 7.180737206445577, 51.264401536440801 ], [ 7.180712360539216, 51.265030665198388 ], [ 7.181715164422054, 51.265046248761415 ], [ 7.182717969201677, 51.26506182373852 ], [ 7.182693149752737, 51.265690953115936 ], [ 7.182668329407461, 51.266320082416733 ], [ 7.182643508165805, 51.266949211640885 ], [ 7.182618686027729, 51.267578340788425 ], [ 7.181615826535663, 51.267562764418678 ], [ 7.181590989821781, 51.268191893141399 ], [ 7.1815661522109, 51.268821021787488 ], [ 7.180563266256693, 51.268805436134301 ], [ 7.180538414068483, 51.26943456435535 ], [ 7.180513560982693, 51.270063692499733 ], [ 7.180488706999283, 51.270692820567483 ], [ 7.179485780900396, 51.270677225281489 ], [ 7.1794609123376, 51.271306352923972 ], [ 7.178457973455189, 51.271290748701567 ], [ 7.178433090312014, 51.271919875918584 ], [ 7.178408206270106, 51.27254900305892 ], [ 7.179411172517361, 51.272564607978957 ], [ 7.180414139662901, 51.27258020431082 ], [ 7.180438996339429, 51.27195107647303 ], [ 7.181441950700007, 51.271966663868263 ], [ 7.18244490595784, 51.271982242675477 ], [ 7.182469734372053, 51.271353114064354 ], [ 7.183472676844303, 51.271368683935485 ], [ 7.183447862112433, 51.271997812894654 ], [ 7.184450819163296, 51.272013374525763 ], [ 7.184475620212775, 51.271384245218762 ], [ 7.185478564476983, 51.271399797914142 ], [ 7.186481509636428, 51.271415342021626 ], [ 7.186506282426256, 51.270786211942884 ], [ 7.18653105432138, 51.270157081787545 ], [ 7.187533973012018, 51.270172616612591 ], [ 7.187509214798424, 51.270801747115193 ], [ 7.188512148064802, 51.270817273699755 ], [ 7.189515082224895, 51.270832791696549 ], [ 7.189490350481266, 51.271461922816535 ], [ 7.190493299216733, 51.271477432572269 ], [ 7.191496248844974, 51.271492933739992 ], [ 7.191471543573409, 51.272122065476623 ], [ 7.192474507776657, 51.272137558402669 ], [ 7.192449815295995, 51.272766690409078 ], [ 7.193452794074336, 51.272782175093063 ], [ 7.193477472871733, 51.272153042740513 ], [ 7.194480438858141, 51.272168518490098 ], [ 7.194455773744053, 51.272797651188604 ], [ 7.195458754304654, 51.272813118695716 ], [ 7.195434101983524, 51.273442251663461 ], [ 7.1964370971184, 51.273457710927666 ], [ 7.196412457591221, 51.274086844164486 ], [ 7.197415467300457, 51.274102295185422 ], [ 7.198418477899178, 51.274117737617495 ], [ 7.19839386485189, 51.274746871468416 ], [ 7.199396890024608, 51.274762305656601 ], [ 7.200399916085866, 51.274777731255668 ], [ 7.200375329520571, 51.27540686571998 ], [ 7.201378370155457, 51.275422283074576 ], [ 7.201353796388142, 51.276051417807068 ], [ 7.201329221733189, 51.27668055246312 ], [ 7.201304646190552, 51.27730968704271 ], [ 7.202307728772859, 51.277325096841366 ], [ 7.202283166030094, 51.277954231689002 ], [ 7.201280069760192, 51.277938821545845 ], [ 7.201255492442067, 51.278567955972548 ], [ 7.200252383371886, 51.278552536894594 ], [ 7.199249275190007, 51.278537109226399 ], [ 7.199224669607036, 51.279166242887037 ], [ 7.198221548625497, 51.279150806283482 ], [ 7.197218428533292, 51.279135361089494 ], [ 7.197193794683624, 51.279764493983294 ], [ 7.196190661792381, 51.279749039853407 ], [ 7.196215309330912, 51.279119907305088 ], [ 7.196239955979125, 51.278490774680265 ], [ 7.195236851355393, 51.278475312651139 ], [ 7.194233747622433, 51.278459842031815 ], [ 7.194258420755995, 51.277830710021959 ], [ 7.193255331602049, 51.277815231158499 ], [ 7.192252243339817, 51.277799743705081 ], [ 7.191249155969798, 51.277784247661728 ], [ 7.191224441773113, 51.278413378632891 ], [ 7.190221341608172, 51.278397873652999 ], [ 7.189218242336473, 51.278382360083008 ], [ 7.18924298390836, 51.277753229805249 ], [ 7.188239899217931, 51.277737707992173 ], [ 7.188264653583171, 51.277108577984819 ], [ 7.188289407054269, 51.276479447900897 ], [ 7.189292464371105, 51.276494969020021 ], [ 7.190295522581546, 51.27651048154965 ], [ 7.190320247786389, 51.275881350695428 ], [ 7.189317203262046, 51.275865838512573 ], [ 7.189341941259427, 51.275236707928542 ], [ 7.189366678363286, 51.274607577267957 ], [ 7.188363662103141, 51.274592057189693 ], [ 7.188388411998098, 51.27396292679947 ], [ 7.188413160999126, 51.273333796332672 ], [ 7.187410173001523, 51.273318268359745 ], [ 7.187434934792213, 51.272689138163479 ], [ 7.186431961372493, 51.272673601949343 ], [ 7.186407185898301, 51.273302731798303 ], [ 7.185404199689951, 51.273287186648375 ], [ 7.185379409636933, 51.27391631607324 ], [ 7.185354618688502, 51.274545445421502 ], [ 7.18532982684462, 51.275174574693168 ], [ 7.185305034105244, 51.275803703888229 ], [ 7.186308075052373, 51.275819250428221 ], [ 7.186283295103388, 51.276448379894205 ], [ 7.186258514259317, 51.277077509283608 ], [ 7.186233732520116, 51.27770663859642 ], [ 7.186208949885744, 51.27833576783263 ], [ 7.186184166356158, 51.27896489699225 ], [ 7.186159381931315, 51.279594026075273 ], [ 7.185156258861209, 51.27957847744991 ], [ 7.185131459852176, 51.280207606108739 ], [ 7.184128323989014, 51.280192048545203 ], [ 7.184103510394803, 51.280821176779646 ], [ 7.185106659947309, 51.280836734690972 ], [ 7.18610981039569, 51.280852284011523 ], [ 7.187112961739457, 51.2808678247413 ], [ 7.187088188318509, 51.281496953941954 ], [ 7.188091354247131, 51.281512486428149 ], [ 7.189094521070191, 51.281528010323306 ], [ 7.189069774135269, 51.28215714014167 ], [ 7.190072955542818, 51.28217265579265 ], [ 7.19107613784386, 51.282188162852385 ], [ 7.192079321037904, 51.282203661320857 ], [ 7.193082505124456, 51.282219151198042 ], [ 7.194085690103019, 51.282234632483913 ], [ 7.195088875973103, 51.282250105178477 ], [ 7.195113540764134, 51.281620973281861 ], [ 7.196116713834444, 51.281636437039381 ], [ 7.196141364044188, 51.281007304720561 ], [ 7.197144524314643, 51.281022759541415 ], [ 7.197119887795245, 51.281651892205744 ], [ 7.198123062646039, 51.28166733878092 ], [ 7.199126238386336, 51.281682776764896 ], [ 7.200129415015642, 51.28169820615765 ], [ 7.201132592533458, 51.281713626959181 ], [ 7.202135770939297, 51.281729039169456 ], [ 7.203138950232662, 51.281744442788458 ], [ 7.204142130413058, 51.281759837816175 ], [ 7.205145311479992, 51.281775224252584 ], [ 7.206148493432972, 51.281790602097658 ], [ 7.207151676271502, 51.28180597135141 ], [ 7.20815485999509, 51.281821332013784 ], [ 7.208130373187722, 51.282450468389612 ], [ 7.209133571487218, 51.282465820803822 ], [ 7.209158044603239, 51.281836684084801 ], [ 7.210161230095459, 51.281852027564412 ], [ 7.211164416471254, 51.281867362452601 ], [ 7.211139970738052, 51.28249649985748 ], [ 7.2121431716884, 51.282511826496886 ], [ 7.212118738764041, 51.283140964168034 ], [ 7.213121954289027, 51.283156282558252 ], [ 7.214125170696192, 51.283171592356624 ], [ 7.215128387985041, 51.283186893563119 ], [ 7.216131606155079, 51.283202186177739 ], [ 7.216107227118308, 51.283831325141243 ], [ 7.217110459861714, 51.283846609505652 ], [ 7.217086093637369, 51.284475748734536 ], [ 7.218089340954223, 51.284491024848343 ], [ 7.218064987543295, 51.285120164342459 ], [ 7.218040633252532, 51.285749303760262 ], [ 7.218016278081894, 51.286378443101789 ], [ 7.217991922031337, 51.287007582367011 ], [ 7.217967565100823, 51.287636721555941 ], [ 7.218970881771117, 51.287651990784163 ], [ 7.218946537656814, 51.288281130238168 ], [ 7.21994986890287, 51.288296391214267 ], [ 7.220953201027982, 51.288311643596884 ], [ 7.221956534031654, 51.288326887385956 ], [ 7.222959867913391, 51.288342122581504 ], [ 7.22298415724243, 51.28771298176391 ], [ 7.223008445693937, 51.287083840870075 ], [ 7.223032733267956, 51.28645469989997 ], [ 7.223057019964525, 51.285825558853631 ], [ 7.22308130578369, 51.285196417731051 ], [ 7.223105590725493, 51.284567276532222 ], [ 7.224108843313688, 51.284582501091833 ], [ 7.224084572065837, 51.28521164263104 ], [ 7.225087839224853, 51.285226858938394 ], [ 7.225112096778711, 51.284597717059022 ], [ 7.226115351120069, 51.284612924433766 ], [ 7.226091107260245, 51.285242066653133 ], [ 7.22606686252454, 51.28587120879628 ], [ 7.227070145130384, 51.285886408258165 ], [ 7.228073428611656, 51.285901599127179 ], [ 7.228097645958179, 51.285272456304611 ], [ 7.228121862429809, 51.284643313405844 ], [ 7.228146078026588, 51.284014170430865 ], [ 7.229149321300317, 51.28402935168878 ], [ 7.229173522329113, 51.283400208298211 ], [ 7.229197722483634, 51.282771064831451 ], [ 7.229221921763924, 51.282141921288499 ], [ 7.230225124833813, 51.282157092936501 ], [ 7.231228328777399, 51.282172255992741 ], [ 7.231204156881602, 51.282801400213877 ], [ 7.23117998411256, 51.283430544358829 ], [ 7.232183216314461, 51.283445699500881 ], [ 7.232159056365428, 51.284074843908478 ], [ 7.232134895543561, 51.284703988239897 ], [ 7.232110733848818, 51.285333132495154 ], [ 7.232086571281159, 51.285962276674255 ], [ 7.231083284303108, 51.285947120176864 ], [ 7.231059107167217, 51.286576263940944 ], [ 7.23103492915783, 51.287205407628839 ], [ 7.231010750274908, 51.287834551240564 ], [ 7.230986570518407, 51.288463694776112 ], [ 7.230962389888288, 51.289092838235483 ], [ 7.230938208384508, 51.289721981618683 ], [ 7.231941577541601, 51.28973714014932 ], [ 7.232944947571904, 51.289752290085872 ], [ 7.233948318474922, 51.289767431428288 ], [ 7.233972458885349, 51.289138287028969 ], [ 7.234975816962719, 51.289153419438932 ], [ 7.235979175911771, 51.289168543254924 ], [ 7.236982535732015, 51.289183658476944 ], [ 7.236958436415315, 51.289812803890662 ], [ 7.237961810804246, 51.289827910856424 ], [ 7.237937724315294, 51.290457056531785 ], [ 7.238941113272996, 51.290472155240906 ], [ 7.238917039612781, 51.291101301177719 ], [ 7.239920443139338, 51.291116391629807 ], [ 7.239896382308849, 51.291745537827914 ], [ 7.240899800404341, 51.291760620022579 ], [ 7.241903219368717, 51.291775693622405 ], [ 7.242906639201485, 51.291790758627378 ], [ 7.242930658933052, 51.291161611418254 ], [ 7.243934065933991, 51.291176667491733 ], [ 7.243958071098477, 51.290547519869918 ], [ 7.244961465267508, 51.29056256701228 ], [ 7.244985455865899, 51.289933418977988 ], [ 7.243982075395643, 51.289918372172053 ], [ 7.244006078825532, 51.289289224398125 ], [ 7.243002712920794, 51.289274169334469 ], [ 7.243026729181191, 51.288645021821083 ], [ 7.24202337784189, 51.288629958500081 ], [ 7.242047406931809, 51.288000811247414 ], [ 7.242071435153586, 51.287371663918648 ], [ 7.241068112076311, 51.287356592677696 ], [ 7.241092153126167, 51.286727445609785 ], [ 7.24111619330747, 51.286098298465816 ], [ 7.242119488992877, 51.286113369032897 ], [ 7.243122785546302, 51.286128431006851 ], [ 7.243146797468665, 51.28549928311314 ], [ 7.244150081194339, 51.285514336157426 ], [ 7.244174078554439, 51.28488518785111 ], [ 7.24419807504759, 51.284256039468737 ], [ 7.244222070673835, 51.283626891010314 ], [ 7.244246065433216, 51.282997742475835 ], [ 7.244270059325773, 51.282368593865293 ], [ 7.243266844069066, 51.282353542503586 ], [ 7.24329085078715, 51.281724394153478 ], [ 7.243314856638, 51.281095245727315 ], [ 7.242311669632615, 51.281080186446957 ], [ 7.242335688307553, 51.280451038281392 ], [ 7.242359706114845, 51.279821890039742 ], [ 7.242383723054531, 51.279192741722035 ], [ 7.242407739126652, 51.278563593328236 ], [ 7.243410871369873, 51.278578651261988 ], [ 7.244414004480124, 51.278593700604922 ], [ 7.245417138456907, 51.278608741356976 ], [ 7.246420273299734, 51.27862377351817 ], [ 7.246396311987062, 51.279252923257339 ], [ 7.2463723498088, 51.279882072920479 ], [ 7.245369187585631, 51.279867040087169 ], [ 7.245345210850828, 51.280496189338187 ], [ 7.245321233249861, 51.281125338513171 ], [ 7.246324422855345, 51.281140372018633 ], [ 7.24630045808007, 51.281769521453668 ], [ 7.246276492439043, 51.282398670812654 ], [ 7.247279710294617, 51.282413696398287 ], [ 7.248282929015491, 51.282428713391845 ], [ 7.248258989894568, 51.28305786334645 ], [ 7.24926222317326, 51.283072872083466 ], [ 7.249238296880994, 51.283702022297582 ], [ 7.250241544717586, 51.283717022777672 ], [ 7.25124479341808, 51.283732014665269 ], [ 7.25224804298198, 51.283746997960336 ], [ 7.253251293408794, 51.283761972662887 ], [ 7.25322742102854, 51.284391124141301 ], [ 7.254230686011977, 51.284406090585897 ], [ 7.254206826463963, 51.285035242322941 ], [ 7.255210106004105, 51.285050200509176 ], [ 7.256213386405761, 51.285065150102454 ], [ 7.256237218564255, 51.284435997696775 ], [ 7.256261049861773, 51.283806845215146 ], [ 7.256284880298352, 51.283177692657574 ], [ 7.256308709874037, 51.282548540024045 ], [ 7.257311936360389, 51.282563479688278 ], [ 7.258315163707102, 51.282578410760273 ], [ 7.259318391913683, 51.282593333240008 ], [ 7.25929460341814, 51.283222486874969 ], [ 7.259270814063184, 51.283851640433994 ], [ 7.259247023848772, 51.284480793917112 ], [ 7.260250293996594, 51.284495708804883 ], [ 7.261253565003417, 51.284510615099798 ], [ 7.261229801319442, 51.285139769173696 ], [ 7.2622330868798, 51.285154667208808 ], [ 7.26323637329821, 51.285169556650828 ], [ 7.264239660574184, 51.285184437499744 ], [ 7.264263383172959, 51.284555282427206 ], [ 7.265266657610849, 51.284570154350497 ], [ 7.26626993290527, 51.284585017680854 ], [ 7.266246237696831, 51.285214173418176 ], [ 7.26724952754252, 51.285229028487677 ], [ 7.267273209055727, 51.284599872418227 ], [ 7.267296889713392, 51.28397071627294 ], [ 7.267320569515554, 51.283341560051809 ], [ 7.267344248462254, 51.282712403754815 ], [ 7.268347484385407, 51.282727248903505 ], [ 7.269350721163487, 51.282742085459788 ], [ 7.269374371868135, 51.282112928423395 ], [ 7.270377595807272, 51.282127756055729 ], [ 7.270401231964646, 51.281498598612004 ], [ 7.270424867268164, 51.280869441092477 ], [ 7.270448501717864, 51.280240283497115 ], [ 7.271451685433613, 51.280255101543318 ], [ 7.271475305338095, 51.279625943540871 ], [ 7.271498924389336, 51.278996785462617 ], [ 7.272502081575897, 51.279011594254968 ], [ 7.272525686083443, 51.278382435769835 ], [ 7.271522542587376, 51.27836762730854 ], [ 7.271546159932256, 51.27773846907867 ], [ 7.270543030979308, 51.277723652357487 ], [ 7.269539902879973, 51.277708827045387 ], [ 7.269563546750622, 51.277079669402355 ], [ 7.26856043319478, 51.27706483583097 ], [ 7.268584089900253, 51.276435678443725 ], [ 7.268607745751205, 51.275806520980623 ], [ 7.267604660427129, 51.275791679482133 ], [ 7.266601575958028, 51.275776829393337 ], [ 7.265598492344391, 51.275761970714278 ], [ 7.264595409586716, 51.275747103444935 ], [ 7.263592327685495, 51.275732227585351 ], [ 7.262589246641222, 51.275717343135547 ], [ 7.261586166454392, 51.275702450095537 ], [ 7.260583087125497, 51.275687548465321 ], [ 7.260559321768837, 51.276316703268705 ], [ 7.259556229610343, 51.276301792715003 ], [ 7.259580008655032, 51.275672638244934 ], [ 7.259603786840799, 51.275043483698965 ], [ 7.258600722916752, 51.275028565221916 ], [ 7.257597659852081, 51.275013638154938 ], [ 7.257621464552927, 51.27438448420024 ], [ 7.256618416035044, 51.274369548877196 ], [ 7.256642233562487, 51.27374039518044 ], [ 7.255639199591312, 51.273725451601742 ], [ 7.255663029944365, 51.273096298163104 ], [ 7.254660010519816, 51.27308134632915 ], [ 7.253656991956497, 51.273066385905885 ], [ 7.252653974254897, 51.273051416893331 ], [ 7.252630102844418, 51.273680569328654 ], [ 7.251627072319305, 51.27366559139201 ], [ 7.250624042656944, 51.273650604865914 ], [ 7.249621013857826, 51.2736356097504 ], [ 7.24959710052655, 51.274264761104661 ], [ 7.248594058905071, 51.274249757064339 ], [ 7.247591018147864, 51.274234744434395 ], [ 7.246587978255424, 51.274219723214912 ], [ 7.246611932644869, 51.273590572867455 ], [ 7.245608907303662, 51.273575543394379 ], [ 7.244605882828167, 51.273560505331986 ], [ 7.244629863723316, 51.272931355580631 ], [ 7.243626853799422, 51.272916309265263 ], [ 7.242623844742188, 51.272901254360782 ], [ 7.242599836476284, 51.273530403439231 ], [ 7.241596814600884, 51.27351533960892 ], [ 7.241572791781978, 51.274144488274551 ], [ 7.240569757088497, 51.274129415518004 ], [ 7.239566723263236, 51.274114334172033 ], [ 7.239542672204121, 51.27474348208748 ], [ 7.238539625561396, 51.274728391814733 ], [ 7.238563690306691, 51.274099244236631 ], [ 7.238587754182777, 51.273470096582415 ], [ 7.237584735781083, 51.273454998395103 ], [ 7.237608812473153, 51.272825851002281 ], [ 7.23660580862623, 51.272810744563479 ], [ 7.236629898133297, 51.272181597432223 ], [ 7.23562690884106, 51.272166482742314 ], [ 7.235651011162137, 51.2715373358728 ], [ 7.235675112612689, 51.270908188927173 ], [ 7.234672151558601, 51.270893066324604 ], [ 7.234696265821724, 51.270263919640861 ], [ 7.23569921319276, 51.270279041905397 ], [ 7.23572331290239, 51.269649894807472 ], [ 7.23574741174162, 51.269020747633427 ], [ 7.235771509710493, 51.268391600383239 ], [ 7.23579560680905, 51.26776245305691 ], [ 7.235819703037331, 51.267133305654454 ], [ 7.234816824074155, 51.267118185080029 ], [ 7.233813945981706, 51.267103055918383 ], [ 7.233838068699897, 51.266473909115952 ], [ 7.232835205158677, 51.266458771705459 ], [ 7.231832342489128, 51.266443625707957 ], [ 7.230829480691748, 51.26642847112349 ], [ 7.230805316933655, 51.267057616910201 ], [ 7.230781152302865, 51.267686762620741 ], [ 7.23075698679933, 51.26831590825509 ], [ 7.230732820423014, 51.268945053813262 ], [ 7.229729904775793, 51.268929889285943 ], [ 7.229705723844792, 51.269559034428944 ], [ 7.228702795389074, 51.269543860974728 ], [ 7.228678599902405, 51.270173005702347 ], [ 7.227675658638272, 51.270157823320858 ], [ 7.227651448594945, 51.27078696763288 ], [ 7.227627237677188, 51.271416111868689 ], [ 7.227603025884961, 51.272045256028299 ], [ 7.226600044445576, 51.27203006403996 ], [ 7.226575818094634, 51.272659207783754 ], [ 7.226551590868644, 51.273288351451306 ], [ 7.225548582935454, 51.273273150194747 ], [ 7.224545575877849, 51.273257940349183 ], [ 7.224569830473103, 51.272628797361435 ], [ 7.223566837976141, 51.272613579267102 ], [ 7.222563846355712, 51.272598352583984 ], [ 7.221560855612303, 51.272583117312131 ], [ 7.221585150383623, 51.271953975269277 ], [ 7.221609444277468, 51.271324833150132 ], [ 7.222612407653386, 51.271340067740866 ], [ 7.222636686986792, 51.270710925204924 ], [ 7.223639637556603, 51.270726150866935 ], [ 7.224642589002816, 51.270741367940744 ], [ 7.22564554132494, 51.270756576426358 ], [ 7.226648494522481, 51.270771776323741 ], [ 7.226672718248526, 51.270142632351288 ], [ 7.226696941099692, 51.269513488302636 ], [ 7.226721163076016, 51.268884344177749 ], [ 7.226745384177542, 51.26825519997665 ], [ 7.226769604404311, 51.267626055699331 ], [ 7.225766719615227, 51.267610857500713 ], [ 7.225790952647491, 51.266981713486913 ], [ 7.225815184804588, 51.266352569396865 ], [ 7.224812328250559, 51.266337363290823 ], [ 7.22380947257215, 51.266322148597915 ], [ 7.223833731212447, 51.265693005111636 ], [ 7.222830890089249, 51.265677782172169 ], [ 7.221828049842613, 51.265662550646063 ], [ 7.220825210473036, 51.265647310533332 ], [ 7.219822371981009, 51.265632061833998 ], [ 7.219798058624565, 51.266261203957988 ], [ 7.219773744390034, 51.266890346005688 ], [ 7.218770879417693, 51.266875088037665 ], [ 7.218746550625116, 51.267504229668013 ], [ 7.217743672851515, 51.267488962771772 ], [ 7.217719329499905, 51.26811810398457 ], [ 7.216716438925134, 51.268102828159726 ], [ 7.21571354923005, 51.268087543747598 ], [ 7.214710660415152, 51.26807225074819 ], [ 7.214735044807624, 51.267443110560365 ], [ 7.214759428319461, 51.266813970296212 ], [ 7.213756567745153, 51.266798669393602 ], [ 7.213780964055613, 51.266169529395135 ], [ 7.212778118041567, 51.26615422024787 ], [ 7.212802527149663, 51.265525080515268 ], [ 7.211799695695796, 51.265509763123745 ], [ 7.210796865123918, 51.265494437145776 ], [ 7.209794035434524, 51.265479102581381 ], [ 7.208791206628106, 51.265463759430581 ], [ 7.208766742805702, 51.266092897792468 ], [ 7.207763901204282, 51.266077545712108 ], [ 7.207739422819403, 51.266706683654441 ], [ 7.206736568423064, 51.266691322644164 ], [ 7.205733714911266, 51.266675953047148 ], [ 7.205709208283548, 51.267305090226145 ], [ 7.205684700770756, 51.26793422732873 ], [ 7.204681820784833, 51.267918848457477 ], [ 7.204706341977451, 51.267289711698645 ], [ 7.203703476556921, 51.267274324584271 ], [ 7.203728010543261, 51.266645188092966 ], [ 7.202725159688042, 51.266629792735827 ], [ 7.201722309719336, 51.266614388792036 ], [ 7.201746870177121, 51.265985252912756 ], [ 7.200744034774092, 51.265969840726818 ], [ 7.200768608023091, 51.265340705115591 ], [ 7.200793180384673, 51.264711569427888 ], [ 7.199790373224877, 51.264696149344893 ], [ 7.198787566952948, 51.264680720675855 ], [ 7.197784761569378, 51.264665283420797 ], [ 7.19678195707466, 51.264649837579725 ], [ 7.196757330002765, 51.26527897188754 ], [ 7.195754512719922, 51.265263517115045 ], [ 7.194751696326959, 51.265248053756387 ], [ 7.193748880824371, 51.265232581811581 ], [ 7.193724211829318, 51.265861715005933 ], [ 7.19272138353976, 51.265846234128965 ], [ 7.192696699975463, 51.266475366900757 ], [ 7.191693858899018, 51.266459877091265 ], [ 7.190691018714512, 51.266444378695297 ], [ 7.19066630690125, 51.267073510697863 ], [ 7.189663453930478, 51.267058003368803 ], [ 7.18968817942244, 51.266428871712883 ], [ 7.188685341023293, 51.266413356144014 ], [ 7.187682503517562, 51.266397831988748 ], [ 7.187707255472879, 51.265768700950062 ], [ 7.186704432539139, 51.265753168555584 ], [ 7.186729197278172, 51.265124037787494 ], [ 7.186753961122883, 51.264494906942829 ], [ 7.186778724073316, 51.263865776021568 ], [ 7.186803486129516, 51.263236645023703 ], [ 7.185800718797345, 51.263221105432486 ], [ 7.185825493634921, 51.262591974705359 ], [ 7.185850267577851, 51.261962843901657 ], [ 7.184847528490925, 51.261947296420082 ], [ 7.183844790299092, 51.261931740353518 ], [ 7.182842053002844, 51.261916175701948 ], [ 7.182817238034941, 51.262545305462517 ], [ 7.181814487959868, 51.262529731877898 ], [ 7.181789658420445, 51.263158861213746 ], [ 7.181764827984362, 51.263787990472927 ], [ 7.180762051454701, 51.263772407606574 ] ], [ [ 7.228218719568226, 51.282126741048742 ], [ 7.227215518247212, 51.282111552217259 ], [ 7.227239744036648, 51.281482409277039 ], [ 7.228242931666013, 51.281497597768968 ], [ 7.22924612017002, 51.281512777669356 ], [ 7.229221921763924, 51.282141921288499 ], [ 7.228218719568226, 51.282126741048742 ] ], [ [ 7.242431754331252, 51.27793444485836 ], [ 7.24142863664482, 51.277919378670589 ], [ 7.241452664670709, 51.27729023046146 ], [ 7.241476691828667, 51.276661082176233 ], [ 7.242479782138049, 51.276676147690416 ], [ 7.242455768668372, 51.277305296312427 ], [ 7.242431754331252, 51.27793444485836 ] ], [ [ 7.240473602387176, 51.276646008071843 ], [ 7.240497642364983, 51.276016860047527 ], [ 7.241500718118729, 51.276031933814949 ], [ 7.241476691828667, 51.276661082176233 ], [ 7.240473602387176, 51.276646008071843 ] ], [ [ 7.233548538571959, 51.274023665718765 ], [ 7.232545510838066, 51.274008524247151 ], [ 7.232569656827398, 51.273379378620923 ], [ 7.233572670875851, 51.273394519754049 ], [ 7.233548538571959, 51.274023665718765 ] ] ], [ [ [ 7.168956290193347, 51.283103268439334 ], [ 7.16893126674482, 51.28373239105003 ], [ 7.169934471250802, 51.283748079574323 ], [ 7.169909460589942, 51.284377202458984 ], [ 7.17091267969113, 51.28439288274236 ], [ 7.171915899695367, 51.284408554434052 ], [ 7.172919120602161, 51.284424217534067 ], [ 7.173922342411013, 51.284439872042363 ], [ 7.173947298304795, 51.283810747756689 ], [ 7.174950507323337, 51.283826393323487 ], [ 7.174975448624211, 51.283197268611339 ], [ 7.175000389024096, 51.282568143822495 ], [ 7.175025328523039, 51.281939018956955 ], [ 7.175050267121079, 51.281309894014704 ], [ 7.174047112865107, 51.281294249846901 ], [ 7.174072064251697, 51.280665125177691 ], [ 7.173068924586443, 51.280649472769014 ], [ 7.172065785822991, 51.280633811769796 ], [ 7.172090763685971, 51.280004687723874 ], [ 7.171087639513602, 51.2799890184844 ], [ 7.170084516243979, 51.2799733406546 ], [ 7.169081393877601, 51.279957654234479 ], [ 7.169056374948391, 51.280586777228969 ], [ 7.168053239797091, 51.280571081867699 ], [ 7.168028206274954, 51.281200204434541 ], [ 7.168003171848503, 51.281829326924623 ], [ 7.167978136517693, 51.282458449337945 ], [ 7.168981312737928, 51.28247414575187 ], [ 7.168956290193347, 51.283103268439334 ] ] ], [ [ [ 7.166273221071805, 51.300058130904347 ], [ 7.165269663138855, 51.30004240746873 ], [ 7.165244574154125, 51.30067152695289 ], [ 7.166248145791456, 51.300687250740069 ], [ 7.167251718334931, 51.300702965930654 ], [ 7.167276779910856, 51.300073845743583 ], [ 7.166273221071805, 51.300058130904347 ] ] ], [ [ [ 7.212584507911968, 51.296997299543065 ], [ 7.213588025669244, 51.297012616873531 ], [ 7.213563599839595, 51.297641753473727 ], [ 7.214567132182937, 51.297657062550392 ], [ 7.214542719174592, 51.298286199416545 ], [ 7.214518305284049, 51.298915336206392 ], [ 7.214493890511266, 51.299544472919905 ], [ 7.213490317054582, 51.299529162816341 ], [ 7.213465887694081, 51.300158299111224 ], [ 7.213441457450763, 51.300787435329752 ], [ 7.214445058318816, 51.300802746117959 ], [ 7.214420640899064, 51.301431882602508 ], [ 7.215424256355949, 51.301447185135601 ], [ 7.21539985176075, 51.302076321885977 ], [ 7.216403481806552, 51.302091616163565 ], [ 7.217407112733814, 51.302106901843487 ], [ 7.218410744542041, 51.302122178925707 ], [ 7.218435108016099, 51.301493041150017 ], [ 7.219438726997666, 51.301508309293148 ], [ 7.219463075884661, 51.30087917109978 ], [ 7.219487423891763, 51.300250032830156 ], [ 7.220491016340405, 51.300265291693371 ], [ 7.220515349761969, 51.299636153006283 ], [ 7.220539682304218, 51.299007014242939 ], [ 7.219536117266459, 51.298991756062037 ], [ 7.219560462634136, 51.298362617563569 ], [ 7.2185569121808, 51.298347351127262 ], [ 7.218581270372915, 51.297718212893841 ], [ 7.217577734503918, 51.297702938202491 ], [ 7.216574199515593, 51.297687654914789 ], [ 7.216598584234741, 51.297058517288306 ], [ 7.216622968072764, 51.296429379585518 ], [ 7.216647351029707, 51.295800241806425 ], [ 7.215643858031691, 51.295784950948061 ], [ 7.215668253809651, 51.295155813434526 ], [ 7.21569264870612, 51.294526675844679 ], [ 7.216696114300509, 51.294541966019331 ], [ 7.216720494614454, 51.293912828011322 ], [ 7.215717042721135, 51.293897538178534 ], [ 7.215741435854742, 51.293268400436062 ], [ 7.214737998543366, 51.293253102350157 ], [ 7.214713591709224, 51.293882239750587 ], [ 7.214689183993179, 51.294511377074699 ], [ 7.213685720162185, 51.294496069709368 ], [ 7.213661297862714, 51.295125206614905 ], [ 7.212657821212721, 51.295109890311799 ], [ 7.212633384328835, 51.295739026798579 ], [ 7.211629894859926, 51.295723701557343 ], [ 7.211605443390638, 51.296352837625115 ], [ 7.211580991037795, 51.296981973616532 ], [ 7.212584507911968, 51.296997299543065 ] ] ], [ [ [ 7.219008316637822, 51.234773514563258 ], [ 7.218984018946903, 51.235402659743706 ], [ 7.21895972037896, 51.236031804847833 ], [ 7.219961914762534, 51.236047054692349 ], [ 7.220964110022683, 51.236062295959307 ], [ 7.221966306158918, 51.2360775286487 ], [ 7.222968503170741, 51.23609275276047 ], [ 7.223970701057665, 51.236107968294647 ], [ 7.224972899819196, 51.236123175251173 ], [ 7.225975099454843, 51.236138373630055 ], [ 7.226977299964108, 51.236153563431259 ], [ 7.226953109766123, 51.236782711180197 ], [ 7.227955324804587, 51.236797892743006 ], [ 7.227979501346508, 51.236168744654783 ], [ 7.228981703601542, 51.236183917300615 ], [ 7.229005865615211, 51.235554768797101 ], [ 7.230008055086738, 51.235569932526325 ], [ 7.230032202573137, 51.234940783607733 ], [ 7.229030026756774, 51.234925620217389 ], [ 7.229054187026277, 51.234296471561471 ], [ 7.228052025736606, 51.234281299932839 ], [ 7.228076198788224, 51.233652151539765 ], [ 7.228100370967368, 51.233023003070478 ], [ 7.227098237857915, 51.23300782354319 ], [ 7.22712242281774, 51.232378675336903 ], [ 7.22612030423428, 51.232363487572293 ], [ 7.226144501973804, 51.231734339629192 ], [ 7.225142397916255, 51.231719143627664 ], [ 7.224140294732529, 51.231703939049815 ], [ 7.224116069687972, 51.23233308631356 ], [ 7.224091843769056, 51.232962233501034 ], [ 7.225093974258267, 51.232977438758446 ], [ 7.225069761118432, 51.233606586209476 ], [ 7.224067616975742, 51.233591380612253 ], [ 7.223065473707494, 51.233576166438162 ], [ 7.222063331314178, 51.233560943687223 ], [ 7.222087585414327, 51.232931797256185 ], [ 7.221085457549791, 51.232916566268784 ], [ 7.220083330561129, 51.232901326704763 ], [ 7.220059049154312, 51.233530472454859 ], [ 7.219056909388747, 51.23351522397347 ], [ 7.219032613451755, 51.23414436930652 ], [ 7.219008316637822, 51.234773514563258 ] ] ], [ [ [ 7.245796997746784, 51.294981642024567 ], [ 7.245773013915411, 51.29561078978675 ], [ 7.245749029217378, 51.296239937472919 ], [ 7.245725043652643, 51.296869085083038 ], [ 7.246728576570598, 51.296884118397145 ], [ 7.246704603843416, 51.297513266267359 ], [ 7.246680630249945, 51.29814241406153 ], [ 7.247684191443318, 51.298157439451046 ], [ 7.247660230688842, 51.298786587505148 ], [ 7.247636269068488, 51.299415735483244 ], [ 7.247612306582215, 51.300044883385311 ], [ 7.247588343229981, 51.300674031211365 ], [ 7.247564379011746, 51.301303178961398 ], [ 7.248568009602741, 51.301318197432934 ], [ 7.248544058226305, 51.301947345442763 ], [ 7.249547703390731, 51.301962355652073 ], [ 7.249571641059286, 51.301333207306634 ], [ 7.250575273380884, 51.301348208582461 ], [ 7.250599196476955, 51.30071905982561 ], [ 7.25160281595564, 51.300734052168323 ], [ 7.25162672448022, 51.300104903000239 ], [ 7.252630331115912, 51.300119886410215 ], [ 7.252654225069988, 51.29949073683116 ], [ 7.253657818862606, 51.299505711308761 ], [ 7.253681698247166, 51.298876561318899 ], [ 7.253705576768819, 51.298247411253094 ], [ 7.254709144012662, 51.298262376464095 ], [ 7.25571271211888, 51.298277333078111 ], [ 7.255736562367382, 51.297648182267309 ], [ 7.255760411754043, 51.297019031380557 ], [ 7.256763953312233, 51.297033978729125 ], [ 7.257767495731724, 51.297048917481035 ], [ 7.258771039012026, 51.297063847636274 ], [ 7.258747230739609, 51.29769299952509 ], [ 7.258723421606838, 51.298322151337963 ], [ 7.258699611613672, 51.298951303074929 ], [ 7.258675800760066, 51.299580454735981 ], [ 7.259679399722971, 51.299595377629132 ], [ 7.259655601715698, 51.300224529547918 ], [ 7.260659215245439, 51.300239444177087 ], [ 7.261662829634708, 51.300254350208576 ], [ 7.26168660022824, 51.299625197623023 ], [ 7.261710369962779, 51.298996044961555 ], [ 7.261734138838364, 51.298366892224223 ], [ 7.261757906855036, 51.297737739410984 ], [ 7.261781674012837, 51.297108586521858 ], [ 7.260778128153076, 51.297093682156714 ], [ 7.260801908156465, 51.296464529524933 ], [ 7.260825687300568, 51.295835376817237 ], [ 7.259822169708392, 51.295820464522237 ], [ 7.259845961696639, 51.29519131207207 ], [ 7.259869752825192, 51.294562159545997 ], [ 7.259893543094085, 51.293933006944002 ], [ 7.258890067470205, 51.293918087053477 ], [ 7.25891387058135, 51.29328893470916 ], [ 7.258937672832425, 51.292659782288901 ], [ 7.257934225471805, 51.292644854470197 ], [ 7.256930778971709, 51.29262991805615 ], [ 7.256954607764383, 51.292000766227694 ], [ 7.255951175826056, 51.291985821552494 ], [ 7.255975017458013, 51.291356669982214 ], [ 7.254971600081372, 51.291341717046244 ], [ 7.253968183566654, 51.291326755515371 ], [ 7.252964767914353, 51.291311785389638 ], [ 7.251961353124964, 51.291296806669052 ], [ 7.251937456692387, 51.291925956900883 ], [ 7.250934029066351, 51.291910969250374 ], [ 7.249930602304258, 51.291895973004848 ], [ 7.248927176406599, 51.291880968164328 ], [ 7.247923751373871, 51.291865954728841 ], [ 7.247947702606413, 51.291236805838508 ], [ 7.246944292138997, 51.291221784143922 ], [ 7.246920327206569, 51.291850932698395 ], [ 7.24689636140822, 51.292480081176834 ], [ 7.245892924406494, 51.292465050215398 ], [ 7.245868944041352, 51.293094198281743 ], [ 7.245844962809713, 51.293723346272053 ], [ 7.244841499272359, 51.293708306042973 ], [ 7.244817503472401, 51.294337453620962 ], [ 7.24479350680537, 51.294966601122908 ], [ 7.245796997746784, 51.294981642024567 ] ] ], [ [ [ 7.250455644931317, 51.304493951226846 ], [ 7.251459346662243, 51.304508945581041 ], [ 7.251483260371576, 51.303879796868884 ], [ 7.250479572350594, 51.303864802849944 ], [ 7.250455644931317, 51.304493951226846 ] ] ], [ [ [ 7.254446583596618, 51.305183026691225 ], [ 7.254422709291748, 51.305812176256133 ], [ 7.255426441898486, 51.305827136883799 ], [ 7.256430175367595, 51.305842088912122 ], [ 7.256406327623084, 51.30647123906995 ], [ 7.257410075665747, 51.306486182833083 ], [ 7.257386240771486, 51.307115333249122 ], [ 7.258390003387782, 51.30713026874669 ], [ 7.258413824569832, 51.306501117996689 ], [ 7.259417574334847, 51.306516044560723 ], [ 7.25944138094421, 51.305886893401045 ], [ 7.260445117857862, 51.305901811031937 ], [ 7.26046890989553, 51.305272659462787 ], [ 7.26049270107334, 51.304643507817723 ], [ 7.259488991581798, 51.304628590853959 ], [ 7.259512795610104, 51.303999439466537 ], [ 7.258509100689148, 51.303984514237492 ], [ 7.25853291756696, 51.30335536310789 ], [ 7.257529237216504, 51.303340429613975 ], [ 7.256525557727267, 51.303325487521469 ], [ 7.255521879099744, 51.303310536830395 ], [ 7.255498021092844, 51.303939686957662 ], [ 7.254494329617917, 51.303924727333538 ], [ 7.254470457038661, 51.304553877050353 ], [ 7.254446583596618, 51.305183026691225 ] ] ], [ [ [ 7.254183918778562, 51.312103667727555 ], [ 7.255187788523497, 51.312118631700919 ], [ 7.256191659131213, 51.312133587073049 ], [ 7.257195530601218, 51.312148533843917 ], [ 7.258199402933018, 51.312163472013502 ], [ 7.258223231003977, 51.311534321870873 ], [ 7.259227090480864, 51.311549251105333 ], [ 7.260230950818511, 51.311564171738674 ], [ 7.260254750596739, 51.310935020852639 ], [ 7.260278549514741, 51.310305869890719 ], [ 7.259274716608113, 51.310290949924649 ], [ 7.259298528380697, 51.309661799220436 ], [ 7.258294710049475, 51.309646870987471 ], [ 7.25831853467565, 51.309017720541149 ], [ 7.257314730919753, 51.309002784041652 ], [ 7.256310928025443, 51.308987838941832 ], [ 7.255307125993217, 51.308972885241708 ], [ 7.25430332482357, 51.30895792294131 ], [ 7.254279445340879, 51.309587072050469 ], [ 7.253275631320279, 51.309572100815039 ], [ 7.253251737259951, 51.310201249513469 ], [ 7.253227842335975, 51.310830398135934 ], [ 7.253203946548308, 51.311459546682428 ], [ 7.254207801713956, 51.311474518922218 ], [ 7.254183918778562, 51.312103667727555 ] ] ] ] } }
]
}
